[
  {
    "epoch": 1,
    "k": 2,
    "seed": 44,
    "train_loss": 2.217937176184886,
    "train_acc": 0.1745484335038363,
    "test_loss": 2.0902633666992188,
    "test_acc": 0.222
  },
  {
    "epoch": 2,
    "k": 2,
    "seed": 44,
    "train_loss": 1.9856507323891914,
    "train_acc": 0.2526214833759591,
    "test_loss": 1.9043638706207275,
    "test_acc": 0.2765
  },
  {
    "epoch": 3,
    "k": 2,
    "seed": 44,
    "train_loss": 1.8588033015160914,
    "train_acc": 0.29952046035805624,
    "test_loss": 1.8100537061691284,
    "test_acc": 0.3191
  },
  {
    "epoch": 4,
    "k": 2,
    "seed": 44,
    "train_loss": 1.7874454805613174,
    "train_acc": 0.3243566176470588,
    "test_loss": 1.7542345523834229,
    "test_acc": 0.3372
  },
  {
    "epoch": 5,
    "k": 2,
    "seed": 44,
    "train_loss": 1.7459017056638322,
    "train_acc": 0.3393662084398977,
    "test_loss": 1.7272582054138184,
    "test_acc": 0.3487
  },
  {
    "epoch": 6,
    "k": 2,
    "seed": 44,
    "train_loss": 1.714445077549771,
    "train_acc": 0.3544197570332481,
    "test_loss": 1.6941039562225342,
    "test_acc": 0.3592
  },
  {
    "epoch": 7,
    "k": 2,
    "seed": 44,
    "train_loss": 1.6902851625476651,
    "train_acc": 0.36361093350383633,
    "test_loss": 1.671952486038208,
    "test_acc": 0.3692
  },
  {
    "epoch": 8,
    "k": 2,
    "seed": 44,
    "train_loss": 1.6669247552866826,
    "train_acc": 0.3764186381074169,
    "test_loss": 1.6483410596847534,
    "test_acc": 0.3808
  },
  {
    "epoch": 9,
    "k": 2,
    "seed": 44,
    "train_loss": 1.6456323633413485,
    "train_acc": 0.3828924232736573,
    "test_loss": 1.6279407739639282,
    "test_acc": 0.3911
  },
  {
    "epoch": 10,
    "k": 2,
    "seed": 44,
    "train_loss": 1.624921985904274,
    "train_acc": 0.39251518542199487,
    "test_loss": 1.6091597080230713,
    "test_acc": 0.4006
  },
  {
    "epoch": 11,
    "k": 2,
    "seed": 44,
    "train_loss": 1.6046930737507619,
    "train_acc": 0.40218190537084403,
    "test_loss": 1.5878300666809082,
    "test_acc": 0.4143
  },
  {
    "epoch": 12,
    "k": 2,
    "seed": 44,
    "train_loss": 1.581506968459205,
    "train_acc": 0.4126238810741688,
    "test_loss": 1.5663738250732422,
    "test_acc": 0.42
  }
]