[
  {
    "epoch": 1,
    "k": 3,
    "seed": 45,
    "train_loss": 2.1095150651224435,
    "train_acc": 0.2151734335038363,
    "test_loss": 1.9097325801849365,
    "test_acc": 0.3033
  },
  {
    "epoch": 2,
    "k": 3,
    "seed": 45,
    "train_loss": 1.8012249908788736,
    "train_acc": 0.3343390345268542,
    "test_loss": 1.723164439201355,
    "test_acc": 0.3611
  },
  {
    "epoch": 3,
    "k": 3,
    "seed": 45,
    "train_loss": 1.6717100939177492,
    "train_acc": 0.38138986572890027,
    "test_loss": 1.6407837867736816,
    "test_acc": 0.3927
  },
  {
    "epoch": 4,
    "k": 3,
    "seed": 45,
    "train_loss": 1.5968388444017572,
    "train_acc": 0.41089354219948854,
    "test_loss": 1.5841585397720337,
    "test_acc": 0.4155
  },
  {
    "epoch": 5,
    "k": 3,
    "seed": 45,
    "train_loss": 1.5434294951236462,
    "train_acc": 0.4330802429667519,
    "test_loss": 1.545956015586853,
    "test_acc": 0.4314
  }
]