[
  {
    "epoch": 1,
    "k": 2,
    "seed": 45,
    "train_loss": 2.199451664524615,
    "train_acc": 0.1763387148337596,
    "test_loss": 2.0628440380096436,
    "test_acc": 0.2473
  },
  {
    "epoch": 2,
    "k": 2,
    "seed": 45,
    "train_loss": 1.972575727326181,
    "train_acc": 0.26340313299232737,
    "test_loss": 1.8969084024429321,
    "test_acc": 0.2951
  },
  {
    "epoch": 3,
    "k": 2,
    "seed": 45,
    "train_loss": 1.8623251418018585,
    "train_acc": 0.3037204283887468,
    "test_loss": 1.817030668258667,
    "test_acc": 0.324
  },
  {
    "epoch": 4,
    "k": 2,
    "seed": 45,
    "train_loss": 1.7989037122263019,
    "train_acc": 0.32785326086956523,
    "test_loss": 1.764800786972046,
    "test_acc": 0.3516
  },
  {
    "epoch": 5,
    "k": 2,
    "seed": 45,
    "train_loss": 1.7490019648886093,
    "train_acc": 0.34781809462915597,
    "test_loss": 1.7234236001968384,
    "test_acc": 0.3686
  }
]