[
  {
    "epoch": 1,
    "k": 1,
    "seed": 44,
    "train_loss": 2.303815326422377,
    "train_acc": 0.1267063618925831,
    "test_loss": 2.256889581680298,
    "test_acc": 0.141
  },
  {
    "epoch": 2,
    "k": 1,
    "seed": 44,
    "train_loss": 2.1983550844899833,
    "train_acc": 0.17533567774936062,
    "test_loss": 2.1277222633361816,
    "test_acc": 0.2158
  },
  {
    "epoch": 3,
    "k": 1,
    "seed": 44,
    "train_loss": 2.0620138172603326,
    "train_acc": 0.23267263427109974,
    "test_loss": 1.9777079820632935,
    "test_acc": 0.2506
  },
  {
    "epoch": 4,
    "k": 1,
    "seed": 44,
    "train_loss": 1.9518184671011727,
    "train_acc": 0.2571531329923274,
    "test_loss": 1.9097989797592163,
    "test_acc": 0.2759
  },
  {
    "epoch": 5,
    "k": 1,
    "seed": 44,
    "train_loss": 1.9015016595420935,
    "train_acc": 0.27402493606138106,
    "test_loss": 1.8759331703186035,
    "test_acc": 0.2869
  },
  {
    "epoch": 6,
    "k": 1,
    "seed": 44,
    "train_loss": 1.8753044306469695,
    "train_acc": 0.28379955242966753,
    "test_loss": 1.8591341972351074,
    "test_acc": 0.2896
  },
  {
    "epoch": 7,
    "k": 1,
    "seed": 44,
    "train_loss": 1.8553250753666128,
    "train_acc": 0.29464114450127876,
    "test_loss": 1.8459638357162476,
    "test_acc": 0.2955
  },
  {
    "epoch": 8,
    "k": 1,
    "seed": 44,
    "train_loss": 1.842891763543229,
    "train_acc": 0.30040361253196934,
    "test_loss": 1.8340556621551514,
    "test_acc": 0.3058
  },
  {
    "epoch": 9,
    "k": 1,
    "seed": 44,
    "train_loss": 1.8297311430392058,
    "train_acc": 0.30903532608695655,
    "test_loss": 1.8225241899490356,
    "test_acc": 0.3114
  },
  {
    "epoch": 10,
    "k": 1,
    "seed": 44,
    "train_loss": 1.81864827612172,
    "train_acc": 0.31387468030690535,
    "test_loss": 1.8116265535354614,
    "test_acc": 0.3158
  },
  {
    "epoch": 11,
    "k": 1,
    "seed": 44,
    "train_loss": 1.8077816399162079,
    "train_acc": 0.31678788363171356,
    "test_loss": 1.8013719320297241,
    "test_acc": 0.3218
  },
  {
    "epoch": 12,
    "k": 1,
    "seed": 44,
    "train_loss": 1.7963374072633436,
    "train_acc": 0.32134351023017904,
    "test_loss": 1.7893708944320679,
    "test_acc": 0.3279
  }
]