[
  {
    "epoch": 1,
    "k": 1,
    "seed": 45,
    "train_loss": 2.2702377476655613,
    "train_acc": 0.12564737851662403,
    "test_loss": 2.175201654434204,
    "test_acc": 0.162
  },
  {
    "epoch": 2,
    "k": 1,
    "seed": 45,
    "train_loss": 2.1305527565119515,
    "train_acc": 0.19148417519181585,
    "test_loss": 2.074936628341675,
    "test_acc": 0.2148
  },
  {
    "epoch": 3,
    "k": 1,
    "seed": 45,
    "train_loss": 2.0480215954963508,
    "train_acc": 0.2265425191815857,
    "test_loss": 2.010497570037842,
    "test_acc": 0.2378
  },
  {
    "epoch": 4,
    "k": 1,
    "seed": 45,
    "train_loss": 2.0017796968255204,
    "train_acc": 0.24603180946291558,
    "test_loss": 1.975402593612671,
    "test_acc": 0.263
  },
  {
    "epoch": 5,
    "k": 1,
    "seed": 45,
    "train_loss": 1.9715939833380072,
    "train_acc": 0.26577685421994884,
    "test_loss": 1.9457836151123047,
    "test_acc": 0.282
  },
  {
    "epoch": 6,
    "k": 1,
    "seed": 45,
    "train_loss": 1.943849779455863,
    "train_acc": 0.27756553708439896,
    "test_loss": 1.9144171476364136,
    "test_acc": 0.2923
  },
  {
    "epoch": 7,
    "k": 1,
    "seed": 45,
    "train_loss": 1.9170805182298432,
    "train_acc": 0.28863890664961633,
    "test_loss": 1.8894423246383667,
    "test_acc": 0.3045
  },
  {
    "epoch": 8,
    "k": 1,
    "seed": 45,
    "train_loss": 1.8913710669178487,
    "train_acc": 0.2959638746803069,
    "test_loss": 1.8709732294082642,
    "test_acc": 0.3098
  },
  {
    "epoch": 9,
    "k": 1,
    "seed": 45,
    "train_loss": 1.867090327965329,
    "train_acc": 0.3072170716112532,
    "test_loss": 1.8438063859939575,
    "test_acc": 0.3251
  },
  {
    "epoch": 10,
    "k": 1,
    "seed": 45,
    "train_loss": 1.8452034469150826,
    "train_acc": 0.32207081202046034,
    "test_loss": 1.825993537902832,
    "test_acc": 0.3321
  },
  {
    "epoch": 11,
    "k": 1,
    "seed": 45,
    "train_loss": 1.8275978845708511,
    "train_acc": 0.329215952685422,
    "test_loss": 1.812295913696289,
    "test_acc": 0.3388
  },
  {
    "epoch": 12,
    "k": 1,
    "seed": 45,
    "train_loss": 1.815134218281797,
    "train_acc": 0.33215313299232735,
    "test_loss": 1.8034003973007202,
    "test_acc": 0.3399
  },
  {
    "epoch": 13,
    "k": 1,
    "seed": 45,
    "train_loss": 1.801555431407431,
    "train_acc": 0.3381393861892583,
    "test_loss": 1.7912729978561401,
    "test_acc": 0.344
  }
]