[
  {
    "epoch": 1,
    "k": 2,
    "seed": 46,
    "train_loss": 2.1739679120690623,
    "train_acc": 0.18088634910485935,
    "test_loss": 2.036228895187378,
    "test_acc": 0.2241
  },
  {
    "epoch": 2,
    "k": 2,
    "seed": 46,
    "train_loss": 1.9567322764555206,
    "train_acc": 0.24879715473145778,
    "test_loss": 1.900572657585144,
    "test_acc": 0.2658
  },
  {
    "epoch": 3,
    "k": 2,
    "seed": 46,
    "train_loss": 1.8646155260408017,
    "train_acc": 0.2849784207161125,
    "test_loss": 1.830960988998413,
    "test_acc": 0.3016
  },
  {
    "epoch": 4,
    "k": 2,
    "seed": 46,
    "train_loss": 1.8036421101416469,
    "train_acc": 0.3164122442455243,
    "test_loss": 1.7741466760635376,
    "test_acc": 0.3241
  },
  {
    "epoch": 5,
    "k": 2,
    "seed": 46,
    "train_loss": 1.757163646885806,
    "train_acc": 0.33676470588235297,
    "test_loss": 1.7377969026565552,
    "test_acc": 0.3442
  },
  {
    "epoch": 6,
    "k": 2,
    "seed": 46,
    "train_loss": 1.7212303730532945,
    "train_acc": 0.3521539322250639,
    "test_loss": 1.6978540420532227,
    "test_acc": 0.3599
  }
]