[
  {
    "epoch": 1,
    "k": 1,
    "seed": 43,
    "train_loss": 2.2901550650291735,
    "train_acc": 0.13248881074168797,
    "test_loss": 2.2657785415649414,
    "test_acc": 0.1597
  },
  {
    "epoch": 2,
    "k": 1,
    "seed": 43,
    "train_loss": 2.234287243060139,
    "train_acc": 0.1696611253196931,
    "test_loss": 2.204979181289673,
    "test_acc": 0.1788
  },
  {
    "epoch": 3,
    "k": 1,
    "seed": 43,
    "train_loss": 2.175550148615142,
    "train_acc": 0.18919037723785168,
    "test_loss": 2.1520659923553467,
    "test_acc": 0.1911
  },
  {
    "epoch": 4,
    "k": 1,
    "seed": 43,
    "train_loss": 2.1224679660309307,
    "train_acc": 0.20089913682864452,
    "test_loss": 2.1019527912139893,
    "test_acc": 0.2034
  },
  {
    "epoch": 5,
    "k": 1,
    "seed": 43,
    "train_loss": 2.0801539164979745,
    "train_acc": 0.21791480179028133,
    "test_loss": 2.064427137374878,
    "test_acc": 0.2239
  },
  {
    "epoch": 6,
    "k": 1,
    "seed": 43,
    "train_loss": 2.0476749879319955,
    "train_acc": 0.23720028772378515,
    "test_loss": 2.029954671859741,
    "test_acc": 0.2457
  },
  {
    "epoch": 7,
    "k": 1,
    "seed": 43,
    "train_loss": 2.0114026505623936,
    "train_acc": 0.25076726342711,
    "test_loss": 1.9926398992538452,
    "test_acc": 0.2549
  },
  {
    "epoch": 8,
    "k": 1,
    "seed": 43,
    "train_loss": 1.9786081655555978,
    "train_acc": 0.26316336317135547,
    "test_loss": 1.9614428281784058,
    "test_acc": 0.2698
  },
  {
    "epoch": 9,
    "k": 1,
    "seed": 43,
    "train_loss": 1.9494071598248104,
    "train_acc": 0.2763187340153453,
    "test_loss": 1.937776803970337,
    "test_acc": 0.2783
  },
  {
    "epoch": 10,
    "k": 1,
    "seed": 43,
    "train_loss": 1.925300861563524,
    "train_acc": 0.2845828005115089,
    "test_loss": 1.9104855060577393,
    "test_acc": 0.2861
  },
  {
    "epoch": 11,
    "k": 1,
    "seed": 43,
    "train_loss": 1.9035274634885666,
    "train_acc": 0.2927829283887468,
    "test_loss": 1.8889240026474,
    "test_acc": 0.2921
  },
  {
    "epoch": 12,
    "k": 1,
    "seed": 43,
    "train_loss": 1.884635492663859,
    "train_acc": 0.30042359335038366,
    "test_loss": 1.8694936037063599,
    "test_acc": 0.2986
  },
  {
    "epoch": 13,
    "k": 1,
    "seed": 43,
    "train_loss": 1.8667225157818221,
    "train_acc": 0.3083639705882353,
    "test_loss": 1.850682258605957,
    "test_acc": 0.3097
  }
]