[
  {
    "epoch": 1,
    "k": 1,
    "seed": 44,
    "train_loss": 2.303815326422377,
    "train_acc": 0.1267063618925831,
    "test_loss": 2.256889581680298,
    "test_acc": 0.141
  },
  {
    "epoch": 2,
    "k": 1,
    "seed": 44,
    "train_loss": 2.1983550844899833,
    "train_acc": 0.17533567774936062,
    "test_loss": 2.1277222633361816,
    "test_acc": 0.2158
  },
  {
    "epoch": 3,
    "k": 1,
    "seed": 44,
    "train_loss": 2.0620138172603326,
    "train_acc": 0.23267263427109974,
    "test_loss": 1.9777079820632935,
    "test_acc": 0.2506
  },
  {
    "epoch": 4,
    "k": 1,
    "seed": 44,
    "train_loss": 1.9518184671011727,
    "train_acc": 0.2571531329923274,
    "test_loss": 1.9097989797592163,
    "test_acc": 0.2759
  },
  {
    "epoch": 5,
    "k": 1,
    "seed": 44,
    "train_loss": 1.9015016595420935,
    "train_acc": 0.27402493606138106,
    "test_loss": 1.8759331703186035,
    "test_acc": 0.2869
  },
  {
    "epoch": 6,
    "k": 1,
    "seed": 44,
    "train_loss": 1.8753044306469695,
    "train_acc": 0.28379955242966753,
    "test_loss": 1.8591341972351074,
    "test_acc": 0.2896
  },
  {
    "epoch": 7,
    "k": 1,
    "seed": 44,
    "train_loss": 1.8553250753666128,
    "train_acc": 0.29464114450127876,
    "test_loss": 1.8459638357162476,
    "test_acc": 0.2955
  },
  {
    "epoch": 8,
    "k": 1,
    "seed": 44,
    "train_loss": 1.842891763543229,
    "train_acc": 0.30040361253196934,
    "test_loss": 1.8340556621551514,
    "test_acc": 0.3058
  },
  {
    "epoch": 9,
    "k": 1,
    "seed": 44,
    "train_loss": 1.8297311430392058,
    "train_acc": 0.30903532608695655,
    "test_loss": 1.8225241899490356,
    "test_acc": 0.3114
  },
  {
    "epoch": 10,
    "k": 1,
    "seed": 44,
    "train_loss": 1.81864827612172,
    "train_acc": 0.31387468030690535,
    "test_loss": 1.8116265535354614,
    "test_acc": 0.3158
  },
  {
    "epoch": 11,
    "k": 1,
    "seed": 44,
    "train_loss": 1.8077816399162079,
    "train_acc": 0.31678788363171356,
    "test_loss": 1.8013719320297241,
    "test_acc": 0.3218
  },
  {
    "epoch": 12,
    "k": 1,
    "seed": 44,
    "train_loss": 1.7963374072633436,
    "train_acc": 0.32134351023017904,
    "test_loss": 1.7893708944320679,
    "test_acc": 0.3279
  },
  {
    "epoch": 13,
    "k": 1,
    "seed": 44,
    "train_loss": 1.7846607079591288,
    "train_acc": 0.32724184782608695,
    "test_loss": 1.7770249843597412,
    "test_acc": 0.3303
  },
  {
    "epoch": 14,
    "k": 1,
    "seed": 44,
    "train_loss": 1.7764002481080077,
    "train_acc": 0.32846467391304346,
    "test_loss": 1.7678685188293457,
    "test_acc": 0.3384
  },
  {
    "epoch": 15,
    "k": 1,
    "seed": 44,
    "train_loss": 1.7655488103247055,
    "train_acc": 0.3346667199488491,
    "test_loss": 1.7586899995803833,
    "test_acc": 0.3408
  },
  {
    "epoch": 16,
    "k": 1,
    "seed": 44,
    "train_loss": 1.753133072877479,
    "train_acc": 0.3405530690537084,
    "test_loss": 1.7471835613250732,
    "test_acc": 0.3478
  },
  {
    "epoch": 17,
    "k": 1,
    "seed": 44,
    "train_loss": 1.7443885373337495,
    "train_acc": 0.34625959079283886,
    "test_loss": 1.7381350994110107,
    "test_acc": 0.3493
  },
  {
    "epoch": 18,
    "k": 1,
    "seed": 44,
    "train_loss": 1.7345948749795899,
    "train_acc": 0.35186221227621484,
    "test_loss": 1.7273075580596924,
    "test_acc": 0.3541
  },
  {
    "epoch": 19,
    "k": 1,
    "seed": 44,
    "train_loss": 1.7265218148755905,
    "train_acc": 0.3542838874680307,
    "test_loss": 1.7187855243682861,
    "test_acc": 0.3587
  },
  {
    "epoch": 20,
    "k": 1,
    "seed": 44,
    "train_loss": 1.72105287895788,
    "train_acc": 0.35568254475703326,
    "test_loss": 1.7125219106674194,
    "test_acc": 0.3584
  },
  {
    "epoch": 21,
    "k": 1,
    "seed": 44,
    "train_loss": 1.7138177330231728,
    "train_acc": 0.3605858375959079,
    "test_loss": 1.706182599067688,
    "test_acc": 0.3647
  },
  {
    "epoch": 22,
    "k": 1,
    "seed": 44,
    "train_loss": 1.7048069214272072,
    "train_acc": 0.36369085677749363,
    "test_loss": 1.6980986595153809,
    "test_acc": 0.3666
  },
  {
    "epoch": 23,
    "k": 1,
    "seed": 44,
    "train_loss": 1.6979493747281906,
    "train_acc": 0.36815057544757035,
    "test_loss": 1.6925171613693237,
    "test_acc": 0.3693
  },
  {
    "epoch": 24,
    "k": 1,
    "seed": 44,
    "train_loss": 1.6936460852318103,
    "train_acc": 0.36897778132992326,
    "test_loss": 1.6882416009902954,
    "test_acc": 0.37
  },
  {
    "epoch": 25,
    "k": 1,
    "seed": 44,
    "train_loss": 1.6872126534771736,
    "train_acc": 0.37179907289002556,
    "test_loss": 1.683794379234314,
    "test_acc": 0.3736
  },
  {
    "epoch": 26,
    "k": 1,
    "seed": 44,
    "train_loss": 1.682625713250826,
    "train_acc": 0.3751558503836317,
    "test_loss": 1.6784322261810303,
    "test_acc": 0.3754
  },
  {
    "epoch": 27,
    "k": 1,
    "seed": 44,
    "train_loss": 1.678145541864283,
    "train_acc": 0.3777054028132993,
    "test_loss": 1.6733756065368652,
    "test_acc": 0.379
  },
  {
    "epoch": 28,
    "k": 1,
    "seed": 44,
    "train_loss": 1.6711997068141733,
    "train_acc": 0.38007512787723785,
    "test_loss": 1.669549584388733,
    "test_acc": 0.3803
  },
  {
    "epoch": 29,
    "k": 1,
    "seed": 44,
    "train_loss": 1.6677012492323775,
    "train_acc": 0.38313618925831205,
    "test_loss": 1.6649925708770752,
    "test_acc": 0.3832
  },
  {
    "epoch": 30,
    "k": 1,
    "seed": 44,
    "train_loss": 1.6639876560786802,
    "train_acc": 0.3821890984654731,
    "test_loss": 1.6614781618118286,
    "test_acc": 0.3838
  },
  {
    "epoch": 31,
    "k": 1,
    "seed": 44,
    "train_loss": 1.6588405099366328,
    "train_acc": 0.385378037084399,
    "test_loss": 1.6569169759750366,
    "test_acc": 0.3872
  },
  {
    "epoch": 32,
    "k": 1,
    "seed": 44,
    "train_loss": 1.6540601162044593,
    "train_acc": 0.3870444373401534,
    "test_loss": 1.6545624732971191,
    "test_acc": 0.3864
  },
  {
    "epoch": 33,
    "k": 1,
    "seed": 44,
    "train_loss": 1.650796553667854,
    "train_acc": 0.3893981777493606,
    "test_loss": 1.64895761013031,
    "test_acc": 0.3911
  },
  {
    "epoch": 34,
    "k": 1,
    "seed": 44,
    "train_loss": 1.6485270411157242,
    "train_acc": 0.39174392583120204,
    "test_loss": 1.647812843322754,
    "test_acc": 0.3878
  },
  {
    "epoch": 35,
    "k": 1,
    "seed": 44,
    "train_loss": 1.643520259796201,
    "train_acc": 0.3938898657289003,
    "test_loss": 1.6419025659561157,
    "test_acc": 0.393
  },
  {
    "epoch": 36,
    "k": 1,
    "seed": 44,
    "train_loss": 1.6408428414093563,
    "train_acc": 0.39435741687979536,
    "test_loss": 1.6392568349838257,
    "test_acc": 0.3909
  },
  {
    "epoch": 37,
    "k": 1,
    "seed": 44,
    "train_loss": 1.6346808001208488,
    "train_acc": 0.3965712915601023,
    "test_loss": 1.6364606618881226,
    "test_acc": 0.3939
  },
  {
    "epoch": 38,
    "k": 1,
    "seed": 44,
    "train_loss": 1.6336763176466802,
    "train_acc": 0.3990808823529412,
    "test_loss": 1.634382963180542,
    "test_acc": 0.3956
  },
  {
    "epoch": 39,
    "k": 1,
    "seed": 44,
    "train_loss": 1.6289251179951232,
    "train_acc": 0.39946051790281334,
    "test_loss": 1.6328414678573608,
    "test_acc": 0.3952
  },
  {
    "epoch": 40,
    "k": 1,
    "seed": 44,
    "train_loss": 1.625502927833811,
    "train_acc": 0.40150255754475705,
    "test_loss": 1.6299835443496704,
    "test_acc": 0.3949
  },
  {
    "epoch": 41,
    "k": 1,
    "seed": 44,
    "train_loss": 1.6204661932747688,
    "train_acc": 0.4030131074168798,
    "test_loss": 1.6260627508163452,
    "test_acc": 0.395
  },
  {
    "epoch": 42,
    "k": 1,
    "seed": 44,
    "train_loss": 1.6195462289673592,
    "train_acc": 0.4045316496163683,
    "test_loss": 1.623813271522522,
    "test_acc": 0.3967
  },
  {
    "epoch": 43,
    "k": 1,
    "seed": 44,
    "train_loss": 1.6156864263822355,
    "train_acc": 0.4044557225063939,
    "test_loss": 1.621219277381897,
    "test_acc": 0.3985
  },
  {
    "epoch": 44,
    "k": 1,
    "seed": 44,
    "train_loss": 1.6129393659894118,
    "train_acc": 0.4044557225063939,
    "test_loss": 1.6163240671157837,
    "test_acc": 0.4015
  },
  {
    "epoch": 45,
    "k": 1,
    "seed": 44,
    "train_loss": 1.6090818024657267,
    "train_acc": 0.4065537084398977,
    "test_loss": 1.6147700548171997,
    "test_acc": 0.4001
  },
  {
    "epoch": 46,
    "k": 1,
    "seed": 44,
    "train_loss": 1.607153227871946,
    "train_acc": 0.40841991687979534,
    "test_loss": 1.6127853393554688,
    "test_acc": 0.3975
  },
  {
    "epoch": 47,
    "k": 1,
    "seed": 44,
    "train_loss": 1.6028809971211817,
    "train_acc": 0.40950287723785167,
    "test_loss": 1.6099860668182373,
    "test_acc": 0.3997
  },
  {
    "epoch": 48,
    "k": 1,
    "seed": 44,
    "train_loss": 1.6018062893996763,
    "train_acc": 0.41116528132992325,
    "test_loss": 1.6093839406967163,
    "test_acc": 0.3994
  },
  {
    "epoch": 49,
    "k": 1,
    "seed": 44,
    "train_loss": 1.5972895762499641,
    "train_acc": 0.4118606138107417,
    "test_loss": 1.605560064315796,
    "test_acc": 0.4022
  },
  {
    "epoch": 50,
    "k": 1,
    "seed": 44,
    "train_loss": 1.597943112368474,
    "train_acc": 0.4119804987212276,
    "test_loss": 1.6040596961975098,
    "test_acc": 0.4028
  },
  {
    "epoch": 51,
    "k": 1,
    "seed": 44,
    "train_loss": 1.593732368610704,
    "train_acc": 0.4130514705882353,
    "test_loss": 1.6021825075149536,
    "test_acc": 0.4036
  },
  {
    "epoch": 52,
    "k": 1,
    "seed": 44,
    "train_loss": 1.5907354790841222,
    "train_acc": 0.41500159846547313,
    "test_loss": 1.5989654064178467,
    "test_acc": 0.403
  },
  {
    "epoch": 53,
    "k": 1,
    "seed": 44,
    "train_loss": 1.5888810298022102,
    "train_acc": 0.41592071611253195,
    "test_loss": 1.596590280532837,
    "test_acc": 0.4083
  },
  {
    "epoch": 54,
    "k": 1,
    "seed": 44,
    "train_loss": 1.5858335946222095,
    "train_acc": 0.4167279411764706,
    "test_loss": 1.5970284938812256,
    "test_acc": 0.407
  },
  {
    "epoch": 55,
    "k": 1,
    "seed": 44,
    "train_loss": 1.5833334480710042,
    "train_acc": 0.41799072890025574,
    "test_loss": 1.593166708946228,
    "test_acc": 0.4049
  },
  {
    "epoch": 56,
    "k": 1,
    "seed": 44,
    "train_loss": 1.582739765076991,
    "train_acc": 0.41762308184143226,
    "test_loss": 1.5931814908981323,
    "test_acc": 0.409
  },
  {
    "epoch": 57,
    "k": 1,
    "seed": 44,
    "train_loss": 1.5799016589703767,
    "train_acc": 0.42025255754475704,
    "test_loss": 1.588882565498352,
    "test_acc": 0.4099
  },
  {
    "epoch": 58,
    "k": 1,
    "seed": 44,
    "train_loss": 1.5770884041895952,
    "train_acc": 0.41933343989769817,
    "test_loss": 1.5874989032745361,
    "test_acc": 0.4088
  },
  {
    "epoch": 59,
    "k": 1,
    "seed": 44,
    "train_loss": 1.5746943304300918,
    "train_acc": 0.4195772058823529,
    "test_loss": 1.5845733880996704,
    "test_acc": 0.4117
  },
  {
    "epoch": 60,
    "k": 1,
    "seed": 44,
    "train_loss": 1.575489813409498,
    "train_acc": 0.4203045076726343,
    "test_loss": 1.5837491750717163,
    "test_acc": 0.4141
  },
  {
    "epoch": 61,
    "k": 1,
    "seed": 44,
    "train_loss": 1.5717116685779504,
    "train_acc": 0.4195971867007673,
    "test_loss": 1.5796468257904053,
    "test_acc": 0.4155
  },
  {
    "epoch": 62,
    "k": 1,
    "seed": 44,
    "train_loss": 1.5694832356689532,
    "train_acc": 0.4220348465473146,
    "test_loss": 1.5808556079864502,
    "test_acc": 0.4126
  },
  {
    "epoch": 63,
    "k": 1,
    "seed": 44,
    "train_loss": 1.56739455354793,
    "train_acc": 0.42448449488491047,
    "test_loss": 1.5770747661590576,
    "test_acc": 0.4165
  },
  {
    "epoch": 64,
    "k": 1,
    "seed": 44,
    "train_loss": 1.5651605272536997,
    "train_acc": 0.4249360613810742,
    "test_loss": 1.5750503540039062,
    "test_acc": 0.4174
  },
  {
    "epoch": 65,
    "k": 1,
    "seed": 44,
    "train_loss": 1.5628952236126756,
    "train_acc": 0.42467231457800514,
    "test_loss": 1.5725725889205933,
    "test_acc": 0.4197
  },
  {
    "epoch": 66,
    "k": 1,
    "seed": 44,
    "train_loss": 1.561806158031649,
    "train_acc": 0.4263387148337596,
    "test_loss": 1.574203372001648,
    "test_acc": 0.4148
  },
  {
    "epoch": 67,
    "k": 1,
    "seed": 44,
    "train_loss": 1.5589148821428305,
    "train_acc": 0.4259670716112532,
    "test_loss": 1.5722976922988892,
    "test_acc": 0.419
  },
  {
    "epoch": 68,
    "k": 1,
    "seed": 44,
    "train_loss": 1.5576708996692277,
    "train_acc": 0.4268062659846547,
    "test_loss": 1.5711652040481567,
    "test_acc": 0.4213
  },
  {
    "epoch": 69,
    "k": 1,
    "seed": 44,
    "train_loss": 1.5549378303615637,
    "train_acc": 0.4284966432225064,
    "test_loss": 1.5650690793991089,
    "test_acc": 0.4224
  },
  {
    "epoch": 70,
    "k": 1,
    "seed": 44,
    "train_loss": 1.5534334048590697,
    "train_acc": 0.4270740089514067,
    "test_loss": 1.5655803680419922,
    "test_acc": 0.4221
  },
  {
    "epoch": 71,
    "k": 1,
    "seed": 44,
    "train_loss": 1.5519137178235651,
    "train_acc": 0.4291839833759591,
    "test_loss": 1.5623095035552979,
    "test_acc": 0.4227
  },
  {
    "epoch": 72,
    "k": 1,
    "seed": 44,
    "train_loss": 1.5490184388197292,
    "train_acc": 0.4293997762148337,
    "test_loss": 1.560050368309021,
    "test_acc": 0.4236
  },
  {
    "epoch": 73,
    "k": 1,
    "seed": 44,
    "train_loss": 1.5480856035676454,
    "train_acc": 0.43003117007672637,
    "test_loss": 1.56033456325531,
    "test_acc": 0.4244
  },
  {
    "epoch": 74,
    "k": 1,
    "seed": 44,
    "train_loss": 1.5473476626988871,
    "train_acc": 0.43094229539641943,
    "test_loss": 1.5555325746536255,
    "test_acc": 0.4263
  },
  {
    "epoch": 75,
    "k": 1,
    "seed": 44,
    "train_loss": 1.5432713745195237,
    "train_acc": 0.4317375319693094,
    "test_loss": 1.5548659563064575,
    "test_acc": 0.4264
  },
  {
    "epoch": 76,
    "k": 1,
    "seed": 44,
    "train_loss": 1.543058938992298,
    "train_acc": 0.4317375319693094,
    "test_loss": 1.5545129776000977,
    "test_acc": 0.4269
  },
  {
    "epoch": 77,
    "k": 1,
    "seed": 44,
    "train_loss": 1.5400512456284154,
    "train_acc": 0.4357336956521739,
    "test_loss": 1.5488035678863525,
    "test_acc": 0.4274
  },
  {
    "epoch": 78,
    "k": 1,
    "seed": 44,
    "train_loss": 1.5400197734613248,
    "train_acc": 0.4337036445012788,
    "test_loss": 1.548770546913147,
    "test_acc": 0.4279
  },
  {
    "epoch": 79,
    "k": 1,
    "seed": 44,
    "train_loss": 1.5369959496476155,
    "train_acc": 0.4343430306905371,
    "test_loss": 1.5462563037872314,
    "test_acc": 0.4283
  },
  {
    "epoch": 80,
    "k": 1,
    "seed": 44,
    "train_loss": 1.5351385064137257,
    "train_acc": 0.4361772698209719,
    "test_loss": 1.5470696687698364,
    "test_acc": 0.4287
  },
  {
    "epoch": 81,
    "k": 1,
    "seed": 44,
    "train_loss": 1.5349108584396673,
    "train_acc": 0.43694053708439895,
    "test_loss": 1.5429552793502808,
    "test_acc": 0.4281
  },
  {
    "epoch": 82,
    "k": 1,
    "seed": 44,
    "train_loss": 1.534049392051404,
    "train_acc": 0.43563778772378514,
    "test_loss": 1.5440523624420166,
    "test_acc": 0.43
  },
  {
    "epoch": 83,
    "k": 1,
    "seed": 44,
    "train_loss": 1.5310027102375274,
    "train_acc": 0.43700047953964194,
    "test_loss": 1.5405038595199585,
    "test_acc": 0.432
  },
  {
    "epoch": 84,
    "k": 1,
    "seed": 44,
    "train_loss": 1.530534579930708,
    "train_acc": 0.4359814578005115,
    "test_loss": 1.5379475355148315,
    "test_acc": 0.434
  },
  {
    "epoch": 85,
    "k": 1,
    "seed": 44,
    "train_loss": 1.5265588586592613,
    "train_acc": 0.43974584398976985,
    "test_loss": 1.5376492738723755,
    "test_acc": 0.4334
  },
  {
    "epoch": 86,
    "k": 1,
    "seed": 44,
    "train_loss": 1.5275511302606528,
    "train_acc": 0.4383751598465473,
    "test_loss": 1.5367612838745117,
    "test_acc": 0.4329
  },
  {
    "epoch": 87,
    "k": 1,
    "seed": 44,
    "train_loss": 1.526158848686901,
    "train_acc": 0.43911045396419435,
    "test_loss": 1.5358498096466064,
    "test_acc": 0.4341
  },
  {
    "epoch": 88,
    "k": 1,
    "seed": 44,
    "train_loss": 1.5233158187183273,
    "train_acc": 0.43845907928388744,
    "test_loss": 1.5355268716812134,
    "test_acc": 0.4335
  },
  {
    "epoch": 89,
    "k": 1,
    "seed": 44,
    "train_loss": 1.5213731313910326,
    "train_acc": 0.43954203964194377,
    "test_loss": 1.5329408645629883,
    "test_acc": 0.434
  },
  {
    "epoch": 90,
    "k": 1,
    "seed": 44,
    "train_loss": 1.5202317210414527,
    "train_acc": 0.441008631713555,
    "test_loss": 1.5295380353927612,
    "test_acc": 0.4352
  },
  {
    "epoch": 91,
    "k": 1,
    "seed": 44,
    "train_loss": 1.5181001321129177,
    "train_acc": 0.4426990089514067,
    "test_loss": 1.5299975872039795,
    "test_acc": 0.4354
  },
  {
    "epoch": 92,
    "k": 1,
    "seed": 44,
    "train_loss": 1.5182508623508542,
    "train_acc": 0.44139226342710997,
    "test_loss": 1.528164267539978,
    "test_acc": 0.437
  },
  {
    "epoch": 93,
    "k": 1,
    "seed": 44,
    "train_loss": 1.5177545449922762,
    "train_acc": 0.4427789322250639,
    "test_loss": 1.528447151184082,
    "test_acc": 0.4353
  },
  {
    "epoch": 94,
    "k": 1,
    "seed": 44,
    "train_loss": 1.516620994528846,
    "train_acc": 0.44383791560102304,
    "test_loss": 1.5252189636230469,
    "test_acc": 0.4373
  },
  {
    "epoch": 95,
    "k": 1,
    "seed": 44,
    "train_loss": 1.51455626829201,
    "train_acc": 0.44403772378516626,
    "test_loss": 1.5250704288482666,
    "test_acc": 0.4393
  },
  {
    "epoch": 96,
    "k": 1,
    "seed": 44,
    "train_loss": 1.5141136460292064,
    "train_acc": 0.44375,
    "test_loss": 1.5239315032958984,
    "test_acc": 0.4399
  },
  {
    "epoch": 97,
    "k": 1,
    "seed": 44,
    "train_loss": 1.5119499318739946,
    "train_acc": 0.44376598465473144,
    "test_loss": 1.5228959321975708,
    "test_acc": 0.4399
  },
  {
    "epoch": 98,
    "k": 1,
    "seed": 44,
    "train_loss": 1.5087644852640685,
    "train_acc": 0.44440537084398973,
    "test_loss": 1.5206328630447388,
    "test_acc": 0.4397
  },
  {
    "epoch": 99,
    "k": 1,
    "seed": 44,
    "train_loss": 1.5092211925160244,
    "train_acc": 0.4447690217391304,
    "test_loss": 1.5205371379852295,
    "test_acc": 0.441
  },
  {
    "epoch": 100,
    "k": 1,
    "seed": 44,
    "train_loss": 1.5076280878023114,
    "train_acc": 0.4471067774936061,
    "test_loss": 1.5185604095458984,
    "test_acc": 0.441
  },
  {
    "epoch": 101,
    "k": 1,
    "seed": 44,
    "train_loss": 1.5076746452799843,
    "train_acc": 0.4460078324808184,
    "test_loss": 1.5166579484939575,
    "test_acc": 0.4406
  },
  {
    "epoch": 102,
    "k": 1,
    "seed": 44,
    "train_loss": 1.5045803776177604,
    "train_acc": 0.4451846227621483,
    "test_loss": 1.5172275304794312,
    "test_acc": 0.4398
  },
  {
    "epoch": 103,
    "k": 1,
    "seed": 44,
    "train_loss": 1.5042319486818045,
    "train_acc": 0.44884910485933505,
    "test_loss": 1.5160253047943115,
    "test_acc": 0.4426
  },
  {
    "epoch": 104,
    "k": 1,
    "seed": 44,
    "train_loss": 1.5026036564956236,
    "train_acc": 0.44746643222506394,
    "test_loss": 1.5152195692062378,
    "test_acc": 0.4424
  },
  {
    "epoch": 105,
    "k": 1,
    "seed": 44,
    "train_loss": 1.5012485410856165,
    "train_acc": 0.4492207480818414,
    "test_loss": 1.5138943195343018,
    "test_acc": 0.4418
  },
  {
    "epoch": 106,
    "k": 1,
    "seed": 44,
    "train_loss": 1.5014397915062088,
    "train_acc": 0.44782209079283886,
    "test_loss": 1.513582468032837,
    "test_acc": 0.4424
  },
  {
    "epoch": 107,
    "k": 1,
    "seed": 44,
    "train_loss": 1.5010585175145923,
    "train_acc": 0.4485493925831202,
    "test_loss": 1.5139204263687134,
    "test_acc": 0.4408
  },
  {
    "epoch": 108,
    "k": 1,
    "seed": 44,
    "train_loss": 1.4990421993958065,
    "train_acc": 0.44927269820971866,
    "test_loss": 1.5131663084030151,
    "test_acc": 0.4437
  },
  {
    "epoch": 109,
    "k": 1,
    "seed": 44,
    "train_loss": 1.4974125870658308,
    "train_acc": 0.45013986572890025,
    "test_loss": 1.5097495317459106,
    "test_acc": 0.4456
  },
  {
    "epoch": 110,
    "k": 1,
    "seed": 44,
    "train_loss": 1.4978926480578645,
    "train_acc": 0.4507872442455243,
    "test_loss": 1.511965274810791,
    "test_acc": 0.4437
  },
  {
    "epoch": 111,
    "k": 1,
    "seed": 44,
    "train_loss": 1.4961980526404612,
    "train_acc": 0.45005994245524295,
    "test_loss": 1.5110543966293335,
    "test_acc": 0.4447
  },
  {
    "epoch": 112,
    "k": 1,
    "seed": 44,
    "train_loss": 1.493352637266564,
    "train_acc": 0.4513107416879796,
    "test_loss": 1.5118722915649414,
    "test_acc": 0.4446
  },
  {
    "epoch": 113,
    "k": 1,
    "seed": 44,
    "train_loss": 1.494180163763978,
    "train_acc": 0.4517663043478261,
    "test_loss": 1.5085548162460327,
    "test_acc": 0.4483
  },
  {
    "epoch": 114,
    "k": 1,
    "seed": 44,
    "train_loss": 1.4930964808939668,
    "train_acc": 0.4511948529411765,
    "test_loss": 1.5080715417861938,
    "test_acc": 0.445
  },
  {
    "epoch": 115,
    "k": 1,
    "seed": 44,
    "train_loss": 1.49180159940744,
    "train_acc": 0.45346867007672637,
    "test_loss": 1.506349802017212,
    "test_acc": 0.4494
  },
  {
    "epoch": 116,
    "k": 1,
    "seed": 44,
    "train_loss": 1.490555900442021,
    "train_acc": 0.4536365089514066,
    "test_loss": 1.504847526550293,
    "test_acc": 0.4481
  },
  {
    "epoch": 117,
    "k": 1,
    "seed": 44,
    "train_loss": 1.4878217981904365,
    "train_acc": 0.4550031969309463,
    "test_loss": 1.5041074752807617,
    "test_acc": 0.4471
  },
  {
    "epoch": 118,
    "k": 1,
    "seed": 44,
    "train_loss": 1.4895093489790816,
    "train_acc": 0.45309303069053714,
    "test_loss": 1.5033684968948364,
    "test_acc": 0.4496
  },
  {
    "epoch": 119,
    "k": 1,
    "seed": 44,
    "train_loss": 1.488044937248425,
    "train_acc": 0.454215952685422,
    "test_loss": 1.504370093345642,
    "test_acc": 0.4495
  },
  {
    "epoch": 120,
    "k": 1,
    "seed": 44,
    "train_loss": 1.4861165559505258,
    "train_acc": 0.455099104859335,
    "test_loss": 1.5032835006713867,
    "test_acc": 0.4478
  },
  {
    "epoch": 121,
    "k": 1,
    "seed": 44,
    "train_loss": 1.4868066259052442,
    "train_acc": 0.45449168797953965,
    "test_loss": 1.5011377334594727,
    "test_acc": 0.4507
  },
  {
    "epoch": 122,
    "k": 1,
    "seed": 44,
    "train_loss": 1.486201854313121,
    "train_acc": 0.4552269820971867,
    "test_loss": 1.5034881830215454,
    "test_acc": 0.45
  },
  {
    "epoch": 123,
    "k": 1,
    "seed": 44,
    "train_loss": 1.4837376604909482,
    "train_acc": 0.4564098465473146,
    "test_loss": 1.5030262470245361,
    "test_acc": 0.4511
  },
  {
    "epoch": 124,
    "k": 1,
    "seed": 44,
    "train_loss": 1.4840803990888474,
    "train_acc": 0.4563618925831202,
    "test_loss": 1.5013412237167358,
    "test_acc": 0.4535
  },
  {
    "epoch": 125,
    "k": 1,
    "seed": 44,
    "train_loss": 1.482291181374084,
    "train_acc": 0.45634990409207166,
    "test_loss": 1.5035642385482788,
    "test_acc": 0.451
  },
  {
    "epoch": 126,
    "k": 1,
    "seed": 44,
    "train_loss": 1.482241691835701,
    "train_acc": 0.45766064578005117,
    "test_loss": 1.498249888420105,
    "test_acc": 0.4494
  },
  {
    "epoch": 127,
    "k": 1,
    "seed": 44,
    "train_loss": 1.480492203131966,
    "train_acc": 0.4559343030690537,
    "test_loss": 1.4994419813156128,
    "test_acc": 0.4502
  },
  {
    "epoch": 128,
    "k": 1,
    "seed": 44,
    "train_loss": 1.4805547959359406,
    "train_acc": 0.45733296035805626,
    "test_loss": 1.4971206188201904,
    "test_acc": 0.4516
  },
  {
    "epoch": 129,
    "k": 1,
    "seed": 44,
    "train_loss": 1.4800036234014176,
    "train_acc": 0.45697730179028134,
    "test_loss": 1.4989352226257324,
    "test_acc": 0.4531
  },
  {
    "epoch": 130,
    "k": 1,
    "seed": 44,
    "train_loss": 1.4792548186333894,
    "train_acc": 0.45884351023017905,
    "test_loss": 1.4971798658370972,
    "test_acc": 0.4515
  },
  {
    "epoch": 131,
    "k": 1,
    "seed": 44,
    "train_loss": 1.4772368270113034,
    "train_acc": 0.4589593989769821,
    "test_loss": 1.4944796562194824,
    "test_acc": 0.4524
  },
  {
    "epoch": 132,
    "k": 1,
    "seed": 44,
    "train_loss": 1.476608538871531,
    "train_acc": 0.46137707800511507,
    "test_loss": 1.4962611198425293,
    "test_acc": 0.4547
  },
  {
    "epoch": 133,
    "k": 1,
    "seed": 44,
    "train_loss": 1.4763241695321125,
    "train_acc": 0.4580322890025575,
    "test_loss": 1.4930564165115356,
    "test_acc": 0.4525
  },
  {
    "epoch": 134,
    "k": 1,
    "seed": 44,
    "train_loss": 1.476607009577934,
    "train_acc": 0.4597826086956522,
    "test_loss": 1.494943380355835,
    "test_acc": 0.4507
  },
  {
    "epoch": 135,
    "k": 1,
    "seed": 44,
    "train_loss": 1.4747533212842234,
    "train_acc": 0.4610653772378517,
    "test_loss": 1.492012619972229,
    "test_acc": 0.453
  },
  {
    "epoch": 136,
    "k": 1,
    "seed": 44,
    "train_loss": 1.474068786177184,
    "train_acc": 0.4608216112531969,
    "test_loss": 1.4948409795761108,
    "test_acc": 0.4535
  },
  {
    "epoch": 137,
    "k": 1,
    "seed": 44,
    "train_loss": 1.4726405598013603,
    "train_acc": 0.46143702046035806,
    "test_loss": 1.4917155504226685,
    "test_acc": 0.4523
  },
  {
    "epoch": 138,
    "k": 1,
    "seed": 44,
    "train_loss": 1.4716999890554288,
    "train_acc": 0.46168877877237846,
    "test_loss": 1.4914857149124146,
    "test_acc": 0.4549
  },
  {
    "epoch": 139,
    "k": 1,
    "seed": 44,
    "train_loss": 1.4727527083033491,
    "train_acc": 0.46019021739130433,
    "test_loss": 1.4921975135803223,
    "test_acc": 0.4532
  },
  {
    "epoch": 140,
    "k": 1,
    "seed": 44,
    "train_loss": 1.4716563169913524,
    "train_acc": 0.460877557544757,
    "test_loss": 1.4928441047668457,
    "test_acc": 0.4557
  },
  {
    "epoch": 141,
    "k": 1,
    "seed": 44,
    "train_loss": 1.4693440272070257,
    "train_acc": 0.46237212276214834,
    "test_loss": 1.4909907579421997,
    "test_acc": 0.4536
  },
  {
    "epoch": 142,
    "k": 1,
    "seed": 44,
    "train_loss": 1.4704436316819447,
    "train_acc": 0.46125719309462915,
    "test_loss": 1.4894574880599976,
    "test_acc": 0.4563
  },
  {
    "epoch": 143,
    "k": 1,
    "seed": 44,
    "train_loss": 1.4678904748023929,
    "train_acc": 0.46389066496163683,
    "test_loss": 1.4887205362319946,
    "test_acc": 0.4588
  },
  {
    "epoch": 144,
    "k": 1,
    "seed": 44,
    "train_loss": 1.4684172143106875,
    "train_acc": 0.4614490089514066,
    "test_loss": 1.4895977973937988,
    "test_acc": 0.4547
  },
  {
    "epoch": 145,
    "k": 1,
    "seed": 44,
    "train_loss": 1.4686845839785798,
    "train_acc": 0.4626878196930946,
    "test_loss": 1.4889144897460938,
    "test_acc": 0.4556
  },
  {
    "epoch": 146,
    "k": 1,
    "seed": 44,
    "train_loss": 1.4681520635819496,
    "train_acc": 0.46282768542199487,
    "test_loss": 1.4906229972839355,
    "test_acc": 0.4576
  },
  {
    "epoch": 147,
    "k": 1,
    "seed": 44,
    "train_loss": 1.4677559765403534,
    "train_acc": 0.46411045396419437,
    "test_loss": 1.4878756999969482,
    "test_acc": 0.4571
  },
  {
    "epoch": 148,
    "k": 1,
    "seed": 44,
    "train_loss": 1.4660687010611415,
    "train_acc": 0.463059462915601,
    "test_loss": 1.487188696861267,
    "test_acc": 0.4595
  },
  {
    "epoch": 149,
    "k": 1,
    "seed": 44,
    "train_loss": 1.4646988872371975,
    "train_acc": 0.4628037084398977,
    "test_loss": 1.4878530502319336,
    "test_acc": 0.4581
  },
  {
    "epoch": 150,
    "k": 1,
    "seed": 44,
    "train_loss": 1.4638454743358484,
    "train_acc": 0.4650695332480818,
    "test_loss": 1.4872616529464722,
    "test_acc": 0.458
  },
  {
    "epoch": 151,
    "k": 1,
    "seed": 44,
    "train_loss": 1.4639541849760753,
    "train_acc": 0.4638427109974425,
    "test_loss": 1.488104224205017,
    "test_acc": 0.4585
  },
  {
    "epoch": 152,
    "k": 1,
    "seed": 44,
    "train_loss": 1.4647137807763142,
    "train_acc": 0.46293558184143224,
    "test_loss": 1.4854928255081177,
    "test_acc": 0.4582
  },
  {
    "epoch": 153,
    "k": 1,
    "seed": 44,
    "train_loss": 1.462212565304983,
    "train_acc": 0.4645180626598466,
    "test_loss": 1.484509825706482,
    "test_acc": 0.4605
  },
  {
    "epoch": 154,
    "k": 1,
    "seed": 44,
    "train_loss": 1.4610790002071643,
    "train_acc": 0.46583280051150894,
    "test_loss": 1.4853121042251587,
    "test_acc": 0.4594
  },
  {
    "epoch": 155,
    "k": 1,
    "seed": 44,
    "train_loss": 1.4601692662519568,
    "train_acc": 0.466332320971867,
    "test_loss": 1.4879660606384277,
    "test_acc": 0.4597
  },
  {
    "epoch": 156,
    "k": 1,
    "seed": 44,
    "train_loss": 1.4604093086384142,
    "train_acc": 0.46627237851662406,
    "test_loss": 1.4868111610412598,
    "test_acc": 0.4583
  },
  {
    "epoch": 157,
    "k": 1,
    "seed": 44,
    "train_loss": 1.461288917095155,
    "train_acc": 0.4677989130434783,
    "test_loss": 1.4846099615097046,
    "test_acc": 0.4589
  },
  {
    "epoch": 158,
    "k": 1,
    "seed": 44,
    "train_loss": 1.4584347076733093,
    "train_acc": 0.46709958439897703,
    "test_loss": 1.4812813997268677,
    "test_acc": 0.4636
  },
  {
    "epoch": 159,
    "k": 1,
    "seed": 44,
    "train_loss": 1.4584409248493517,
    "train_acc": 0.4659966432225064,
    "test_loss": 1.4825422763824463,
    "test_acc": 0.4613
  },
  {
    "epoch": 160,
    "k": 1,
    "seed": 44,
    "train_loss": 1.4572641398290844,
    "train_acc": 0.4680586636828645,
    "test_loss": 1.4828437566757202,
    "test_acc": 0.4622
  },
  {
    "epoch": 161,
    "k": 1,
    "seed": 44,
    "train_loss": 1.4571461284252079,
    "train_acc": 0.46663602941176474,
    "test_loss": 1.4821912050247192,
    "test_acc": 0.4621
  },
  {
    "epoch": 162,
    "k": 1,
    "seed": 44,
    "train_loss": 1.4563408038195442,
    "train_acc": 0.4680546675191816,
    "test_loss": 1.481047511100769,
    "test_acc": 0.4614
  },
  {
    "epoch": 163,
    "k": 1,
    "seed": 44,
    "train_loss": 1.4559425893037214,
    "train_acc": 0.46720348465473144,
    "test_loss": 1.4798638820648193,
    "test_acc": 0.4624
  },
  {
    "epoch": 164,
    "k": 1,
    "seed": 44,
    "train_loss": 1.455183297471927,
    "train_acc": 0.4674992007672635,
    "test_loss": 1.4828213453292847,
    "test_acc": 0.4613
  },
  {
    "epoch": 165,
    "k": 1,
    "seed": 44,
    "train_loss": 1.4555016905450455,
    "train_acc": 0.4674472506393862,
    "test_loss": 1.4801671504974365,
    "test_acc": 0.4628
  },
  {
    "epoch": 166,
    "k": 1,
    "seed": 44,
    "train_loss": 1.4560004048945043,
    "train_acc": 0.46636029411764707,
    "test_loss": 1.484650731086731,
    "test_acc": 0.4608
  },
  {
    "epoch": 167,
    "k": 1,
    "seed": 44,
    "train_loss": 1.4551403120045772,
    "train_acc": 0.4691576086956522,
    "test_loss": 1.4816246032714844,
    "test_acc": 0.4618
  },
  {
    "epoch": 168,
    "k": 1,
    "seed": 44,
    "train_loss": 1.4541976092111728,
    "train_acc": 0.4698249680306905,
    "test_loss": 1.4815804958343506,
    "test_acc": 0.4618
  },
  {
    "epoch": 169,
    "k": 1,
    "seed": 44,
    "train_loss": 1.4536912971750244,
    "train_acc": 0.46855818414322253,
    "test_loss": 1.4818226099014282,
    "test_acc": 0.4614
  },
  {
    "epoch": 170,
    "k": 1,
    "seed": 44,
    "train_loss": 1.4521329244384376,
    "train_acc": 0.4703444693094629,
    "test_loss": 1.4775919914245605,
    "test_acc": 0.4646
  },
  {
    "epoch": 171,
    "k": 1,
    "seed": 44,
    "train_loss": 1.4540103670886106,
    "train_acc": 0.4685222186700767,
    "test_loss": 1.4771220684051514,
    "test_acc": 0.4641
  },
  {
    "epoch": 172,
    "k": 1,
    "seed": 44,
    "train_loss": 1.4509091773606322,
    "train_acc": 0.47207081202046036,
    "test_loss": 1.4785239696502686,
    "test_acc": 0.4636
  },
  {
    "epoch": 173,
    "k": 1,
    "seed": 44,
    "train_loss": 1.45098405359956,
    "train_acc": 0.46945332480818414,
    "test_loss": 1.4761468172073364,
    "test_acc": 0.4654
  },
  {
    "epoch": 174,
    "k": 1,
    "seed": 44,
    "train_loss": 1.4510782021085928,
    "train_acc": 0.4706242007672634,
    "test_loss": 1.4769055843353271,
    "test_acc": 0.4665
  },
  {
    "epoch": 175,
    "k": 1,
    "seed": 44,
    "train_loss": 1.4509752165630956,
    "train_acc": 0.46970907928388744,
    "test_loss": 1.479781150817871,
    "test_acc": 0.4614
  },
  {
    "epoch": 176,
    "k": 1,
    "seed": 44,
    "train_loss": 1.4489764356247299,
    "train_acc": 0.47092391304347825,
    "test_loss": 1.4779714345932007,
    "test_acc": 0.4603
  },
  {
    "epoch": 177,
    "k": 1,
    "seed": 44,
    "train_loss": 1.4500993840834673,
    "train_acc": 0.47164721867007675,
    "test_loss": 1.4736441373825073,
    "test_acc": 0.4656
  },
  {
    "epoch": 178,
    "k": 1,
    "seed": 44,
    "train_loss": 1.448289925485011,
    "train_acc": 0.4700567455242967,
    "test_loss": 1.4753084182739258,
    "test_acc": 0.4651
  },
  {
    "epoch": 179,
    "k": 1,
    "seed": 44,
    "train_loss": 1.4489102095289303,
    "train_acc": 0.471787084398977,
    "test_loss": 1.4746909141540527,
    "test_acc": 0.4659
  },
  {
    "epoch": 180,
    "k": 1,
    "seed": 44,
    "train_loss": 1.4492450498254097,
    "train_acc": 0.47070812020460356,
    "test_loss": 1.4727778434753418,
    "test_acc": 0.4641
  },
  {
    "epoch": 181,
    "k": 1,
    "seed": 44,
    "train_loss": 1.4476238495248663,
    "train_acc": 0.4728980179028133,
    "test_loss": 1.474628210067749,
    "test_acc": 0.4626
  },
  {
    "epoch": 182,
    "k": 1,
    "seed": 44,
    "train_loss": 1.4477839820525225,
    "train_acc": 0.47187100383631714,
    "test_loss": 1.4736413955688477,
    "test_acc": 0.4659
  },
  {
    "epoch": 183,
    "k": 1,
    "seed": 44,
    "train_loss": 1.4457806171968466,
    "train_acc": 0.4732097186700767,
    "test_loss": 1.475134015083313,
    "test_acc": 0.4621
  },
  {
    "epoch": 184,
    "k": 1,
    "seed": 44,
    "train_loss": 1.4457748936265327,
    "train_acc": 0.471787084398977,
    "test_loss": 1.4754647016525269,
    "test_acc": 0.4625
  },
  {
    "epoch": 185,
    "k": 1,
    "seed": 44,
    "train_loss": 1.446392392868276,
    "train_acc": 0.4730978260869565,
    "test_loss": 1.4708881378173828,
    "test_acc": 0.4633
  },
  {
    "epoch": 186,
    "k": 1,
    "seed": 44,
    "train_loss": 1.445334273835887,
    "train_acc": 0.4741488171355499,
    "test_loss": 1.4725650548934937,
    "test_acc": 0.4657
  },
  {
    "epoch": 187,
    "k": 1,
    "seed": 44,
    "train_loss": 1.445032816103962,
    "train_acc": 0.47249440537084403,
    "test_loss": 1.4732296466827393,
    "test_acc": 0.4628
  },
  {
    "epoch": 188,
    "k": 1,
    "seed": 44,
    "train_loss": 1.443877371985589,
    "train_acc": 0.4730418797953964,
    "test_loss": 1.470168113708496,
    "test_acc": 0.465
  },
  {
    "epoch": 189,
    "k": 1,
    "seed": 44,
    "train_loss": 1.4421033609248792,
    "train_acc": 0.47374920076726346,
    "test_loss": 1.4708945751190186,
    "test_acc": 0.4648
  },
  {
    "epoch": 190,
    "k": 1,
    "seed": 44,
    "train_loss": 1.4430950181868376,
    "train_acc": 0.4745324488491049,
    "test_loss": 1.4725477695465088,
    "test_acc": 0.4627
  },
  {
    "epoch": 191,
    "k": 1,
    "seed": 44,
    "train_loss": 1.4414207523741076,
    "train_acc": 0.474616368286445,
    "test_loss": 1.475868821144104,
    "test_acc": 0.4602
  },
  {
    "epoch": 192,
    "k": 1,
    "seed": 44,
    "train_loss": 1.441888918352249,
    "train_acc": 0.4736812659846547,
    "test_loss": 1.4690601825714111,
    "test_acc": 0.4641
  },
  {
    "epoch": 193,
    "k": 1,
    "seed": 44,
    "train_loss": 1.4406746345407822,
    "train_acc": 0.4748960997442455,
    "test_loss": 1.4728525876998901,
    "test_acc": 0.4623
  },
  {
    "epoch": 194,
    "k": 1,
    "seed": 44,
    "train_loss": 1.441316455221542,
    "train_acc": 0.47497602301790276,
    "test_loss": 1.4694021940231323,
    "test_acc": 0.4672
  },
  {
    "epoch": 195,
    "k": 1,
    "seed": 44,
    "train_loss": 1.441783158370601,
    "train_acc": 0.47444453324808183,
    "test_loss": 1.4691635370254517,
    "test_acc": 0.4673
  },
  {
    "epoch": 196,
    "k": 1,
    "seed": 44,
    "train_loss": 1.4423847079581922,
    "train_acc": 0.47390505115089515,
    "test_loss": 1.468368649482727,
    "test_acc": 0.467
  },
  {
    "epoch": 197,
    "k": 1,
    "seed": 44,
    "train_loss": 1.438886790324355,
    "train_acc": 0.475235773657289,
    "test_loss": 1.4661705493927002,
    "test_acc": 0.4669
  },
  {
    "epoch": 198,
    "k": 1,
    "seed": 44,
    "train_loss": 1.438136789499951,
    "train_acc": 0.47744565217391305,
    "test_loss": 1.468191385269165,
    "test_acc": 0.4674
  },
  {
    "epoch": 199,
    "k": 1,
    "seed": 44,
    "train_loss": 1.4366701176709227,
    "train_acc": 0.47645460358056263,
    "test_loss": 1.4676411151885986,
    "test_acc": 0.4624
  },
  {
    "epoch": 200,
    "k": 1,
    "seed": 44,
    "train_loss": 1.4375023472949366,
    "train_acc": 0.47729779411764706,
    "test_loss": 1.466598391532898,
    "test_acc": 0.4661
  },
  {
    "epoch": 201,
    "k": 1,
    "seed": 44,
    "train_loss": 1.4383760184583152,
    "train_acc": 0.4762867647058824,
    "test_loss": 1.4667572975158691,
    "test_acc": 0.4657
  },
  {
    "epoch": 202,
    "k": 1,
    "seed": 44,
    "train_loss": 1.4382107638946884,
    "train_acc": 0.4770460358056266,
    "test_loss": 1.4702279567718506,
    "test_acc": 0.4617
  },
  {
    "epoch": 203,
    "k": 1,
    "seed": 44,
    "train_loss": 1.4376483750160394,
    "train_acc": 0.4771339514066496,
    "test_loss": 1.466866135597229,
    "test_acc": 0.4616
  },
  {
    "epoch": 204,
    "k": 1,
    "seed": 44,
    "train_loss": 1.4357108210053895,
    "train_acc": 0.47502797314578005,
    "test_loss": 1.4655224084854126,
    "test_acc": 0.4641
  },
  {
    "epoch": 205,
    "k": 1,
    "seed": 44,
    "train_loss": 1.4352708750063805,
    "train_acc": 0.4776694373401535,
    "test_loss": 1.4666041135787964,
    "test_acc": 0.4666
  },
  {
    "epoch": 206,
    "k": 1,
    "seed": 44,
    "train_loss": 1.4350957532063164,
    "train_acc": 0.4790281329923274,
    "test_loss": 1.4661765098571777,
    "test_acc": 0.4647
  },
  {
    "epoch": 207,
    "k": 1,
    "seed": 44,
    "train_loss": 1.434473547789142,
    "train_acc": 0.4778732416879795,
    "test_loss": 1.467719316482544,
    "test_acc": 0.466
  },
  {
    "epoch": 208,
    "k": 1,
    "seed": 44,
    "train_loss": 1.431954195737229,
    "train_acc": 0.47654651534526854,
    "test_loss": 1.4654797315597534,
    "test_acc": 0.4677
  },
  {
    "epoch": 209,
    "k": 1,
    "seed": 44,
    "train_loss": 1.4333287895183124,
    "train_acc": 0.4777093989769821,
    "test_loss": 1.467765212059021,
    "test_acc": 0.4667
  },
  {
    "epoch": 210,
    "k": 1,
    "seed": 44,
    "train_loss": 1.4319818001573958,
    "train_acc": 0.47744964833759596,
    "test_loss": 1.4646202325820923,
    "test_acc": 0.4656
  },
  {
    "epoch": 211,
    "k": 1,
    "seed": 44,
    "train_loss": 1.4302575423589448,
    "train_acc": 0.47879635549872124,
    "test_loss": 1.4674321413040161,
    "test_acc": 0.4662
  },
  {
    "epoch": 212,
    "k": 1,
    "seed": 44,
    "train_loss": 1.430275227102782,
    "train_acc": 0.47835278132992326,
    "test_loss": 1.466596245765686,
    "test_acc": 0.4628
  },
  {
    "epoch": 213,
    "k": 1,
    "seed": 44,
    "train_loss": 1.4313776108919811,
    "train_acc": 0.47931985294117646,
    "test_loss": 1.4659700393676758,
    "test_acc": 0.4661
  },
  {
    "epoch": 214,
    "k": 1,
    "seed": 44,
    "train_loss": 1.431359059365509,
    "train_acc": 0.477417679028133,
    "test_loss": 1.464807391166687,
    "test_acc": 0.4674
  },
  {
    "epoch": 215,
    "k": 1,
    "seed": 44,
    "train_loss": 1.4311708160068677,
    "train_acc": 0.4793438299232737,
    "test_loss": 1.4632086753845215,
    "test_acc": 0.4647
  },
  {
    "epoch": 216,
    "k": 1,
    "seed": 44,
    "train_loss": 1.428578090789678,
    "train_acc": 0.48058663682864455,
    "test_loss": 1.4658676385879517,
    "test_acc": 0.4656
  },
  {
    "epoch": 217,
    "k": 1,
    "seed": 44,
    "train_loss": 1.42992264535421,
    "train_acc": 0.4821131713554987,
    "test_loss": 1.4688080549240112,
    "test_acc": 0.4647
  },
  {
    "epoch": 218,
    "k": 1,
    "seed": 44,
    "train_loss": 1.429997835927607,
    "train_acc": 0.47942774936061383,
    "test_loss": 1.4621031284332275,
    "test_acc": 0.4682
  },
  {
    "epoch": 219,
    "k": 1,
    "seed": 44,
    "train_loss": 1.4270876533235126,
    "train_acc": 0.4800831202046036,
    "test_loss": 1.4646414518356323,
    "test_acc": 0.4652
  },
  {
    "epoch": 220,
    "k": 1,
    "seed": 44,
    "train_loss": 1.4272458803318346,
    "train_acc": 0.48066256393861895,
    "test_loss": 1.4629565477371216,
    "test_acc": 0.468
  },
  {
    "epoch": 221,
    "k": 1,
    "seed": 44,
    "train_loss": 1.4265755512525358,
    "train_acc": 0.4808543797953964,
    "test_loss": 1.4646403789520264,
    "test_acc": 0.4654
  },
  {
    "epoch": 222,
    "k": 1,
    "seed": 44,
    "train_loss": 1.4279863218517255,
    "train_acc": 0.48173753196930946,
    "test_loss": 1.4629474878311157,
    "test_acc": 0.4675
  },
  {
    "epoch": 223,
    "k": 1,
    "seed": 44,
    "train_loss": 1.4266115268478003,
    "train_acc": 0.48122602301790285,
    "test_loss": 1.460502028465271,
    "test_acc": 0.4694
  },
  {
    "epoch": 224,
    "k": 1,
    "seed": 44,
    "train_loss": 1.4254796343386327,
    "train_acc": 0.4814138427109974,
    "test_loss": 1.461228370666504,
    "test_acc": 0.4673
  },
  {
    "epoch": 225,
    "k": 1,
    "seed": 44,
    "train_loss": 1.4235797166214574,
    "train_acc": 0.4828364769820972,
    "test_loss": 1.4626014232635498,
    "test_acc": 0.4703
  },
  {
    "epoch": 226,
    "k": 1,
    "seed": 44,
    "train_loss": 1.423097597973426,
    "train_acc": 0.4830722506393862,
    "test_loss": 1.4623216390609741,
    "test_acc": 0.4696
  },
  {
    "epoch": 227,
    "k": 1,
    "seed": 44,
    "train_loss": 1.4254230288288476,
    "train_acc": 0.4821131713554987,
    "test_loss": 1.4623762369155884,
    "test_acc": 0.4699
  },
  {
    "epoch": 228,
    "k": 1,
    "seed": 44,
    "train_loss": 1.4244934244229055,
    "train_acc": 0.48236093350383635,
    "test_loss": 1.4623570442199707,
    "test_acc": 0.4692
  },
  {
    "epoch": 229,
    "k": 1,
    "seed": 44,
    "train_loss": 1.4230213653096153,
    "train_acc": 0.48241687979539644,
    "test_loss": 1.4625179767608643,
    "test_acc": 0.468
  },
  {
    "epoch": 230,
    "k": 1,
    "seed": 44,
    "train_loss": 1.4227810875534097,
    "train_acc": 0.48282049232736574,
    "test_loss": 1.4595789909362793,
    "test_acc": 0.4697
  },
  {
    "epoch": 231,
    "k": 1,
    "seed": 44,
    "train_loss": 1.4211730057626124,
    "train_acc": 0.4831601662404092,
    "test_loss": 1.4602675437927246,
    "test_acc": 0.4701
  },
  {
    "epoch": 232,
    "k": 1,
    "seed": 44,
    "train_loss": 1.4207466761474414,
    "train_acc": 0.4840872762148337,
    "test_loss": 1.4616200923919678,
    "test_acc": 0.4677
  },
  {
    "epoch": 233,
    "k": 1,
    "seed": 44,
    "train_loss": 1.422486003402554,
    "train_acc": 0.48304028132992327,
    "test_loss": 1.462066888809204,
    "test_acc": 0.4704
  },
  {
    "epoch": 234,
    "k": 1,
    "seed": 44,
    "train_loss": 1.4197662483395823,
    "train_acc": 0.4856857416879795,
    "test_loss": 1.4604392051696777,
    "test_acc": 0.4694
  },
  {
    "epoch": 235,
    "k": 1,
    "seed": 44,
    "train_loss": 1.4195996263752813,
    "train_acc": 0.4844908887468031,
    "test_loss": 1.4597980976104736,
    "test_acc": 0.4688
  },
  {
    "epoch": 236,
    "k": 1,
    "seed": 44,
    "train_loss": 1.4200703875183145,
    "train_acc": 0.48452685421994884,
    "test_loss": 1.4604036808013916,
    "test_acc": 0.4697
  },
  {
    "epoch": 237,
    "k": 1,
    "seed": 44,
    "train_loss": 1.4200292057393458,
    "train_acc": 0.48564977621483374,
    "test_loss": 1.459798812866211,
    "test_acc": 0.4717
  },
  {
    "epoch": 238,
    "k": 1,
    "seed": 44,
    "train_loss": 1.4191267020867,
    "train_acc": 0.484199168797954,
    "test_loss": 1.46267831325531,
    "test_acc": 0.4671
  },
  {
    "epoch": 239,
    "k": 1,
    "seed": 44,
    "train_loss": 1.4195426104928526,
    "train_acc": 0.48521019820971867,
    "test_loss": 1.4593740701675415,
    "test_acc": 0.466
  },
  {
    "epoch": 240,
    "k": 1,
    "seed": 44,
    "train_loss": 1.419696330719287,
    "train_acc": 0.48377957161125323,
    "test_loss": 1.4590767621994019,
    "test_acc": 0.4672
  },
  {
    "epoch": 241,
    "k": 1,
    "seed": 44,
    "train_loss": 1.4178127672361291,
    "train_acc": 0.485789641943734,
    "test_loss": 1.4620532989501953,
    "test_acc": 0.4661
  },
  {
    "epoch": 242,
    "k": 1,
    "seed": 44,
    "train_loss": 1.4182455146404178,
    "train_acc": 0.4857816496163683,
    "test_loss": 1.46139657497406,
    "test_acc": 0.4686
  },
  {
    "epoch": 243,
    "k": 1,
    "seed": 44,
    "train_loss": 1.4179929933889444,
    "train_acc": 0.4864809782608696,
    "test_loss": 1.4579118490219116,
    "test_acc": 0.4713
  },
  {
    "epoch": 244,
    "k": 1,
    "seed": 44,
    "train_loss": 1.4151685045808173,
    "train_acc": 0.48660485933503833,
    "test_loss": 1.4598239660263062,
    "test_acc": 0.4682
  },
  {
    "epoch": 245,
    "k": 1,
    "seed": 44,
    "train_loss": 1.4159843058842223,
    "train_acc": 0.48592950767263426,
    "test_loss": 1.4602253437042236,
    "test_acc": 0.468
  },
  {
    "epoch": 246,
    "k": 1,
    "seed": 44,
    "train_loss": 1.415327069399607,
    "train_acc": 0.48753996163682867,
    "test_loss": 1.4588847160339355,
    "test_acc": 0.4685
  },
  {
    "epoch": 247,
    "k": 1,
    "seed": 44,
    "train_loss": 1.4145041137095302,
    "train_acc": 0.4864370204603581,
    "test_loss": 1.458056092262268,
    "test_acc": 0.4727
  },
  {
    "epoch": 248,
    "k": 1,
    "seed": 44,
    "train_loss": 1.4148318456566853,
    "train_acc": 0.487116368286445,
    "test_loss": 1.456968069076538,
    "test_acc": 0.472
  },
  {
    "epoch": 249,
    "k": 1,
    "seed": 44,
    "train_loss": 1.4145790478762459,
    "train_acc": 0.4868166560102302,
    "test_loss": 1.4584025144577026,
    "test_acc": 0.4701
  },
  {
    "epoch": 250,
    "k": 1,
    "seed": 44,
    "train_loss": 1.4169467276014636,
    "train_acc": 0.4857576726342711,
    "test_loss": 1.4594358205795288,
    "test_acc": 0.4675
  },
  {
    "epoch": 251,
    "k": 1,
    "seed": 44,
    "train_loss": 1.4145922108989237,
    "train_acc": 0.48605738491048595,
    "test_loss": 1.456191897392273,
    "test_acc": 0.4709
  },
  {
    "epoch": 252,
    "k": 1,
    "seed": 44,
    "train_loss": 1.4132032339530223,
    "train_acc": 0.4871803069053709,
    "test_loss": 1.4560905694961548,
    "test_acc": 0.4717
  },
  {
    "epoch": 253,
    "k": 1,
    "seed": 44,
    "train_loss": 1.4132994056662636,
    "train_acc": 0.48734814578005115,
    "test_loss": 1.4569201469421387,
    "test_acc": 0.4692
  },
  {
    "epoch": 254,
    "k": 1,
    "seed": 44,
    "train_loss": 1.412667640944576,
    "train_acc": 0.48817934782608696,
    "test_loss": 1.4554450511932373,
    "test_acc": 0.4723
  },
  {
    "epoch": 255,
    "k": 1,
    "seed": 44,
    "train_loss": 1.4131127068453737,
    "train_acc": 0.48757592710997444,
    "test_loss": 1.4559656381607056,
    "test_acc": 0.4706
  },
  {
    "epoch": 256,
    "k": 1,
    "seed": 44,
    "train_loss": 1.4122481038198447,
    "train_acc": 0.48727221867007675,
    "test_loss": 1.4551751613616943,
    "test_acc": 0.4699
  },
  {
    "epoch": 257,
    "k": 1,
    "seed": 44,
    "train_loss": 1.4123258139471264,
    "train_acc": 0.4897458439897698,
    "test_loss": 1.4582023620605469,
    "test_acc": 0.4722
  },
  {
    "epoch": 258,
    "k": 1,
    "seed": 44,
    "train_loss": 1.411353496334437,
    "train_acc": 0.48816735933503835,
    "test_loss": 1.4572762250900269,
    "test_acc": 0.4707
  },
  {
    "epoch": 259,
    "k": 1,
    "seed": 44,
    "train_loss": 1.410723178283028,
    "train_acc": 0.4870843989769821,
    "test_loss": 1.4563757181167603,
    "test_acc": 0.4723
  },
  {
    "epoch": 260,
    "k": 1,
    "seed": 44,
    "train_loss": 1.4102230770203767,
    "train_acc": 0.4896379475703325,
    "test_loss": 1.4588059186935425,
    "test_acc": 0.4703
  },
  {
    "epoch": 261,
    "k": 1,
    "seed": 44,
    "train_loss": 1.4091732748938948,
    "train_acc": 0.48939018542199486,
    "test_loss": 1.4569790363311768,
    "test_acc": 0.4694
  },
  {
    "epoch": 262,
    "k": 1,
    "seed": 44,
    "train_loss": 1.41072307004953,
    "train_acc": 0.4884590792838875,
    "test_loss": 1.456026315689087,
    "test_acc": 0.4702
  },
  {
    "epoch": 263,
    "k": 1,
    "seed": 44,
    "train_loss": 1.4086534345851225,
    "train_acc": 0.4891703964194373,
    "test_loss": 1.4550584554672241,
    "test_acc": 0.4677
  },
  {
    "epoch": 264,
    "k": 1,
    "seed": 44,
    "train_loss": 1.410438343996892,
    "train_acc": 0.4890305306905371,
    "test_loss": 1.4561008214950562,
    "test_acc": 0.4724
  },
  {
    "epoch": 265,
    "k": 1,
    "seed": 44,
    "train_loss": 1.4088060916842098,
    "train_acc": 0.48886269181585673,
    "test_loss": 1.4554067850112915,
    "test_acc": 0.4708
  },
  {
    "epoch": 266,
    "k": 1,
    "seed": 44,
    "train_loss": 1.409050758537429,
    "train_acc": 0.49007352941176474,
    "test_loss": 1.455688714981079,
    "test_acc": 0.471
  },
  {
    "epoch": 267,
    "k": 1,
    "seed": 44,
    "train_loss": 1.4080909920470488,
    "train_acc": 0.4907768542199489,
    "test_loss": 1.4562053680419922,
    "test_acc": 0.47
  },
  {
    "epoch": 268,
    "k": 1,
    "seed": 44,
    "train_loss": 1.4067729330428727,
    "train_acc": 0.49159207161125323,
    "test_loss": 1.4610381126403809,
    "test_acc": 0.4667
  },
  {
    "epoch": 269,
    "k": 1,
    "seed": 44,
    "train_loss": 1.408079201912941,
    "train_acc": 0.4899256713554987,
    "test_loss": 1.4563006162643433,
    "test_acc": 0.4741
  },
  {
    "epoch": 270,
    "k": 1,
    "seed": 44,
    "train_loss": 1.4058614353389691,
    "train_acc": 0.491715952685422,
    "test_loss": 1.4535551071166992,
    "test_acc": 0.4759
  },
  {
    "epoch": 271,
    "k": 1,
    "seed": 44,
    "train_loss": 1.4079294271786194,
    "train_acc": 0.48887867647058825,
    "test_loss": 1.4549169540405273,
    "test_acc": 0.4709
  },
  {
    "epoch": 272,
    "k": 1,
    "seed": 44,
    "train_loss": 1.4065051865394769,
    "train_acc": 0.489326246803069,
    "test_loss": 1.4529788494110107,
    "test_acc": 0.4705
  },
  {
    "epoch": 273,
    "k": 1,
    "seed": 44,
    "train_loss": 1.4055853701003678,
    "train_acc": 0.4923033887468031,
    "test_loss": 1.4552125930786133,
    "test_acc": 0.4701
  },
  {
    "epoch": 274,
    "k": 1,
    "seed": 44,
    "train_loss": 1.4067431383425621,
    "train_acc": 0.4905690537084399,
    "test_loss": 1.4566609859466553,
    "test_acc": 0.4699
  },
  {
    "epoch": 275,
    "k": 1,
    "seed": 44,
    "train_loss": 1.4061036884327374,
    "train_acc": 0.491775895140665,
    "test_loss": 1.4547276496887207,
    "test_acc": 0.4706
  },
  {
    "epoch": 276,
    "k": 1,
    "seed": 44,
    "train_loss": 1.4058393279609778,
    "train_acc": 0.4924792199488491,
    "test_loss": 1.4557291269302368,
    "test_acc": 0.4682
  },
  {
    "epoch": 277,
    "k": 1,
    "seed": 44,
    "train_loss": 1.405360968521489,
    "train_acc": 0.49169197570332485,
    "test_loss": 1.4565956592559814,
    "test_acc": 0.4711
  },
  {
    "epoch": 278,
    "k": 1,
    "seed": 44,
    "train_loss": 1.40559147690873,
    "train_acc": 0.4910326086956522,
    "test_loss": 1.4551541805267334,
    "test_acc": 0.4726
  },
  {
    "epoch": 279,
    "k": 1,
    "seed": 44,
    "train_loss": 1.4045353810805494,
    "train_acc": 0.4932824488491048,
    "test_loss": 1.4523144960403442,
    "test_acc": 0.4713
  },
  {
    "epoch": 280,
    "k": 1,
    "seed": 44,
    "train_loss": 1.4034723583084847,
    "train_acc": 0.4917359335038363,
    "test_loss": 1.4537345170974731,
    "test_acc": 0.4732
  },
  {
    "epoch": 281,
    "k": 1,
    "seed": 44,
    "train_loss": 1.4041760086708361,
    "train_acc": 0.4919037723785166,
    "test_loss": 1.4533042907714844,
    "test_acc": 0.4721
  },
  {
    "epoch": 282,
    "k": 1,
    "seed": 44,
    "train_loss": 1.4028509513801322,
    "train_acc": 0.4924352621483376,
    "test_loss": 1.453516960144043,
    "test_acc": 0.4698
  },
  {
    "epoch": 283,
    "k": 1,
    "seed": 44,
    "train_loss": 1.404389673791578,
    "train_acc": 0.4909966432225064,
    "test_loss": 1.4515286684036255,
    "test_acc": 0.4719
  },
  {
    "epoch": 284,
    "k": 1,
    "seed": 44,
    "train_loss": 1.402461704085855,
    "train_acc": 0.4930546675191816,
    "test_loss": 1.452517032623291,
    "test_acc": 0.4749
  },
  {
    "epoch": 285,
    "k": 1,
    "seed": 44,
    "train_loss": 1.404007706190924,
    "train_acc": 0.4919037723785166,
    "test_loss": 1.4524863958358765,
    "test_acc": 0.4735
  },
  {
    "epoch": 286,
    "k": 1,
    "seed": 44,
    "train_loss": 1.402989846666146,
    "train_acc": 0.49284287084398976,
    "test_loss": 1.4526078701019287,
    "test_acc": 0.4714
  },
  {
    "epoch": 287,
    "k": 1,
    "seed": 44,
    "train_loss": 1.4024957394051125,
    "train_acc": 0.492039641943734,
    "test_loss": 1.4525498151779175,
    "test_acc": 0.4717
  },
  {
    "epoch": 288,
    "k": 1,
    "seed": 44,
    "train_loss": 1.4017050784567129,
    "train_acc": 0.4933983375959079,
    "test_loss": 1.4516494274139404,
    "test_acc": 0.4744
  },
  {
    "epoch": 289,
    "k": 1,
    "seed": 44,
    "train_loss": 1.401598530047385,
    "train_acc": 0.4941975703324808,
    "test_loss": 1.453623652458191,
    "test_acc": 0.4748
  },
  {
    "epoch": 290,
    "k": 1,
    "seed": 44,
    "train_loss": 1.3990125406123792,
    "train_acc": 0.4949368606138107,
    "test_loss": 1.4511312246322632,
    "test_acc": 0.4738
  },
  {
    "epoch": 291,
    "k": 1,
    "seed": 44,
    "train_loss": 1.4015662346959419,
    "train_acc": 0.49395780051150895,
    "test_loss": 1.4543895721435547,
    "test_acc": 0.474
  },
  {
    "epoch": 292,
    "k": 1,
    "seed": 44,
    "train_loss": 1.4011422392657347,
    "train_acc": 0.49203564578005116,
    "test_loss": 1.455376386642456,
    "test_acc": 0.4725
  },
  {
    "epoch": 293,
    "k": 1,
    "seed": 44,
    "train_loss": 1.4016558657521787,
    "train_acc": 0.4924152813299233,
    "test_loss": 1.4509190320968628,
    "test_acc": 0.473
  },
  {
    "epoch": 294,
    "k": 1,
    "seed": 44,
    "train_loss": 1.4016628323308646,
    "train_acc": 0.49283887468030685,
    "test_loss": 1.453482747077942,
    "test_acc": 0.4721
  },
  {
    "epoch": 295,
    "k": 1,
    "seed": 44,
    "train_loss": 1.3994836386512308,
    "train_acc": 0.49366608056265987,
    "test_loss": 1.4537276029586792,
    "test_acc": 0.4694
  },
  {
    "epoch": 296,
    "k": 1,
    "seed": 44,
    "train_loss": 1.4004305591973503,
    "train_acc": 0.4934382992327365,
    "test_loss": 1.4514328241348267,
    "test_acc": 0.4743
  },
  {
    "epoch": 297,
    "k": 1,
    "seed": 44,
    "train_loss": 1.4000821842257019,
    "train_acc": 0.4935182225063938,
    "test_loss": 1.4557245969772339,
    "test_acc": 0.4728
  },
  {
    "epoch": 298,
    "k": 1,
    "seed": 44,
    "train_loss": 1.399546024744468,
    "train_acc": 0.49442135549872124,
    "test_loss": 1.4513909816741943,
    "test_acc": 0.4734
  },
  {
    "epoch": 299,
    "k": 1,
    "seed": 44,
    "train_loss": 1.3979781914854903,
    "train_acc": 0.4948529411764706,
    "test_loss": 1.4497448205947876,
    "test_acc": 0.4745
  },
  {
    "epoch": 300,
    "k": 1,
    "seed": 44,
    "train_loss": 1.3983884321149354,
    "train_acc": 0.49463315217391307,
    "test_loss": 1.4530494213104248,
    "test_acc": 0.4708
  },
  {
    "epoch": 301,
    "k": 1,
    "seed": 44,
    "train_loss": 1.3979202018064611,
    "train_acc": 0.4929867327365729,
    "test_loss": 1.4515758752822876,
    "test_acc": 0.4752
  },
  {
    "epoch": 302,
    "k": 1,
    "seed": 44,
    "train_loss": 1.3987461316311145,
    "train_acc": 0.49355418797953965,
    "test_loss": 1.4516880512237549,
    "test_acc": 0.4733
  },
  {
    "epoch": 303,
    "k": 1,
    "seed": 44,
    "train_loss": 1.3976545147883617,
    "train_acc": 0.4931066176470588,
    "test_loss": 1.4518555402755737,
    "test_acc": 0.4744
  },
  {
    "epoch": 304,
    "k": 1,
    "seed": 44,
    "train_loss": 1.396342184537512,
    "train_acc": 0.49675511508951403,
    "test_loss": 1.4506040811538696,
    "test_acc": 0.4764
  },
  {
    "epoch": 305,
    "k": 1,
    "seed": 44,
    "train_loss": 1.3992181641366475,
    "train_acc": 0.494928868286445,
    "test_loss": 1.4511871337890625,
    "test_acc": 0.4709
  },
  {
    "epoch": 306,
    "k": 1,
    "seed": 44,
    "train_loss": 1.3962101488162184,
    "train_acc": 0.4953644501278772,
    "test_loss": 1.4506175518035889,
    "test_acc": 0.4727
  },
  {
    "epoch": 307,
    "k": 1,
    "seed": 44,
    "train_loss": 1.3964220120778779,
    "train_acc": 0.49383791560102297,
    "test_loss": 1.453168272972107,
    "test_acc": 0.4688
  },
  {
    "epoch": 308,
    "k": 1,
    "seed": 44,
    "train_loss": 1.397105711195475,
    "train_acc": 0.49430546675191817,
    "test_loss": 1.4487541913986206,
    "test_acc": 0.4776
  },
  {
    "epoch": 309,
    "k": 1,
    "seed": 44,
    "train_loss": 1.397565223067008,
    "train_acc": 0.49437340153452686,
    "test_loss": 1.450706124305725,
    "test_acc": 0.4752
  },
  {
    "epoch": 310,
    "k": 1,
    "seed": 44,
    "train_loss": 1.396588725507107,
    "train_acc": 0.4951886189258312,
    "test_loss": 1.4481031894683838,
    "test_acc": 0.4754
  },
  {
    "epoch": 311,
    "k": 1,
    "seed": 44,
    "train_loss": 1.3954439745534717,
    "train_acc": 0.4942894820971867,
    "test_loss": 1.448621153831482,
    "test_acc": 0.4725
  },
  {
    "epoch": 312,
    "k": 1,
    "seed": 44,
    "train_loss": 1.397396986746727,
    "train_acc": 0.4963035485933504,
    "test_loss": 1.4513216018676758,
    "test_acc": 0.4734
  },
  {
    "epoch": 313,
    "k": 1,
    "seed": 44,
    "train_loss": 1.39655834177266,
    "train_acc": 0.49466512148337594,
    "test_loss": 1.4493021965026855,
    "test_acc": 0.4769
  },
  {
    "epoch": 314,
    "k": 1,
    "seed": 44,
    "train_loss": 1.393213524537928,
    "train_acc": 0.4955322890025576,
    "test_loss": 1.4497061967849731,
    "test_acc": 0.4765
  },
  {
    "epoch": 315,
    "k": 1,
    "seed": 44,
    "train_loss": 1.394896684705144,
    "train_acc": 0.49587196291560104,
    "test_loss": 1.451401948928833,
    "test_acc": 0.4752
  },
  {
    "epoch": 316,
    "k": 1,
    "seed": 44,
    "train_loss": 1.3949413577004162,
    "train_acc": 0.4978420716112532,
    "test_loss": 1.4530490636825562,
    "test_acc": 0.4729
  },
  {
    "epoch": 317,
    "k": 1,
    "seed": 44,
    "train_loss": 1.3945231690736073,
    "train_acc": 0.49585997442455243,
    "test_loss": 1.4554704427719116,
    "test_acc": 0.4765
  },
  {
    "epoch": 318,
    "k": 1,
    "seed": 44,
    "train_loss": 1.394489229487641,
    "train_acc": 0.49653932225063935,
    "test_loss": 1.4496597051620483,
    "test_acc": 0.4756
  },
  {
    "epoch": 319,
    "k": 1,
    "seed": 44,
    "train_loss": 1.3938824837774877,
    "train_acc": 0.49780210997442453,
    "test_loss": 1.4495059251785278,
    "test_acc": 0.4752
  },
  {
    "epoch": 320,
    "k": 1,
    "seed": 44,
    "train_loss": 1.3934242280242999,
    "train_acc": 0.49622762148337596,
    "test_loss": 1.4475456476211548,
    "test_acc": 0.4722
  },
  {
    "epoch": 321,
    "k": 1,
    "seed": 44,
    "train_loss": 1.3930417137682591,
    "train_acc": 0.495576246803069,
    "test_loss": 1.4493621587753296,
    "test_acc": 0.473
  },
  {
    "epoch": 322,
    "k": 1,
    "seed": 44,
    "train_loss": 1.3948738858522967,
    "train_acc": 0.4950887148337596,
    "test_loss": 1.446167230606079,
    "test_acc": 0.4763
  },
  {
    "epoch": 323,
    "k": 1,
    "seed": 44,
    "train_loss": 1.394868022950409,
    "train_acc": 0.4957360933503836,
    "test_loss": 1.4466981887817383,
    "test_acc": 0.4753
  },
  {
    "epoch": 324,
    "k": 1,
    "seed": 44,
    "train_loss": 1.392392978338939,
    "train_acc": 0.49558423913043476,
    "test_loss": 1.4497349262237549,
    "test_acc": 0.4744
  },
  {
    "epoch": 325,
    "k": 1,
    "seed": 44,
    "train_loss": 1.3932122675049337,
    "train_acc": 0.49595188618925834,
    "test_loss": 1.44835364818573,
    "test_acc": 0.4742
  },
  {
    "epoch": 326,
    "k": 1,
    "seed": 44,
    "train_loss": 1.392418720533171,
    "train_acc": 0.49653932225063935,
    "test_loss": 1.4485737085342407,
    "test_acc": 0.4758
  },
  {
    "epoch": 327,
    "k": 1,
    "seed": 44,
    "train_loss": 1.392880274206781,
    "train_acc": 0.4968989769820972,
    "test_loss": 1.447275161743164,
    "test_acc": 0.4748
  },
  {
    "epoch": 328,
    "k": 1,
    "seed": 44,
    "train_loss": 1.3925448305466597,
    "train_acc": 0.49631553708439896,
    "test_loss": 1.4488824605941772,
    "test_acc": 0.475
  },
  {
    "epoch": 329,
    "k": 1,
    "seed": 44,
    "train_loss": 1.391081883474384,
    "train_acc": 0.4979100063938619,
    "test_loss": 1.4468748569488525,
    "test_acc": 0.4774
  },
  {
    "epoch": 330,
    "k": 1,
    "seed": 44,
    "train_loss": 1.390125466429669,
    "train_acc": 0.4978101023017903,
    "test_loss": 1.446412444114685,
    "test_acc": 0.4752
  },
  {
    "epoch": 331,
    "k": 1,
    "seed": 44,
    "train_loss": 1.3916078028471575,
    "train_acc": 0.49587995524296674,
    "test_loss": 1.444192886352539,
    "test_acc": 0.4756
  },
  {
    "epoch": 332,
    "k": 1,
    "seed": 44,
    "train_loss": 1.390692072451267,
    "train_acc": 0.4974664322250639,
    "test_loss": 1.4495702981948853,
    "test_acc": 0.4769
  },
  {
    "epoch": 333,
    "k": 1,
    "seed": 44,
    "train_loss": 1.3916281181223251,
    "train_acc": 0.49643941815856774,
    "test_loss": 1.4459943771362305,
    "test_acc": 0.4718
  },
  {
    "epoch": 334,
    "k": 1,
    "seed": 44,
    "train_loss": 1.3893082321757246,
    "train_acc": 0.4978740409207161,
    "test_loss": 1.4461510181427002,
    "test_acc": 0.4772
  },
  {
    "epoch": 335,
    "k": 1,
    "seed": 44,
    "train_loss": 1.3907942152998942,
    "train_acc": 0.4980458759590793,
    "test_loss": 1.4443517923355103,
    "test_acc": 0.4779
  },
  {
    "epoch": 336,
    "k": 1,
    "seed": 44,
    "train_loss": 1.3890743328787176,
    "train_acc": 0.5003716432225064,
    "test_loss": 1.443179726600647,
    "test_acc": 0.4778
  },
  {
    "epoch": 337,
    "k": 1,
    "seed": 44,
    "train_loss": 1.3895742539554605,
    "train_acc": 0.4971787084398977,
    "test_loss": 1.4452919960021973,
    "test_acc": 0.4775
  },
  {
    "epoch": 338,
    "k": 1,
    "seed": 44,
    "train_loss": 1.3878339696723176,
    "train_acc": 0.49837356138107414,
    "test_loss": 1.4460499286651611,
    "test_acc": 0.4782
  },
  {
    "epoch": 339,
    "k": 1,
    "seed": 44,
    "train_loss": 1.3889741452453692,
    "train_acc": 0.4990249360613811,
    "test_loss": 1.4467403888702393,
    "test_acc": 0.4766
  },
  {
    "epoch": 340,
    "k": 1,
    "seed": 44,
    "train_loss": 1.3892716614486615,
    "train_acc": 0.4978220907928389,
    "test_loss": 1.447457194328308,
    "test_acc": 0.477
  },
  {
    "epoch": 341,
    "k": 1,
    "seed": 44,
    "train_loss": 1.3884021293781603,
    "train_acc": 0.49827765345268543,
    "test_loss": 1.446800708770752,
    "test_acc": 0.4762
  },
  {
    "epoch": 342,
    "k": 1,
    "seed": 44,
    "train_loss": 1.3900733948363673,
    "train_acc": 0.4979739450127877,
    "test_loss": 1.4452673196792603,
    "test_acc": 0.4774
  },
  {
    "epoch": 343,
    "k": 1,
    "seed": 44,
    "train_loss": 1.390134435480513,
    "train_acc": 0.4994844948849105,
    "test_loss": 1.4454126358032227,
    "test_acc": 0.4782
  },
  {
    "epoch": 344,
    "k": 1,
    "seed": 44,
    "train_loss": 1.3875072520712148,
    "train_acc": 0.5005234974424553,
    "test_loss": 1.4436907768249512,
    "test_acc": 0.4812
  },
  {
    "epoch": 345,
    "k": 1,
    "seed": 44,
    "train_loss": 1.3875530854515408,
    "train_acc": 0.4980658567774936,
    "test_loss": 1.444276213645935,
    "test_acc": 0.4779
  },
  {
    "epoch": 346,
    "k": 1,
    "seed": 44,
    "train_loss": 1.3872691554486598,
    "train_acc": 0.4996363491048593,
    "test_loss": 1.4439617395401,
    "test_acc": 0.4776
  },
  {
    "epoch": 347,
    "k": 1,
    "seed": 44,
    "train_loss": 1.3893742854028102,
    "train_acc": 0.4969908887468031,
    "test_loss": 1.4447383880615234,
    "test_acc": 0.4821
  },
  {
    "epoch": 348,
    "k": 1,
    "seed": 44,
    "train_loss": 1.3882731391340875,
    "train_acc": 0.49757432864450124,
    "test_loss": 1.443729043006897,
    "test_acc": 0.4806
  },
  {
    "epoch": 349,
    "k": 1,
    "seed": 44,
    "train_loss": 1.3881555445054,
    "train_acc": 0.498909047314578,
    "test_loss": 1.4442012310028076,
    "test_acc": 0.4783
  },
  {
    "epoch": 350,
    "k": 1,
    "seed": 44,
    "train_loss": 1.3865214979557126,
    "train_acc": 0.49836956521739134,
    "test_loss": 1.44413161277771,
    "test_acc": 0.4799
  },
  {
    "epoch": 351,
    "k": 1,
    "seed": 44,
    "train_loss": 1.3867946143650338,
    "train_acc": 0.4987372122762148,
    "test_loss": 1.4439189434051514,
    "test_acc": 0.4773
  },
  {
    "epoch": 352,
    "k": 1,
    "seed": 44,
    "train_loss": 1.3859380511066797,
    "train_acc": 0.49974824168797954,
    "test_loss": 1.4422550201416016,
    "test_acc": 0.4819
  },
  {
    "epoch": 353,
    "k": 1,
    "seed": 44,
    "train_loss": 1.3844647794733267,
    "train_acc": 0.49965632992327363,
    "test_loss": 1.4418177604675293,
    "test_acc": 0.4804
  },
  {
    "epoch": 354,
    "k": 1,
    "seed": 44,
    "train_loss": 1.387542219722972,
    "train_acc": 0.4978580562659846,
    "test_loss": 1.4454567432403564,
    "test_acc": 0.479
  },
  {
    "epoch": 355,
    "k": 1,
    "seed": 44,
    "train_loss": 1.3859776380421864,
    "train_acc": 0.49839354219948845,
    "test_loss": 1.442984700202942,
    "test_acc": 0.4789
  },
  {
    "epoch": 356,
    "k": 1,
    "seed": 44,
    "train_loss": 1.384505153921864,
    "train_acc": 0.5009071291560102,
    "test_loss": 1.4426785707473755,
    "test_acc": 0.4806
  },
  {
    "epoch": 357,
    "k": 1,
    "seed": 44,
    "train_loss": 1.3853709334912507,
    "train_acc": 0.501858216112532,
    "test_loss": 1.4447568655014038,
    "test_acc": 0.4791
  },
  {
    "epoch": 358,
    "k": 1,
    "seed": 44,
    "train_loss": 1.3851843383306128,
    "train_acc": 0.4989649936061381,
    "test_loss": 1.4426767826080322,
    "test_acc": 0.4798
  },
  {
    "epoch": 359,
    "k": 1,
    "seed": 44,
    "train_loss": 1.3864709928517451,
    "train_acc": 0.4997961956521739,
    "test_loss": 1.441282868385315,
    "test_acc": 0.4812
  },
  {
    "epoch": 360,
    "k": 1,
    "seed": 44,
    "train_loss": 1.3844971123253902,
    "train_acc": 0.500971067774936,
    "test_loss": 1.4417463541030884,
    "test_acc": 0.48
  },
  {
    "epoch": 361,
    "k": 1,
    "seed": 44,
    "train_loss": 1.3836920307115521,
    "train_acc": 0.49970428388746807,
    "test_loss": 1.441100001335144,
    "test_acc": 0.4796
  },
  {
    "epoch": 362,
    "k": 1,
    "seed": 44,
    "train_loss": 1.3852215578488987,
    "train_acc": 0.4996083759590793,
    "test_loss": 1.4411702156066895,
    "test_acc": 0.4802
  },
  {
    "epoch": 363,
    "k": 1,
    "seed": 44,
    "train_loss": 1.3843518788247462,
    "train_acc": 0.5001318734015345,
    "test_loss": 1.4418188333511353,
    "test_acc": 0.4833
  },
  {
    "epoch": 364,
    "k": 1,
    "seed": 44,
    "train_loss": 1.385237435550641,
    "train_acc": 0.49954443734015347,
    "test_loss": 1.4394704103469849,
    "test_acc": 0.4834
  },
  {
    "epoch": 365,
    "k": 1,
    "seed": 44,
    "train_loss": 1.3832433970687945,
    "train_acc": 0.5004355818414322,
    "test_loss": 1.4441395998001099,
    "test_acc": 0.4795
  },
  {
    "epoch": 366,
    "k": 1,
    "seed": 44,
    "train_loss": 1.385535609081883,
    "train_acc": 0.4977621483375959,
    "test_loss": 1.442774772644043,
    "test_acc": 0.484
  },
  {
    "epoch": 367,
    "k": 1,
    "seed": 44,
    "train_loss": 1.3826635082054626,
    "train_acc": 0.500559462915601,
    "test_loss": 1.4400955438613892,
    "test_acc": 0.4808
  },
  {
    "epoch": 368,
    "k": 1,
    "seed": 44,
    "train_loss": 1.3816071428606271,
    "train_acc": 0.5019221547314578,
    "test_loss": 1.4424031972885132,
    "test_acc": 0.4812
  },
  {
    "epoch": 369,
    "k": 1,
    "seed": 44,
    "train_loss": 1.3824211709639604,
    "train_acc": 0.5007273017902814,
    "test_loss": 1.4444420337677002,
    "test_acc": 0.484
  },
  {
    "epoch": 370,
    "k": 1,
    "seed": 44,
    "train_loss": 1.3820184332025631,
    "train_acc": 0.500943094629156,
    "test_loss": 1.4403975009918213,
    "test_acc": 0.4798
  },
  {
    "epoch": 371,
    "k": 1,
    "seed": 44,
    "train_loss": 1.38368249122444,
    "train_acc": 0.4975023976982097,
    "test_loss": 1.4441300630569458,
    "test_acc": 0.4804
  },
  {
    "epoch": 372,
    "k": 1,
    "seed": 44,
    "train_loss": 1.3813613064758612,
    "train_acc": 0.501298753196931,
    "test_loss": 1.4376765489578247,
    "test_acc": 0.4825
  },
  {
    "epoch": 373,
    "k": 1,
    "seed": 44,
    "train_loss": 1.3841185450858777,
    "train_acc": 0.501326726342711,
    "test_loss": 1.4383440017700195,
    "test_acc": 0.4822
  },
  {
    "epoch": 374,
    "k": 1,
    "seed": 44,
    "train_loss": 1.3819768678806628,
    "train_acc": 0.5022298593350384,
    "test_loss": 1.4386295080184937,
    "test_acc": 0.4848
  },
  {
    "epoch": 375,
    "k": 1,
    "seed": 44,
    "train_loss": 1.3810927508127353,
    "train_acc": 0.5027213874680307,
    "test_loss": 1.437793493270874,
    "test_acc": 0.4872
  },
  {
    "epoch": 376,
    "k": 1,
    "seed": 44,
    "train_loss": 1.3805992453909286,
    "train_acc": 0.5000439578005115,
    "test_loss": 1.4398601055145264,
    "test_acc": 0.4849
  },
  {
    "epoch": 377,
    "k": 1,
    "seed": 44,
    "train_loss": 1.3819189903986118,
    "train_acc": 0.501178868286445,
    "test_loss": 1.4400651454925537,
    "test_acc": 0.4835
  },
  {
    "epoch": 378,
    "k": 1,
    "seed": 44,
    "train_loss": 1.3821371558986966,
    "train_acc": 0.5004635549872123,
    "test_loss": 1.4388593435287476,
    "test_acc": 0.4825
  },
  {
    "epoch": 379,
    "k": 1,
    "seed": 44,
    "train_loss": 1.3804638800413713,
    "train_acc": 0.5017623081841432,
    "test_loss": 1.438522458076477,
    "test_acc": 0.4831
  },
  {
    "epoch": 380,
    "k": 1,
    "seed": 44,
    "train_loss": 1.3817945374247362,
    "train_acc": 0.5025175831202046,
    "test_loss": 1.438588261604309,
    "test_acc": 0.4832
  },
  {
    "epoch": 381,
    "k": 1,
    "seed": 44,
    "train_loss": 1.3827196118776754,
    "train_acc": 0.5005394820971867,
    "test_loss": 1.4350605010986328,
    "test_acc": 0.4856
  },
  {
    "epoch": 382,
    "k": 1,
    "seed": 44,
    "train_loss": 1.3813139934978826,
    "train_acc": 0.5013107416879795,
    "test_loss": 1.441300630569458,
    "test_acc": 0.4836
  },
  {
    "epoch": 383,
    "k": 1,
    "seed": 44,
    "train_loss": 1.3808491129399565,
    "train_acc": 0.5011189258312021,
    "test_loss": 1.4383938312530518,
    "test_acc": 0.4828
  },
  {
    "epoch": 384,
    "k": 1,
    "seed": 44,
    "train_loss": 1.381299027701473,
    "train_acc": 0.5021898976982097,
    "test_loss": 1.442121148109436,
    "test_acc": 0.4814
  },
  {
    "epoch": 385,
    "k": 1,
    "seed": 44,
    "train_loss": 1.3794390804627363,
    "train_acc": 0.5011508951406649,
    "test_loss": 1.436787486076355,
    "test_acc": 0.4842
  },
  {
    "epoch": 386,
    "k": 1,
    "seed": 44,
    "train_loss": 1.379383468566953,
    "train_acc": 0.5014985613810742,
    "test_loss": 1.4390027523040771,
    "test_acc": 0.4846
  },
  {
    "epoch": 387,
    "k": 1,
    "seed": 44,
    "train_loss": 1.3798412038847003,
    "train_acc": 0.5011508951406649,
    "test_loss": 1.4371076822280884,
    "test_acc": 0.4846
  },
  {
    "epoch": 388,
    "k": 1,
    "seed": 44,
    "train_loss": 1.379874466325316,
    "train_acc": 0.501122921994885,
    "test_loss": 1.4402272701263428,
    "test_acc": 0.4852
  },
  {
    "epoch": 389,
    "k": 1,
    "seed": 44,
    "train_loss": 1.3798297311338927,
    "train_acc": 0.5010230179028133,
    "test_loss": 1.4393521547317505,
    "test_acc": 0.4836
  },
  {
    "epoch": 390,
    "k": 1,
    "seed": 44,
    "train_loss": 1.3788185153166046,
    "train_acc": 0.503125,
    "test_loss": 1.4394383430480957,
    "test_acc": 0.482
  },
  {
    "epoch": 391,
    "k": 1,
    "seed": 44,
    "train_loss": 1.3789013240038586,
    "train_acc": 0.5032688618925831,
    "test_loss": 1.4380359649658203,
    "test_acc": 0.484
  },
  {
    "epoch": 392,
    "k": 1,
    "seed": 44,
    "train_loss": 1.3785754704414426,
    "train_acc": 0.5028892263427109,
    "test_loss": 1.4381428956985474,
    "test_acc": 0.4841
  },
  {
    "epoch": 393,
    "k": 1,
    "seed": 44,
    "train_loss": 1.3781214635390455,
    "train_acc": 0.5012907608695651,
    "test_loss": 1.4370654821395874,
    "test_acc": 0.4819
  },
  {
    "epoch": 394,
    "k": 1,
    "seed": 44,
    "train_loss": 1.3792744323115824,
    "train_acc": 0.5017503196930946,
    "test_loss": 1.4363253116607666,
    "test_acc": 0.4856
  },
  {
    "epoch": 395,
    "k": 1,
    "seed": 44,
    "train_loss": 1.3767202196218777,
    "train_acc": 0.5025095907928389,
    "test_loss": 1.4380253553390503,
    "test_acc": 0.4858
  },
  {
    "epoch": 396,
    "k": 1,
    "seed": 44,
    "train_loss": 1.379900388400573,
    "train_acc": 0.5010230179028133,
    "test_loss": 1.4385395050048828,
    "test_acc": 0.4857
  },
  {
    "epoch": 397,
    "k": 1,
    "seed": 44,
    "train_loss": 1.3773483492224419,
    "train_acc": 0.5016464194373402,
    "test_loss": 1.43690824508667,
    "test_acc": 0.4854
  },
  {
    "epoch": 398,
    "k": 1,
    "seed": 44,
    "train_loss": 1.3776726430029516,
    "train_acc": 0.5027653452685422,
    "test_loss": 1.4352524280548096,
    "test_acc": 0.487
  }
]