[
  {
    "epoch": 1,
    "k": 1,
    "seed": 45,
    "train_loss": 2.2702377476655613,
    "train_acc": 0.12564737851662403,
    "test_loss": 2.175201654434204,
    "test_acc": 0.162
  },
  {
    "epoch": 2,
    "k": 1,
    "seed": 45,
    "train_loss": 2.1305527565119515,
    "train_acc": 0.19148417519181585,
    "test_loss": 2.074936628341675,
    "test_acc": 0.2148
  },
  {
    "epoch": 3,
    "k": 1,
    "seed": 45,
    "train_loss": 2.0480215954963508,
    "train_acc": 0.2265425191815857,
    "test_loss": 2.010497570037842,
    "test_acc": 0.2378
  },
  {
    "epoch": 4,
    "k": 1,
    "seed": 45,
    "train_loss": 2.0017796968255204,
    "train_acc": 0.24603180946291558,
    "test_loss": 1.975402593612671,
    "test_acc": 0.263
  },
  {
    "epoch": 5,
    "k": 1,
    "seed": 45,
    "train_loss": 1.9715939833380072,
    "train_acc": 0.26577685421994884,
    "test_loss": 1.9457836151123047,
    "test_acc": 0.282
  },
  {
    "epoch": 6,
    "k": 1,
    "seed": 45,
    "train_loss": 1.943849779455863,
    "train_acc": 0.27756553708439896,
    "test_loss": 1.9144171476364136,
    "test_acc": 0.2923
  },
  {
    "epoch": 7,
    "k": 1,
    "seed": 45,
    "train_loss": 1.9170805182298432,
    "train_acc": 0.28863890664961633,
    "test_loss": 1.8894423246383667,
    "test_acc": 0.3045
  },
  {
    "epoch": 8,
    "k": 1,
    "seed": 45,
    "train_loss": 1.8913710669178487,
    "train_acc": 0.2959638746803069,
    "test_loss": 1.8709732294082642,
    "test_acc": 0.3098
  },
  {
    "epoch": 9,
    "k": 1,
    "seed": 45,
    "train_loss": 1.867090327965329,
    "train_acc": 0.3072170716112532,
    "test_loss": 1.8438063859939575,
    "test_acc": 0.3251
  },
  {
    "epoch": 10,
    "k": 1,
    "seed": 45,
    "train_loss": 1.8452034469150826,
    "train_acc": 0.32207081202046034,
    "test_loss": 1.825993537902832,
    "test_acc": 0.3321
  },
  {
    "epoch": 11,
    "k": 1,
    "seed": 45,
    "train_loss": 1.8275978845708511,
    "train_acc": 0.329215952685422,
    "test_loss": 1.812295913696289,
    "test_acc": 0.3388
  },
  {
    "epoch": 12,
    "k": 1,
    "seed": 45,
    "train_loss": 1.815134218281797,
    "train_acc": 0.33215313299232735,
    "test_loss": 1.8034003973007202,
    "test_acc": 0.3399
  },
  {
    "epoch": 13,
    "k": 1,
    "seed": 45,
    "train_loss": 1.801555431407431,
    "train_acc": 0.3381393861892583,
    "test_loss": 1.7912729978561401,
    "test_acc": 0.344
  },
  {
    "epoch": 14,
    "k": 1,
    "seed": 45,
    "train_loss": 1.79164566621756,
    "train_acc": 0.34200767263427106,
    "test_loss": 1.7837886810302734,
    "test_acc": 0.3489
  },
  {
    "epoch": 15,
    "k": 1,
    "seed": 45,
    "train_loss": 1.7805320222664367,
    "train_acc": 0.3477022058823529,
    "test_loss": 1.7726738452911377,
    "test_acc": 0.3525
  },
  {
    "epoch": 16,
    "k": 1,
    "seed": 45,
    "train_loss": 1.771468410101693,
    "train_acc": 0.349528452685422,
    "test_loss": 1.764387845993042,
    "test_acc": 0.3549
  },
  {
    "epoch": 17,
    "k": 1,
    "seed": 45,
    "train_loss": 1.763055232479749,
    "train_acc": 0.3541679987212277,
    "test_loss": 1.760748267173767,
    "test_acc": 0.3547
  },
  {
    "epoch": 18,
    "k": 1,
    "seed": 45,
    "train_loss": 1.7540703011900567,
    "train_acc": 0.3567095588235294,
    "test_loss": 1.7498736381530762,
    "test_acc": 0.3605
  },
  {
    "epoch": 19,
    "k": 1,
    "seed": 45,
    "train_loss": 1.7485696217593025,
    "train_acc": 0.3581162084398977,
    "test_loss": 1.7417699098587036,
    "test_acc": 0.3643
  },
  {
    "epoch": 20,
    "k": 1,
    "seed": 45,
    "train_loss": 1.7393672658354424,
    "train_acc": 0.36191656010230183,
    "test_loss": 1.7375218868255615,
    "test_acc": 0.3672
  },
  {
    "epoch": 21,
    "k": 1,
    "seed": 45,
    "train_loss": 1.7372561104767157,
    "train_acc": 0.36190057544757037,
    "test_loss": 1.7300833463668823,
    "test_acc": 0.3646
  },
  {
    "epoch": 22,
    "k": 1,
    "seed": 45,
    "train_loss": 1.7276468908085543,
    "train_acc": 0.3657848465473146,
    "test_loss": 1.727316975593567,
    "test_acc": 0.3668
  },
  {
    "epoch": 23,
    "k": 1,
    "seed": 45,
    "train_loss": 1.7230248655504583,
    "train_acc": 0.36809862531969306,
    "test_loss": 1.7196279764175415,
    "test_acc": 0.3733
  },
  {
    "epoch": 24,
    "k": 1,
    "seed": 45,
    "train_loss": 1.7167317638616733,
    "train_acc": 0.3705522698209719,
    "test_loss": 1.716762900352478,
    "test_acc": 0.3708
  },
  {
    "epoch": 25,
    "k": 1,
    "seed": 45,
    "train_loss": 1.71074180194484,
    "train_acc": 0.3723505434782609,
    "test_loss": 1.7139036655426025,
    "test_acc": 0.3722
  },
  {
    "epoch": 26,
    "k": 1,
    "seed": 45,
    "train_loss": 1.7064323208825973,
    "train_acc": 0.3742766943734015,
    "test_loss": 1.7074941396713257,
    "test_acc": 0.3792
  },
  {
    "epoch": 27,
    "k": 1,
    "seed": 45,
    "train_loss": 1.7020833013612595,
    "train_acc": 0.37655051150895136,
    "test_loss": 1.7035945653915405,
    "test_acc": 0.3752
  },
  {
    "epoch": 28,
    "k": 1,
    "seed": 45,
    "train_loss": 1.6970631945163697,
    "train_acc": 0.37734574808184146,
    "test_loss": 1.6979600191116333,
    "test_acc": 0.3785
  },
  {
    "epoch": 29,
    "k": 1,
    "seed": 45,
    "train_loss": 1.6946078956584492,
    "train_acc": 0.37948369565217394,
    "test_loss": 1.6947263479232788,
    "test_acc": 0.3815
  },
  {
    "epoch": 30,
    "k": 1,
    "seed": 45,
    "train_loss": 1.6870315068822992,
    "train_acc": 0.38043078644501277,
    "test_loss": 1.6916284561157227,
    "test_acc": 0.3805
  },
  {
    "epoch": 31,
    "k": 1,
    "seed": 45,
    "train_loss": 1.6843521308411114,
    "train_acc": 0.38247282608695654,
    "test_loss": 1.6863585710525513,
    "test_acc": 0.382
  },
  {
    "epoch": 32,
    "k": 1,
    "seed": 45,
    "train_loss": 1.67878555672248,
    "train_acc": 0.38284047314578007,
    "test_loss": 1.6819230318069458,
    "test_acc": 0.386
  },
  {
    "epoch": 33,
    "k": 1,
    "seed": 45,
    "train_loss": 1.6751813294027773,
    "train_acc": 0.3839474104859335,
    "test_loss": 1.6775052547454834,
    "test_acc": 0.3856
  },
  {
    "epoch": 34,
    "k": 1,
    "seed": 45,
    "train_loss": 1.6714698030515704,
    "train_acc": 0.38575767263427113,
    "test_loss": 1.673337459564209,
    "test_acc": 0.3869
  },
  {
    "epoch": 35,
    "k": 1,
    "seed": 45,
    "train_loss": 1.6690226146937026,
    "train_acc": 0.3879235933503836,
    "test_loss": 1.6707745790481567,
    "test_acc": 0.3869
  },
  {
    "epoch": 36,
    "k": 1,
    "seed": 45,
    "train_loss": 1.6625411028752242,
    "train_acc": 0.3896179667519181,
    "test_loss": 1.6667734384536743,
    "test_acc": 0.3895
  },
  {
    "epoch": 37,
    "k": 1,
    "seed": 45,
    "train_loss": 1.6589190545289412,
    "train_acc": 0.39241528132992326,
    "test_loss": 1.6607587337493896,
    "test_acc": 0.3921
  },
  {
    "epoch": 38,
    "k": 1,
    "seed": 45,
    "train_loss": 1.6536360070528582,
    "train_acc": 0.394133631713555,
    "test_loss": 1.658232569694519,
    "test_acc": 0.3938
  },
  {
    "epoch": 39,
    "k": 1,
    "seed": 45,
    "train_loss": 1.6512735091206971,
    "train_acc": 0.3944253516624041,
    "test_loss": 1.656312108039856,
    "test_acc": 0.3942
  },
  {
    "epoch": 40,
    "k": 1,
    "seed": 45,
    "train_loss": 1.6462065603422082,
    "train_acc": 0.3959998401534527,
    "test_loss": 1.6508005857467651,
    "test_acc": 0.3968
  },
  {
    "epoch": 41,
    "k": 1,
    "seed": 45,
    "train_loss": 1.6435530127771676,
    "train_acc": 0.3979499680306905,
    "test_loss": 1.6474281549453735,
    "test_acc": 0.3992
  },
  {
    "epoch": 42,
    "k": 1,
    "seed": 45,
    "train_loss": 1.6390142166401114,
    "train_acc": 0.39975623401534527,
    "test_loss": 1.6435766220092773,
    "test_acc": 0.4013
  },
  {
    "epoch": 43,
    "k": 1,
    "seed": 45,
    "train_loss": 1.6335694765495827,
    "train_acc": 0.400411604859335,
    "test_loss": 1.6391264200210571,
    "test_acc": 0.4008
  },
  {
    "epoch": 44,
    "k": 1,
    "seed": 45,
    "train_loss": 1.6298168025663138,
    "train_acc": 0.4037004475703325,
    "test_loss": 1.6374565362930298,
    "test_acc": 0.4019
  },
  {
    "epoch": 45,
    "k": 1,
    "seed": 45,
    "train_loss": 1.62746194348006,
    "train_acc": 0.3999520460358056,
    "test_loss": 1.6308796405792236,
    "test_acc": 0.4035
  },
  {
    "epoch": 46,
    "k": 1,
    "seed": 45,
    "train_loss": 1.6234909652748986,
    "train_acc": 0.4051950127877238,
    "test_loss": 1.6284607648849487,
    "test_acc": 0.4051
  },
  {
    "epoch": 47,
    "k": 1,
    "seed": 45,
    "train_loss": 1.618864750618215,
    "train_acc": 0.40384031329923276,
    "test_loss": 1.6252659559249878,
    "test_acc": 0.4075
  },
  {
    "epoch": 48,
    "k": 1,
    "seed": 45,
    "train_loss": 1.615055395514154,
    "train_acc": 0.404835358056266,
    "test_loss": 1.6232826709747314,
    "test_acc": 0.405
  },
  {
    "epoch": 49,
    "k": 1,
    "seed": 45,
    "train_loss": 1.612456375375733,
    "train_acc": 0.40772858056265987,
    "test_loss": 1.6212549209594727,
    "test_acc": 0.4073
  },
  {
    "epoch": 50,
    "k": 1,
    "seed": 45,
    "train_loss": 1.6087200534922996,
    "train_acc": 0.40798833120204603,
    "test_loss": 1.6146200895309448,
    "test_acc": 0.4097
  },
  {
    "epoch": 51,
    "k": 1,
    "seed": 45,
    "train_loss": 1.605220337048211,
    "train_acc": 0.4108855498721228,
    "test_loss": 1.6154340505599976,
    "test_acc": 0.4131
  },
  {
    "epoch": 52,
    "k": 1,
    "seed": 45,
    "train_loss": 1.6028252916262888,
    "train_acc": 0.4113331202046036,
    "test_loss": 1.6116249561309814,
    "test_acc": 0.4137
  },
  {
    "epoch": 53,
    "k": 1,
    "seed": 45,
    "train_loss": 1.6001902483308408,
    "train_acc": 0.4124880115089514,
    "test_loss": 1.6054894924163818,
    "test_acc": 0.4129
  },
  {
    "epoch": 54,
    "k": 1,
    "seed": 45,
    "train_loss": 1.5962677337324527,
    "train_acc": 0.4127717391304348,
    "test_loss": 1.6029001474380493,
    "test_acc": 0.4186
  },
  {
    "epoch": 55,
    "k": 1,
    "seed": 45,
    "train_loss": 1.5939724670956508,
    "train_acc": 0.41348305626598464,
    "test_loss": 1.6010947227478027,
    "test_acc": 0.4168
  },
  {
    "epoch": 56,
    "k": 1,
    "seed": 45,
    "train_loss": 1.5891425493733047,
    "train_acc": 0.4156369884910486,
    "test_loss": 1.5989854335784912,
    "test_acc": 0.4167
  },
  {
    "epoch": 57,
    "k": 1,
    "seed": 45,
    "train_loss": 1.5869540537104887,
    "train_acc": 0.4150615409207161,
    "test_loss": 1.5962191820144653,
    "test_acc": 0.4174
  },
  {
    "epoch": 58,
    "k": 1,
    "seed": 45,
    "train_loss": 1.5843947278264234,
    "train_acc": 0.41813858695652173,
    "test_loss": 1.594310998916626,
    "test_acc": 0.4192
  },
  {
    "epoch": 59,
    "k": 1,
    "seed": 45,
    "train_loss": 1.5817012527714605,
    "train_acc": 0.4185022378516624,
    "test_loss": 1.5937848091125488,
    "test_acc": 0.415
  },
  {
    "epoch": 60,
    "k": 1,
    "seed": 45,
    "train_loss": 1.5783088664569513,
    "train_acc": 0.4201086956521739,
    "test_loss": 1.5886430740356445,
    "test_acc": 0.4185
  },
  {
    "epoch": 61,
    "k": 1,
    "seed": 45,
    "train_loss": 1.573760158265643,
    "train_acc": 0.422965952685422,
    "test_loss": 1.587984323501587,
    "test_acc": 0.4198
  },
  {
    "epoch": 62,
    "k": 1,
    "seed": 45,
    "train_loss": 1.5736110332371938,
    "train_acc": 0.4211916560102302,
    "test_loss": 1.5851922035217285,
    "test_acc": 0.4205
  },
  {
    "epoch": 63,
    "k": 1,
    "seed": 45,
    "train_loss": 1.5698425833831358,
    "train_acc": 0.4233455882352941,
    "test_loss": 1.5901778936386108,
    "test_acc": 0.4184
  },
  {
    "epoch": 64,
    "k": 1,
    "seed": 45,
    "train_loss": 1.568547336646663,
    "train_acc": 0.42435262148337594,
    "test_loss": 1.5808709859848022,
    "test_acc": 0.4204
  },
  {
    "epoch": 65,
    "k": 1,
    "seed": 45,
    "train_loss": 1.565832848134248,
    "train_acc": 0.42397298593350385,
    "test_loss": 1.5788366794586182,
    "test_acc": 0.421
  },
  {
    "epoch": 66,
    "k": 1,
    "seed": 45,
    "train_loss": 1.561668908809457,
    "train_acc": 0.4259311061381074,
    "test_loss": 1.581712007522583,
    "test_acc": 0.421
  },
  {
    "epoch": 67,
    "k": 1,
    "seed": 45,
    "train_loss": 1.5603778218979116,
    "train_acc": 0.4256753516624041,
    "test_loss": 1.5773570537567139,
    "test_acc": 0.4232
  },
  {
    "epoch": 68,
    "k": 1,
    "seed": 45,
    "train_loss": 1.5582864138171495,
    "train_acc": 0.42823689258312025,
    "test_loss": 1.5740320682525635,
    "test_acc": 0.4256
  },
  {
    "epoch": 69,
    "k": 1,
    "seed": 45,
    "train_loss": 1.5566957917664668,
    "train_acc": 0.42789721867007674,
    "test_loss": 1.572863221168518,
    "test_acc": 0.4241
  },
  {
    "epoch": 70,
    "k": 1,
    "seed": 45,
    "train_loss": 1.5543524301265512,
    "train_acc": 0.42874840153452687,
    "test_loss": 1.5692776441574097,
    "test_acc": 0.4249
  },
  {
    "epoch": 71,
    "k": 1,
    "seed": 45,
    "train_loss": 1.552782054447457,
    "train_acc": 0.4305266943734015,
    "test_loss": 1.5710376501083374,
    "test_acc": 0.426
  },
  {
    "epoch": 72,
    "k": 1,
    "seed": 45,
    "train_loss": 1.5494613321236028,
    "train_acc": 0.4298233695652174,
    "test_loss": 1.5665820837020874,
    "test_acc": 0.4292
  },
  {
    "epoch": 73,
    "k": 1,
    "seed": 45,
    "train_loss": 1.546632988983408,
    "train_acc": 0.4316096547314578,
    "test_loss": 1.5645263195037842,
    "test_acc": 0.4298
  },
  {
    "epoch": 74,
    "k": 1,
    "seed": 45,
    "train_loss": 1.5449067299323314,
    "train_acc": 0.43195332480818416,
    "test_loss": 1.5628302097320557,
    "test_acc": 0.4264
  },
  {
    "epoch": 75,
    "k": 1,
    "seed": 45,
    "train_loss": 1.5431620577717071,
    "train_acc": 0.4322010869565217,
    "test_loss": 1.5636228322982788,
    "test_acc": 0.428
  },
  {
    "epoch": 76,
    "k": 1,
    "seed": 45,
    "train_loss": 1.5430191904687516,
    "train_acc": 0.4324688299232737,
    "test_loss": 1.560846209526062,
    "test_acc": 0.4281
  },
  {
    "epoch": 77,
    "k": 1,
    "seed": 45,
    "train_loss": 1.5384724396269034,
    "train_acc": 0.4352221867007673,
    "test_loss": 1.5602233409881592,
    "test_acc": 0.4303
  },
  {
    "epoch": 78,
    "k": 1,
    "seed": 45,
    "train_loss": 1.5377760415186967,
    "train_acc": 0.43527413682864446,
    "test_loss": 1.5590720176696777,
    "test_acc": 0.428
  },
  {
    "epoch": 79,
    "k": 1,
    "seed": 45,
    "train_loss": 1.5337398823569803,
    "train_acc": 0.4373801150895141,
    "test_loss": 1.5594816207885742,
    "test_acc": 0.4304
  },
  {
    "epoch": 80,
    "k": 1,
    "seed": 45,
    "train_loss": 1.5337713124502041,
    "train_acc": 0.4369125639386189,
    "test_loss": 1.5577362775802612,
    "test_acc": 0.4309
  },
  {
    "epoch": 81,
    "k": 1,
    "seed": 45,
    "train_loss": 1.5316247443104034,
    "train_acc": 0.4361612851662404,
    "test_loss": 1.5554845333099365,
    "test_acc": 0.4295
  },
  {
    "epoch": 82,
    "k": 1,
    "seed": 45,
    "train_loss": 1.5297177359271232,
    "train_acc": 0.4366807864450128,
    "test_loss": 1.5528281927108765,
    "test_acc": 0.4296
  },
  {
    "epoch": 83,
    "k": 1,
    "seed": 45,
    "train_loss": 1.528274316007219,
    "train_acc": 0.43957001278772373,
    "test_loss": 1.5539089441299438,
    "test_acc": 0.4309
  },
  {
    "epoch": 84,
    "k": 1,
    "seed": 45,
    "train_loss": 1.526567327396949,
    "train_acc": 0.44152813299232735,
    "test_loss": 1.5559810400009155,
    "test_acc": 0.4307
  },
  {
    "epoch": 85,
    "k": 1,
    "seed": 45,
    "train_loss": 1.5260286346420913,
    "train_acc": 0.4388387148337596,
    "test_loss": 1.5509417057037354,
    "test_acc": 0.4321
  },
  {
    "epoch": 86,
    "k": 1,
    "seed": 45,
    "train_loss": 1.5233724855096138,
    "train_acc": 0.4414841751918159,
    "test_loss": 1.549298882484436,
    "test_acc": 0.4315
  },
  {
    "epoch": 87,
    "k": 1,
    "seed": 45,
    "train_loss": 1.5204831108717662,
    "train_acc": 0.44298673273657285,
    "test_loss": 1.548752784729004,
    "test_acc": 0.4322
  },
  {
    "epoch": 88,
    "k": 1,
    "seed": 45,
    "train_loss": 1.5228650246739692,
    "train_acc": 0.44064498081841436,
    "test_loss": 1.5475587844848633,
    "test_acc": 0.4343
  },
  {
    "epoch": 89,
    "k": 1,
    "seed": 45,
    "train_loss": 1.5190389269148297,
    "train_acc": 0.4420476342710997,
    "test_loss": 1.5445542335510254,
    "test_acc": 0.4348
  },
  {
    "epoch": 90,
    "k": 1,
    "seed": 45,
    "train_loss": 1.5164910975624533,
    "train_acc": 0.44293078644501277,
    "test_loss": 1.5419838428497314,
    "test_acc": 0.4354
  },
  {
    "epoch": 91,
    "k": 1,
    "seed": 45,
    "train_loss": 1.515238711596145,
    "train_acc": 0.44193574168797956,
    "test_loss": 1.5457836389541626,
    "test_acc": 0.4359
  },
  {
    "epoch": 92,
    "k": 1,
    "seed": 45,
    "train_loss": 1.5137154998071969,
    "train_acc": 0.44428948209718666,
    "test_loss": 1.5418682098388672,
    "test_acc": 0.4363
  },
  {
    "epoch": 93,
    "k": 1,
    "seed": 45,
    "train_loss": 1.51202780694303,
    "train_acc": 0.44375799232736574,
    "test_loss": 1.5378265380859375,
    "test_acc": 0.4382
  },
  {
    "epoch": 94,
    "k": 1,
    "seed": 45,
    "train_loss": 1.5112922371500899,
    "train_acc": 0.4441216432225064,
    "test_loss": 1.5391956567764282,
    "test_acc": 0.4373
  },
  {
    "epoch": 95,
    "k": 1,
    "seed": 45,
    "train_loss": 1.5092840542268875,
    "train_acc": 0.4471627237851662,
    "test_loss": 1.5365939140319824,
    "test_acc": 0.4401
  },
  {
    "epoch": 96,
    "k": 1,
    "seed": 45,
    "train_loss": 1.5081772703648832,
    "train_acc": 0.448081841432225,
    "test_loss": 1.534354329109192,
    "test_acc": 0.4402
  },
  {
    "epoch": 97,
    "k": 1,
    "seed": 45,
    "train_loss": 1.5045304456940087,
    "train_acc": 0.44935661764705886,
    "test_loss": 1.5350052118301392,
    "test_acc": 0.4386
  },
  {
    "epoch": 98,
    "k": 1,
    "seed": 45,
    "train_loss": 1.5049919222321961,
    "train_acc": 0.4468869884910486,
    "test_loss": 1.5324370861053467,
    "test_acc": 0.4413
  },
  {
    "epoch": 99,
    "k": 1,
    "seed": 45,
    "train_loss": 1.5022948931550126,
    "train_acc": 0.4486173273657289,
    "test_loss": 1.5326454639434814,
    "test_acc": 0.4391
  },
  {
    "epoch": 100,
    "k": 1,
    "seed": 45,
    "train_loss": 1.5022429090631588,
    "train_acc": 0.44972426470588234,
    "test_loss": 1.5297175645828247,
    "test_acc": 0.4391
  },
  {
    "epoch": 101,
    "k": 1,
    "seed": 45,
    "train_loss": 1.498424237341527,
    "train_acc": 0.4521259590792839,
    "test_loss": 1.52638578414917,
    "test_acc": 0.4424
  },
  {
    "epoch": 102,
    "k": 1,
    "seed": 45,
    "train_loss": 1.4986750167958878,
    "train_acc": 0.44896898976982097,
    "test_loss": 1.529953956604004,
    "test_acc": 0.4409
  },
  {
    "epoch": 103,
    "k": 1,
    "seed": 45,
    "train_loss": 1.4972423104678882,
    "train_acc": 0.4502197890025575,
    "test_loss": 1.5273240804672241,
    "test_acc": 0.4433
  },
  {
    "epoch": 104,
    "k": 1,
    "seed": 45,
    "train_loss": 1.4950301921581064,
    "train_acc": 0.4501678388746803,
    "test_loss": 1.5238802433013916,
    "test_acc": 0.4402
  },
  {
    "epoch": 105,
    "k": 1,
    "seed": 45,
    "train_loss": 1.4947736994994572,
    "train_acc": 0.45267742966751917,
    "test_loss": 1.5239875316619873,
    "test_acc": 0.4448
  },
  {
    "epoch": 106,
    "k": 1,
    "seed": 45,
    "train_loss": 1.4918878575420136,
    "train_acc": 0.4521898976982097,
    "test_loss": 1.5232784748077393,
    "test_acc": 0.4433
  },
  {
    "epoch": 107,
    "k": 1,
    "seed": 45,
    "train_loss": 1.492708311361425,
    "train_acc": 0.45241767902813296,
    "test_loss": 1.5225831270217896,
    "test_acc": 0.4432
  },
  {
    "epoch": 108,
    "k": 1,
    "seed": 45,
    "train_loss": 1.4894894398081944,
    "train_acc": 0.4551550511508951,
    "test_loss": 1.5227323770523071,
    "test_acc": 0.4429
  },
  {
    "epoch": 109,
    "k": 1,
    "seed": 45,
    "train_loss": 1.4888238233068716,
    "train_acc": 0.4530450767263427,
    "test_loss": 1.5203449726104736,
    "test_acc": 0.4462
  },
  {
    "epoch": 110,
    "k": 1,
    "seed": 45,
    "train_loss": 1.4873635073756928,
    "train_acc": 0.45562659846547315,
    "test_loss": 1.518193006515503,
    "test_acc": 0.446
  },
  {
    "epoch": 111,
    "k": 1,
    "seed": 45,
    "train_loss": 1.4846105102992728,
    "train_acc": 0.45537084398976985,
    "test_loss": 1.518752098083496,
    "test_acc": 0.4467
  },
  {
    "epoch": 112,
    "k": 1,
    "seed": 45,
    "train_loss": 1.483636192348607,
    "train_acc": 0.45694133631713557,
    "test_loss": 1.518141269683838,
    "test_acc": 0.449
  },
  {
    "epoch": 113,
    "k": 1,
    "seed": 45,
    "train_loss": 1.4820632800421751,
    "train_acc": 0.4572130754475703,
    "test_loss": 1.5143576860427856,
    "test_acc": 0.4468
  },
  {
    "epoch": 114,
    "k": 1,
    "seed": 45,
    "train_loss": 1.4807248972261045,
    "train_acc": 0.45636988491048597,
    "test_loss": 1.5147782564163208,
    "test_acc": 0.4488
  },
  {
    "epoch": 115,
    "k": 1,
    "seed": 45,
    "train_loss": 1.4792541503296484,
    "train_acc": 0.45926710358056266,
    "test_loss": 1.5118896961212158,
    "test_acc": 0.451
  },
  {
    "epoch": 116,
    "k": 1,
    "seed": 45,
    "train_loss": 1.4799300734039462,
    "train_acc": 0.4583080242966752,
    "test_loss": 1.5120689868927002,
    "test_acc": 0.4489
  },
  {
    "epoch": 117,
    "k": 1,
    "seed": 45,
    "train_loss": 1.4747995208291447,
    "train_acc": 0.4587476023017903,
    "test_loss": 1.510607123374939,
    "test_acc": 0.4484
  },
  {
    "epoch": 118,
    "k": 1,
    "seed": 45,
    "train_loss": 1.4759520063619784,
    "train_acc": 0.45947090792838874,
    "test_loss": 1.5085785388946533,
    "test_acc": 0.451
  },
  {
    "epoch": 119,
    "k": 1,
    "seed": 45,
    "train_loss": 1.4754977256745634,
    "train_acc": 0.4602941176470588,
    "test_loss": 1.5085408687591553,
    "test_acc": 0.4493
  },
  {
    "epoch": 120,
    "k": 1,
    "seed": 45,
    "train_loss": 1.4749073268812332,
    "train_acc": 0.4605898337595908,
    "test_loss": 1.5100270509719849,
    "test_acc": 0.4496
  },
  {
    "epoch": 121,
    "k": 1,
    "seed": 45,
    "train_loss": 1.471171054693744,
    "train_acc": 0.4616807864450128,
    "test_loss": 1.5048717260360718,
    "test_acc": 0.45
  },
  {
    "epoch": 122,
    "k": 1,
    "seed": 45,
    "train_loss": 1.4712483635948748,
    "train_acc": 0.4615049552429668,
    "test_loss": 1.5050712823867798,
    "test_acc": 0.4499
  },
  {
    "epoch": 123,
    "k": 1,
    "seed": 45,
    "train_loss": 1.4696904006211653,
    "train_acc": 0.4629955242966752,
    "test_loss": 1.5033891201019287,
    "test_acc": 0.4525
  },
  {
    "epoch": 124,
    "k": 1,
    "seed": 45,
    "train_loss": 1.4686636186926567,
    "train_acc": 0.4631393861892583,
    "test_loss": 1.5013216733932495,
    "test_acc": 0.452
  },
  {
    "epoch": 125,
    "k": 1,
    "seed": 45,
    "train_loss": 1.4671479707483746,
    "train_acc": 0.4644101662404092,
    "test_loss": 1.5002785921096802,
    "test_acc": 0.4523
  },
  {
    "epoch": 126,
    "k": 1,
    "seed": 45,
    "train_loss": 1.4658704416831132,
    "train_acc": 0.4650695332480818,
    "test_loss": 1.501481533050537,
    "test_acc": 0.4521
  },
  {
    "epoch": 127,
    "k": 1,
    "seed": 45,
    "train_loss": 1.4655855439812935,
    "train_acc": 0.46642423273657285,
    "test_loss": 1.5029373168945312,
    "test_acc": 0.4513
  },
  {
    "epoch": 128,
    "k": 1,
    "seed": 45,
    "train_loss": 1.4628884944769427,
    "train_acc": 0.46576486572890025,
    "test_loss": 1.5046378374099731,
    "test_acc": 0.4496
  },
  {
    "epoch": 129,
    "k": 1,
    "seed": 45,
    "train_loss": 1.4638132045945853,
    "train_acc": 0.465537084398977,
    "test_loss": 1.4966144561767578,
    "test_acc": 0.4529
  },
  {
    "epoch": 130,
    "k": 1,
    "seed": 45,
    "train_loss": 1.4604069055498714,
    "train_acc": 0.46739530051150896,
    "test_loss": 1.5014312267303467,
    "test_acc": 0.4494
  },
  {
    "epoch": 131,
    "k": 1,
    "seed": 45,
    "train_loss": 1.459240247221554,
    "train_acc": 0.4694413363171355,
    "test_loss": 1.4969671964645386,
    "test_acc": 0.4512
  },
  {
    "epoch": 132,
    "k": 1,
    "seed": 45,
    "train_loss": 1.4577030220909801,
    "train_acc": 0.46881793478260875,
    "test_loss": 1.4975783824920654,
    "test_acc": 0.4521
  },
  {
    "epoch": 133,
    "k": 1,
    "seed": 45,
    "train_loss": 1.4583077293527706,
    "train_acc": 0.4694173593350384,
    "test_loss": 1.4968388080596924,
    "test_acc": 0.4526
  },
  {
    "epoch": 134,
    "k": 1,
    "seed": 45,
    "train_loss": 1.4561836140235063,
    "train_acc": 0.4682105179028133,
    "test_loss": 1.4937466382980347,
    "test_acc": 0.4554
  },
  {
    "epoch": 135,
    "k": 1,
    "seed": 45,
    "train_loss": 1.456367044802517,
    "train_acc": 0.46930946291560105,
    "test_loss": 1.493373155593872,
    "test_acc": 0.4569
  },
  {
    "epoch": 136,
    "k": 1,
    "seed": 45,
    "train_loss": 1.4550615591771157,
    "train_acc": 0.46924552429667515,
    "test_loss": 1.4951568841934204,
    "test_acc": 0.4543
  },
  {
    "epoch": 137,
    "k": 1,
    "seed": 45,
    "train_loss": 1.4530985742578726,
    "train_acc": 0.47097985933503833,
    "test_loss": 1.492281198501587,
    "test_acc": 0.4572
  },
  {
    "epoch": 138,
    "k": 1,
    "seed": 45,
    "train_loss": 1.4527085022548276,
    "train_acc": 0.47061221227621486,
    "test_loss": 1.4899529218673706,
    "test_acc": 0.4556
  },
  {
    "epoch": 139,
    "k": 1,
    "seed": 45,
    "train_loss": 1.4512769053964054,
    "train_acc": 0.46888986572890023,
    "test_loss": 1.4916859865188599,
    "test_acc": 0.4564
  },
  {
    "epoch": 140,
    "k": 1,
    "seed": 45,
    "train_loss": 1.4495386562079116,
    "train_acc": 0.4724184782608695,
    "test_loss": 1.4891014099121094,
    "test_acc": 0.4574
  },
  {
    "epoch": 141,
    "k": 1,
    "seed": 45,
    "train_loss": 1.4505776508384958,
    "train_acc": 0.471315537084399,
    "test_loss": 1.492089867591858,
    "test_acc": 0.4574
  },
  {
    "epoch": 142,
    "k": 1,
    "seed": 45,
    "train_loss": 1.4471514593914647,
    "train_acc": 0.4728340792838875,
    "test_loss": 1.490828514099121,
    "test_acc": 0.4572
  },
  {
    "epoch": 143,
    "k": 1,
    "seed": 45,
    "train_loss": 1.4462668590838341,
    "train_acc": 0.47260230179028134,
    "test_loss": 1.4916017055511475,
    "test_acc": 0.4574
  },
  {
    "epoch": 144,
    "k": 1,
    "seed": 45,
    "train_loss": 1.4460733991754635,
    "train_acc": 0.47382512787723785,
    "test_loss": 1.4839235544204712,
    "test_acc": 0.4604
  },
  {
    "epoch": 145,
    "k": 1,
    "seed": 45,
    "train_loss": 1.4438574689123638,
    "train_acc": 0.47308184143222504,
    "test_loss": 1.4903080463409424,
    "test_acc": 0.4557
  },
  {
    "epoch": 146,
    "k": 1,
    "seed": 45,
    "train_loss": 1.443341949101909,
    "train_acc": 0.47470428388746805,
    "test_loss": 1.485214352607727,
    "test_acc": 0.4594
  },
  {
    "epoch": 147,
    "k": 1,
    "seed": 45,
    "train_loss": 1.4417686651429862,
    "train_acc": 0.4754595588235294,
    "test_loss": 1.4817379713058472,
    "test_acc": 0.4593
  },
  {
    "epoch": 148,
    "k": 1,
    "seed": 45,
    "train_loss": 1.440989183647858,
    "train_acc": 0.4764306265984655,
    "test_loss": 1.4847606420516968,
    "test_acc": 0.4585
  },
  {
    "epoch": 149,
    "k": 1,
    "seed": 45,
    "train_loss": 1.4417829092811136,
    "train_acc": 0.4757392902813299,
    "test_loss": 1.4826563596725464,
    "test_acc": 0.4596
  },
  {
    "epoch": 150,
    "k": 1,
    "seed": 45,
    "train_loss": 1.4397292076169377,
    "train_acc": 0.4740968670076726,
    "test_loss": 1.4799588918685913,
    "test_acc": 0.4604
  },
  {
    "epoch": 151,
    "k": 1,
    "seed": 45,
    "train_loss": 1.4394294392422338,
    "train_acc": 0.475175831202046,
    "test_loss": 1.4792110919952393,
    "test_acc": 0.4611
  },
  {
    "epoch": 152,
    "k": 1,
    "seed": 45,
    "train_loss": 1.4379499800064985,
    "train_acc": 0.47685821611253193,
    "test_loss": 1.482608437538147,
    "test_acc": 0.461
  },
  {
    "epoch": 153,
    "k": 1,
    "seed": 45,
    "train_loss": 1.437602661454769,
    "train_acc": 0.4781769501278772,
    "test_loss": 1.480842113494873,
    "test_acc": 0.4612
  },
  {
    "epoch": 154,
    "k": 1,
    "seed": 45,
    "train_loss": 1.4347191677069115,
    "train_acc": 0.47754955242966757,
    "test_loss": 1.4817901849746704,
    "test_acc": 0.4617
  },
  {
    "epoch": 155,
    "k": 1,
    "seed": 45,
    "train_loss": 1.4340781811862955,
    "train_acc": 0.4776934143222506,
    "test_loss": 1.4788979291915894,
    "test_acc": 0.4618
  },
  {
    "epoch": 156,
    "k": 1,
    "seed": 45,
    "train_loss": 1.4350732522242515,
    "train_acc": 0.4767183503836317,
    "test_loss": 1.4781025648117065,
    "test_acc": 0.4607
  },
  {
    "epoch": 157,
    "k": 1,
    "seed": 45,
    "train_loss": 1.4331730470023192,
    "train_acc": 0.4786684782608696,
    "test_loss": 1.4806230068206787,
    "test_acc": 0.4636
  },
  {
    "epoch": 158,
    "k": 1,
    "seed": 45,
    "train_loss": 1.431727448692712,
    "train_acc": 0.47935581841432223,
    "test_loss": 1.4759411811828613,
    "test_acc": 0.4623
  },
  {
    "epoch": 159,
    "k": 1,
    "seed": 45,
    "train_loss": 1.4323246558304028,
    "train_acc": 0.480159047314578,
    "test_loss": 1.4767762422561646,
    "test_acc": 0.4644
  },
  {
    "epoch": 160,
    "k": 1,
    "seed": 45,
    "train_loss": 1.4290332312474165,
    "train_acc": 0.47977141943734014,
    "test_loss": 1.4783703088760376,
    "test_acc": 0.4675
  },
  {
    "epoch": 161,
    "k": 1,
    "seed": 45,
    "train_loss": 1.42914029368964,
    "train_acc": 0.48045076726342706,
    "test_loss": 1.477451205253601,
    "test_acc": 0.4611
  },
  {
    "epoch": 162,
    "k": 1,
    "seed": 45,
    "train_loss": 1.4284473581387258,
    "train_acc": 0.4810342071611253,
    "test_loss": 1.4757641553878784,
    "test_acc": 0.4656
  },
  {
    "epoch": 163,
    "k": 1,
    "seed": 45,
    "train_loss": 1.4283815555255432,
    "train_acc": 0.4817335358056266,
    "test_loss": 1.4713525772094727,
    "test_acc": 0.4666
  },
  {
    "epoch": 164,
    "k": 1,
    "seed": 45,
    "train_loss": 1.4260777317349562,
    "train_acc": 0.48169757033248084,
    "test_loss": 1.4716845750808716,
    "test_acc": 0.4657
  },
  {
    "epoch": 165,
    "k": 1,
    "seed": 45,
    "train_loss": 1.427527128583025,
    "train_acc": 0.48074248721227625,
    "test_loss": 1.4698132276535034,
    "test_acc": 0.4648
  },
  {
    "epoch": 166,
    "k": 1,
    "seed": 45,
    "train_loss": 1.423994903369328,
    "train_acc": 0.4814138427109974,
    "test_loss": 1.473878264427185,
    "test_acc": 0.466
  },
  {
    "epoch": 167,
    "k": 1,
    "seed": 45,
    "train_loss": 1.423214452650846,
    "train_acc": 0.4831641624040921,
    "test_loss": 1.4708731174468994,
    "test_acc": 0.4653
  },
  {
    "epoch": 168,
    "k": 1,
    "seed": 45,
    "train_loss": 1.4245086883949807,
    "train_acc": 0.48189737851662406,
    "test_loss": 1.470489263534546,
    "test_acc": 0.4666
  },
  {
    "epoch": 169,
    "k": 1,
    "seed": 45,
    "train_loss": 1.423712861507445,
    "train_acc": 0.48287244245524297,
    "test_loss": 1.468265175819397,
    "test_acc": 0.4707
  },
  {
    "epoch": 170,
    "k": 1,
    "seed": 45,
    "train_loss": 1.4224976889617609,
    "train_acc": 0.483284047314578,
    "test_loss": 1.4692482948303223,
    "test_acc": 0.4671
  },
  {
    "epoch": 171,
    "k": 1,
    "seed": 45,
    "train_loss": 1.4196609978175834,
    "train_acc": 0.48321611253196933,
    "test_loss": 1.4650633335113525,
    "test_acc": 0.4689
  },
  {
    "epoch": 172,
    "k": 1,
    "seed": 45,
    "train_loss": 1.4213070399925838,
    "train_acc": 0.48415121483375956,
    "test_loss": 1.4651011228561401,
    "test_acc": 0.4651
  },
  {
    "epoch": 173,
    "k": 1,
    "seed": 45,
    "train_loss": 1.4176383109958581,
    "train_acc": 0.484846547314578,
    "test_loss": 1.4654594659805298,
    "test_acc": 0.4694
  },
  {
    "epoch": 174,
    "k": 1,
    "seed": 45,
    "train_loss": 1.418111292907344,
    "train_acc": 0.4853540601023018,
    "test_loss": 1.4646830558776855,
    "test_acc": 0.4679
  },
  {
    "epoch": 175,
    "k": 1,
    "seed": 45,
    "train_loss": 1.4186356750595601,
    "train_acc": 0.4843350383631714,
    "test_loss": 1.4640953540802002,
    "test_acc": 0.4705
  },
  {
    "epoch": 176,
    "k": 1,
    "seed": 45,
    "train_loss": 1.416891981878549,
    "train_acc": 0.4828085038363171,
    "test_loss": 1.4649425745010376,
    "test_acc": 0.4704
  },
  {
    "epoch": 177,
    "k": 1,
    "seed": 45,
    "train_loss": 1.4160339679864362,
    "train_acc": 0.48462675831202046,
    "test_loss": 1.4623298645019531,
    "test_acc": 0.4676
  },
  {
    "epoch": 178,
    "k": 1,
    "seed": 45,
    "train_loss": 1.4157754624896037,
    "train_acc": 0.4862492007672634,
    "test_loss": 1.4636482000350952,
    "test_acc": 0.4714
  },
  {
    "epoch": 179,
    "k": 1,
    "seed": 45,
    "train_loss": 1.4156176126216684,
    "train_acc": 0.48757992327365735,
    "test_loss": 1.4614360332489014,
    "test_acc": 0.4714
  },
  {
    "epoch": 180,
    "k": 1,
    "seed": 45,
    "train_loss": 1.4140050841109526,
    "train_acc": 0.48433903452685423,
    "test_loss": 1.4582868814468384,
    "test_acc": 0.4725
  },
  {
    "epoch": 181,
    "k": 1,
    "seed": 45,
    "train_loss": 1.4139789464833485,
    "train_acc": 0.48664482097186695,
    "test_loss": 1.4609534740447998,
    "test_acc": 0.4695
  },
  {
    "epoch": 182,
    "k": 1,
    "seed": 45,
    "train_loss": 1.41301603420921,
    "train_acc": 0.48798753196930944,
    "test_loss": 1.460772156715393,
    "test_acc": 0.4707
  },
  {
    "epoch": 183,
    "k": 1,
    "seed": 45,
    "train_loss": 1.413169362965752,
    "train_acc": 0.48750399616368284,
    "test_loss": 1.4600390195846558,
    "test_acc": 0.4729
  },
  {
    "epoch": 184,
    "k": 1,
    "seed": 45,
    "train_loss": 1.4106704813745015,
    "train_acc": 0.4865089514066496,
    "test_loss": 1.45753014087677,
    "test_acc": 0.4689
  },
  {
    "epoch": 185,
    "k": 1,
    "seed": 45,
    "train_loss": 1.4113815407009076,
    "train_acc": 0.48824328644501275,
    "test_loss": 1.4593324661254883,
    "test_acc": 0.4719
  },
  {
    "epoch": 186,
    "k": 1,
    "seed": 45,
    "train_loss": 1.4106253842868464,
    "train_acc": 0.4879235933503836,
    "test_loss": 1.457750678062439,
    "test_acc": 0.4721
  },
  {
    "epoch": 187,
    "k": 1,
    "seed": 45,
    "train_loss": 1.4103559914147457,
    "train_acc": 0.4867607097186701,
    "test_loss": 1.456365942955017,
    "test_acc": 0.4693
  },
  {
    "epoch": 188,
    "k": 1,
    "seed": 45,
    "train_loss": 1.4078428153796574,
    "train_acc": 0.4903412723785166,
    "test_loss": 1.4554893970489502,
    "test_acc": 0.4707
  },
  {
    "epoch": 189,
    "k": 1,
    "seed": 45,
    "train_loss": 1.4091593505781326,
    "train_acc": 0.4885589833759591,
    "test_loss": 1.4562488794326782,
    "test_acc": 0.4706
  },
  {
    "epoch": 190,
    "k": 1,
    "seed": 45,
    "train_loss": 1.4069655706815403,
    "train_acc": 0.48979779411764707,
    "test_loss": 1.453080654144287,
    "test_acc": 0.4727
  },
  {
    "epoch": 191,
    "k": 1,
    "seed": 45,
    "train_loss": 1.4083453060111122,
    "train_acc": 0.4894621163682864,
    "test_loss": 1.4565556049346924,
    "test_acc": 0.473
  },
  {
    "epoch": 192,
    "k": 1,
    "seed": 45,
    "train_loss": 1.4070703775986382,
    "train_acc": 0.49000159846547314,
    "test_loss": 1.4514539241790771,
    "test_acc": 0.4753
  },
  {
    "epoch": 193,
    "k": 1,
    "seed": 45,
    "train_loss": 1.4054697691022282,
    "train_acc": 0.48908248081841427,
    "test_loss": 1.4526234865188599,
    "test_acc": 0.4722
  },
  {
    "epoch": 194,
    "k": 1,
    "seed": 45,
    "train_loss": 1.4055098145819076,
    "train_acc": 0.49063299232736574,
    "test_loss": 1.4517279863357544,
    "test_acc": 0.4712
  },
  {
    "epoch": 195,
    "k": 1,
    "seed": 45,
    "train_loss": 1.4053504116394941,
    "train_acc": 0.49083679667519187,
    "test_loss": 1.4524918794631958,
    "test_acc": 0.4754
  },
  {
    "epoch": 196,
    "k": 1,
    "seed": 45,
    "train_loss": 1.4041684920830495,
    "train_acc": 0.49184382992327363,
    "test_loss": 1.4510225057601929,
    "test_acc": 0.477
  },
  {
    "epoch": 197,
    "k": 1,
    "seed": 45,
    "train_loss": 1.4032801170178386,
    "train_acc": 0.4896179667519182,
    "test_loss": 1.4507949352264404,
    "test_acc": 0.4765
  },
  {
    "epoch": 198,
    "k": 1,
    "seed": 45,
    "train_loss": 1.4024166716334154,
    "train_acc": 0.49127237851662403,
    "test_loss": 1.451450228691101,
    "test_acc": 0.478
  },
  {
    "epoch": 199,
    "k": 1,
    "seed": 45,
    "train_loss": 1.4026665565607799,
    "train_acc": 0.4932344948849105,
    "test_loss": 1.450275182723999,
    "test_acc": 0.4774
  },
  {
    "epoch": 200,
    "k": 1,
    "seed": 45,
    "train_loss": 1.4008771013420867,
    "train_acc": 0.49045716112531973,
    "test_loss": 1.4504880905151367,
    "test_acc": 0.4774
  },
  {
    "epoch": 201,
    "k": 1,
    "seed": 45,
    "train_loss": 1.4014349242915278,
    "train_acc": 0.4927869245524297,
    "test_loss": 1.451459527015686,
    "test_acc": 0.4744
  },
  {
    "epoch": 202,
    "k": 1,
    "seed": 45,
    "train_loss": 1.400495520333195,
    "train_acc": 0.49400575447570333,
    "test_loss": 1.4489285945892334,
    "test_acc": 0.4818
  },
  {
    "epoch": 203,
    "k": 1,
    "seed": 45,
    "train_loss": 1.4001692210316963,
    "train_acc": 0.49340632992327366,
    "test_loss": 1.4475104808807373,
    "test_acc": 0.4783
  },
  {
    "epoch": 204,
    "k": 1,
    "seed": 45,
    "train_loss": 1.3999783480563737,
    "train_acc": 0.4916999680306905,
    "test_loss": 1.4501115083694458,
    "test_acc": 0.4765
  },
  {
    "epoch": 205,
    "k": 1,
    "seed": 45,
    "train_loss": 1.3983016834234643,
    "train_acc": 0.49397378516624046,
    "test_loss": 1.4486969709396362,
    "test_acc": 0.4752
  },
  {
    "epoch": 206,
    "k": 1,
    "seed": 45,
    "train_loss": 1.3984376518317805,
    "train_acc": 0.49292279411764706,
    "test_loss": 1.4448046684265137,
    "test_acc": 0.481
  },
  {
    "epoch": 207,
    "k": 1,
    "seed": 45,
    "train_loss": 1.3985413785480783,
    "train_acc": 0.4935102301790281,
    "test_loss": 1.4469956159591675,
    "test_acc": 0.4784
  },
  {
    "epoch": 208,
    "k": 1,
    "seed": 45,
    "train_loss": 1.3979332617786535,
    "train_acc": 0.4947570332480818,
    "test_loss": 1.443779706954956,
    "test_acc": 0.4779
  },
  {
    "epoch": 209,
    "k": 1,
    "seed": 45,
    "train_loss": 1.3977451330560553,
    "train_acc": 0.4932384910485933,
    "test_loss": 1.4451295137405396,
    "test_acc": 0.4811
  },
  {
    "epoch": 210,
    "k": 1,
    "seed": 45,
    "train_loss": 1.3968035330248,
    "train_acc": 0.49430147058823526,
    "test_loss": 1.4439138174057007,
    "test_acc": 0.4824
  },
  {
    "epoch": 211,
    "k": 1,
    "seed": 45,
    "train_loss": 1.3948615115621816,
    "train_acc": 0.4945012787723785,
    "test_loss": 1.4447065591812134,
    "test_acc": 0.4802
  },
  {
    "epoch": 212,
    "k": 1,
    "seed": 45,
    "train_loss": 1.3966884302056355,
    "train_acc": 0.4956721547314578,
    "test_loss": 1.4430768489837646,
    "test_acc": 0.4813
  },
  {
    "epoch": 213,
    "k": 1,
    "seed": 45,
    "train_loss": 1.3940652858875597,
    "train_acc": 0.4946411445012788,
    "test_loss": 1.4431942701339722,
    "test_acc": 0.482
  },
  {
    "epoch": 214,
    "k": 1,
    "seed": 45,
    "train_loss": 1.3932244274622338,
    "train_acc": 0.4965113491048594,
    "test_loss": 1.445145845413208,
    "test_acc": 0.4788
  },
  {
    "epoch": 215,
    "k": 1,
    "seed": 45,
    "train_loss": 1.3930757006111048,
    "train_acc": 0.4942415281329923,
    "test_loss": 1.4396388530731201,
    "test_acc": 0.4799
  },
  {
    "epoch": 216,
    "k": 1,
    "seed": 45,
    "train_loss": 1.3944277839587473,
    "train_acc": 0.4947610294117647,
    "test_loss": 1.440724492073059,
    "test_acc": 0.4796
  },
  {
    "epoch": 217,
    "k": 1,
    "seed": 45,
    "train_loss": 1.3908080377847032,
    "train_acc": 0.49536045396419437,
    "test_loss": 1.4456647634506226,
    "test_acc": 0.4781
  },
  {
    "epoch": 218,
    "k": 1,
    "seed": 45,
    "train_loss": 1.3906248323142987,
    "train_acc": 0.4960917519181586,
    "test_loss": 1.4402010440826416,
    "test_acc": 0.4837
  },
  {
    "epoch": 219,
    "k": 1,
    "seed": 45,
    "train_loss": 1.3902176932605637,
    "train_acc": 0.49700287723785164,
    "test_loss": 1.4390467405319214,
    "test_acc": 0.4843
  },
  {
    "epoch": 220,
    "k": 1,
    "seed": 45,
    "train_loss": 1.3914762293286336,
    "train_acc": 0.49695492327365726,
    "test_loss": 1.437760353088379,
    "test_acc": 0.4833
  },
  {
    "epoch": 221,
    "k": 1,
    "seed": 45,
    "train_loss": 1.3893638364494305,
    "train_acc": 0.49731058184143223,
    "test_loss": 1.4372432231903076,
    "test_acc": 0.4825
  },
  {
    "epoch": 222,
    "k": 1,
    "seed": 45,
    "train_loss": 1.3892658616575744,
    "train_acc": 0.49759031329923276,
    "test_loss": 1.4407119750976562,
    "test_acc": 0.4831
  },
  {
    "epoch": 223,
    "k": 1,
    "seed": 45,
    "train_loss": 1.388613497814559,
    "train_acc": 0.4974264705882353,
    "test_loss": 1.4373618364334106,
    "test_acc": 0.4821
  },
  {
    "epoch": 224,
    "k": 1,
    "seed": 45,
    "train_loss": 1.3897021588157206,
    "train_acc": 0.4981737531969309,
    "test_loss": 1.4376440048217773,
    "test_acc": 0.4818
  },
  {
    "epoch": 225,
    "k": 1,
    "seed": 45,
    "train_loss": 1.3879086026145369,
    "train_acc": 0.498613331202046,
    "test_loss": 1.4364328384399414,
    "test_acc": 0.4816
  },
  {
    "epoch": 226,
    "k": 1,
    "seed": 45,
    "train_loss": 1.3895648053235106,
    "train_acc": 0.4978740409207161,
    "test_loss": 1.435929536819458,
    "test_acc": 0.4813
  },
  {
    "epoch": 227,
    "k": 1,
    "seed": 45,
    "train_loss": 1.387055924786326,
    "train_acc": 0.49679108056265986,
    "test_loss": 1.4363218545913696,
    "test_acc": 0.4833
  },
  {
    "epoch": 228,
    "k": 1,
    "seed": 45,
    "train_loss": 1.387262613572123,
    "train_acc": 0.4989130434782608,
    "test_loss": 1.433987021446228,
    "test_acc": 0.4833
  },
  {
    "epoch": 229,
    "k": 1,
    "seed": 45,
    "train_loss": 1.3864347035317774,
    "train_acc": 0.4988291240409207,
    "test_loss": 1.4355037212371826,
    "test_acc": 0.4848
  },
  {
    "epoch": 230,
    "k": 1,
    "seed": 45,
    "train_loss": 1.3850473616739063,
    "train_acc": 0.498053868286445,
    "test_loss": 1.4351654052734375,
    "test_acc": 0.4843
  },
  {
    "epoch": 231,
    "k": 1,
    "seed": 45,
    "train_loss": 1.3853687496136522,
    "train_acc": 0.4997442455242967,
    "test_loss": 1.4353158473968506,
    "test_acc": 0.4831
  },
  {
    "epoch": 232,
    "k": 1,
    "seed": 45,
    "train_loss": 1.3831830143623645,
    "train_acc": 0.4978980179028133,
    "test_loss": 1.4362363815307617,
    "test_acc": 0.4804
  },
  {
    "epoch": 233,
    "k": 1,
    "seed": 45,
    "train_loss": 1.3837651843610017,
    "train_acc": 0.5004795396419437,
    "test_loss": 1.4308723211288452,
    "test_acc": 0.4847
  },
  {
    "epoch": 234,
    "k": 1,
    "seed": 45,
    "train_loss": 1.38257158808696,
    "train_acc": 0.5012228260869566,
    "test_loss": 1.4316158294677734,
    "test_acc": 0.4824
  },
  {
    "epoch": 235,
    "k": 1,
    "seed": 45,
    "train_loss": 1.3838766837668846,
    "train_acc": 0.49985613810741686,
    "test_loss": 1.4315258264541626,
    "test_acc": 0.4875
  },
  {
    "epoch": 236,
    "k": 1,
    "seed": 45,
    "train_loss": 1.3813692742906263,
    "train_acc": 0.501298753196931,
    "test_loss": 1.4308489561080933,
    "test_acc": 0.4855
  },
  {
    "epoch": 237,
    "k": 1,
    "seed": 45,
    "train_loss": 1.3823620266926564,
    "train_acc": 0.5005035166240409,
    "test_loss": 1.430719017982483,
    "test_acc": 0.4842
  },
  {
    "epoch": 238,
    "k": 1,
    "seed": 45,
    "train_loss": 1.3816637666633977,
    "train_acc": 0.5005794437340153,
    "test_loss": 1.4295848608016968,
    "test_acc": 0.4867
  },
  {
    "epoch": 239,
    "k": 1,
    "seed": 45,
    "train_loss": 1.3790139740385363,
    "train_acc": 0.5017543158567774,
    "test_loss": 1.4324135780334473,
    "test_acc": 0.4858
  },
  {
    "epoch": 240,
    "k": 1,
    "seed": 45,
    "train_loss": 1.3806326413703391,
    "train_acc": 0.5007233056265985,
    "test_loss": 1.4310263395309448,
    "test_acc": 0.4846
  },
  {
    "epoch": 241,
    "k": 1,
    "seed": 45,
    "train_loss": 1.3795301810554836,
    "train_acc": 0.5002597506393862,
    "test_loss": 1.4337841272354126,
    "test_acc": 0.4829
  },
  {
    "epoch": 242,
    "k": 1,
    "seed": 45,
    "train_loss": 1.3789923255096006,
    "train_acc": 0.5039562020460358,
    "test_loss": 1.428301215171814,
    "test_acc": 0.4862
  },
  {
    "epoch": 243,
    "k": 1,
    "seed": 45,
    "train_loss": 1.3786555345710891,
    "train_acc": 0.5021659207161125,
    "test_loss": 1.4283798933029175,
    "test_acc": 0.4883
  },
  {
    "epoch": 244,
    "k": 1,
    "seed": 45,
    "train_loss": 1.3792053052531483,
    "train_acc": 0.5025135869565217,
    "test_loss": 1.42894446849823,
    "test_acc": 0.4861
  },
  {
    "epoch": 245,
    "k": 1,
    "seed": 45,
    "train_loss": 1.377835779848611,
    "train_acc": 0.5015385230179028,
    "test_loss": 1.4299863576889038,
    "test_acc": 0.487
  },
  {
    "epoch": 246,
    "k": 1,
    "seed": 45,
    "train_loss": 1.3769893688923867,
    "train_acc": 0.5027014066496164,
    "test_loss": 1.4285242557525635,
    "test_acc": 0.4851
  },
  {
    "epoch": 247,
    "k": 1,
    "seed": 45,
    "train_loss": 1.375930898634674,
    "train_acc": 0.5041200447570333,
    "test_loss": 1.4280425310134888,
    "test_acc": 0.4859
  },
  {
    "epoch": 248,
    "k": 1,
    "seed": 45,
    "train_loss": 1.3760697170901481,
    "train_acc": 0.5037244245524297,
    "test_loss": 1.429165244102478,
    "test_acc": 0.487
  },
  {
    "epoch": 249,
    "k": 1,
    "seed": 45,
    "train_loss": 1.3745184420319774,
    "train_acc": 0.5034247122762149,
    "test_loss": 1.424892783164978,
    "test_acc": 0.4886
  },
  {
    "epoch": 250,
    "k": 1,
    "seed": 45,
    "train_loss": 1.3743144380467018,
    "train_acc": 0.5036764705882353,
    "test_loss": 1.4264123439788818,
    "test_acc": 0.4864
  },
  {
    "epoch": 251,
    "k": 1,
    "seed": 45,
    "train_loss": 1.374981905798168,
    "train_acc": 0.5041520140664961,
    "test_loss": 1.4262009859085083,
    "test_acc": 0.4861
  },
  {
    "epoch": 252,
    "k": 1,
    "seed": 45,
    "train_loss": 1.3755126276894298,
    "train_acc": 0.5016584079283888,
    "test_loss": 1.4252268075942993,
    "test_acc": 0.4873
  },
  {
    "epoch": 253,
    "k": 1,
    "seed": 45,
    "train_loss": 1.3735387462484256,
    "train_acc": 0.5042039641943734,
    "test_loss": 1.4254276752471924,
    "test_acc": 0.4884
  },
  {
    "epoch": 254,
    "k": 1,
    "seed": 45,
    "train_loss": 1.372292737826667,
    "train_acc": 0.5041040601023018,
    "test_loss": 1.4264448881149292,
    "test_acc": 0.4876
  },
  {
    "epoch": 255,
    "k": 1,
    "seed": 45,
    "train_loss": 1.3719898861692386,
    "train_acc": 0.503212915601023,
    "test_loss": 1.423266887664795,
    "test_acc": 0.4871
  },
  {
    "epoch": 256,
    "k": 1,
    "seed": 45,
    "train_loss": 1.373097975845532,
    "train_acc": 0.5041040601023018,
    "test_loss": 1.428023099899292,
    "test_acc": 0.4906
  },
  {
    "epoch": 257,
    "k": 1,
    "seed": 45,
    "train_loss": 1.3708919448315944,
    "train_acc": 0.5057344948849105,
    "test_loss": 1.426071047782898,
    "test_acc": 0.4876
  },
  {
    "epoch": 258,
    "k": 1,
    "seed": 45,
    "train_loss": 1.3704484216392498,
    "train_acc": 0.5050991048593351,
    "test_loss": 1.4226922988891602,
    "test_acc": 0.4868
  },
  {
    "epoch": 259,
    "k": 1,
    "seed": 45,
    "train_loss": 1.371045463530304,
    "train_acc": 0.505954283887468,
    "test_loss": 1.4259984493255615,
    "test_acc": 0.4886
  },
  {
    "epoch": 260,
    "k": 1,
    "seed": 45,
    "train_loss": 1.3719106190039982,
    "train_acc": 0.5036285166240408,
    "test_loss": 1.4239020347595215,
    "test_acc": 0.4873
  },
  {
    "epoch": 261,
    "k": 1,
    "seed": 45,
    "train_loss": 1.3707515418986835,
    "train_acc": 0.5062539961636828,
    "test_loss": 1.4225168228149414,
    "test_acc": 0.485
  },
  {
    "epoch": 262,
    "k": 1,
    "seed": 45,
    "train_loss": 1.3690321729006365,
    "train_acc": 0.5064298273657288,
    "test_loss": 1.4229758977890015,
    "test_acc": 0.4893
  },
  {
    "epoch": 263,
    "k": 1,
    "seed": 45,
    "train_loss": 1.3683582416275883,
    "train_acc": 0.5067934782608695,
    "test_loss": 1.4222173690795898,
    "test_acc": 0.487
  },
  {
    "epoch": 264,
    "k": 1,
    "seed": 45,
    "train_loss": 1.368693849314814,
    "train_acc": 0.506457800511509,
    "test_loss": 1.4223816394805908,
    "test_acc": 0.4889
  },
  {
    "epoch": 265,
    "k": 1,
    "seed": 45,
    "train_loss": 1.3691872117464499,
    "train_acc": 0.5052229859335039,
    "test_loss": 1.4203038215637207,
    "test_acc": 0.4879
  },
  {
    "epoch": 266,
    "k": 1,
    "seed": 45,
    "train_loss": 1.368906108619612,
    "train_acc": 0.5064338235294118,
    "test_loss": 1.422191858291626,
    "test_acc": 0.4877
  },
  {
    "epoch": 267,
    "k": 1,
    "seed": 45,
    "train_loss": 1.3687132862217897,
    "train_acc": 0.5057904411764705,
    "test_loss": 1.4192277193069458,
    "test_acc": 0.4883
  },
  {
    "epoch": 268,
    "k": 1,
    "seed": 45,
    "train_loss": 1.3669583077930734,
    "train_acc": 0.5067215473145781,
    "test_loss": 1.4190177917480469,
    "test_acc": 0.4873
  },
  {
    "epoch": 269,
    "k": 1,
    "seed": 45,
    "train_loss": 1.3668456287945019,
    "train_acc": 0.5047514386189258,
    "test_loss": 1.4220291376113892,
    "test_acc": 0.4852
  },
  {
    "epoch": 270,
    "k": 1,
    "seed": 45,
    "train_loss": 1.3664379177800834,
    "train_acc": 0.5064657928388746,
    "test_loss": 1.4199494123458862,
    "test_acc": 0.4916
  },
  {
    "epoch": 271,
    "k": 1,
    "seed": 45,
    "train_loss": 1.367359992488266,
    "train_acc": 0.5062899616368286,
    "test_loss": 1.420864462852478,
    "test_acc": 0.4901
  },
  {
    "epoch": 272,
    "k": 1,
    "seed": 45,
    "train_loss": 1.365152512364985,
    "train_acc": 0.5072770140664962,
    "test_loss": 1.4185032844543457,
    "test_acc": 0.4894
  },
  {
    "epoch": 273,
    "k": 1,
    "seed": 45,
    "train_loss": 1.364917620673509,
    "train_acc": 0.5053828324808184,
    "test_loss": 1.4187698364257812,
    "test_acc": 0.4911
  },
  {
    "epoch": 274,
    "k": 1,
    "seed": 45,
    "train_loss": 1.3632922367671567,
    "train_acc": 0.5068294437340153,
    "test_loss": 1.4187921285629272,
    "test_acc": 0.4898
  },
  {
    "epoch": 275,
    "k": 1,
    "seed": 45,
    "train_loss": 1.3634500710860542,
    "train_acc": 0.5075647378516623,
    "test_loss": 1.419387936592102,
    "test_acc": 0.4892
  },
  {
    "epoch": 276,
    "k": 1,
    "seed": 45,
    "train_loss": 1.3632871677808445,
    "train_acc": 0.5084478900255754,
    "test_loss": 1.4189400672912598,
    "test_acc": 0.489
  },
  {
    "epoch": 277,
    "k": 1,
    "seed": 45,
    "train_loss": 1.3639696964522456,
    "train_acc": 0.507456841432225,
    "test_loss": 1.4222179651260376,
    "test_acc": 0.49
  },
  {
    "epoch": 278,
    "k": 1,
    "seed": 45,
    "train_loss": 1.3611151437320368,
    "train_acc": 0.5087995524296676,
    "test_loss": 1.4192149639129639,
    "test_acc": 0.4869
  },
  {
    "epoch": 279,
    "k": 1,
    "seed": 45,
    "train_loss": 1.363335019182366,
    "train_acc": 0.5085398017902814,
    "test_loss": 1.4174269437789917,
    "test_acc": 0.4894
  },
  {
    "epoch": 280,
    "k": 1,
    "seed": 45,
    "train_loss": 1.3617335896357856,
    "train_acc": 0.5082720588235294,
    "test_loss": 1.4215704202651978,
    "test_acc": 0.4903
  },
  {
    "epoch": 281,
    "k": 1,
    "seed": 45,
    "train_loss": 1.3622223724184743,
    "train_acc": 0.5064817774936061,
    "test_loss": 1.4173856973648071,
    "test_acc": 0.4889
  },
  {
    "epoch": 282,
    "k": 1,
    "seed": 45,
    "train_loss": 1.3605480434949442,
    "train_acc": 0.5082161125319693,
    "test_loss": 1.4169682264328003,
    "test_acc": 0.4909
  },
  {
    "epoch": 283,
    "k": 1,
    "seed": 45,
    "train_loss": 1.3613483506395383,
    "train_acc": 0.5102821291560102,
    "test_loss": 1.4180805683135986,
    "test_acc": 0.4909
  },
  {
    "epoch": 284,
    "k": 1,
    "seed": 45,
    "train_loss": 1.3597117022175313,
    "train_acc": 0.5091751918158568,
    "test_loss": 1.4235280752182007,
    "test_acc": 0.489
  },
  {
    "epoch": 285,
    "k": 1,
    "seed": 45,
    "train_loss": 1.3605558518558512,
    "train_acc": 0.508759590792839,
    "test_loss": 1.4200618267059326,
    "test_acc": 0.4908
  },
  {
    "epoch": 286,
    "k": 1,
    "seed": 45,
    "train_loss": 1.3609001496258903,
    "train_acc": 0.5083240089514066,
    "test_loss": 1.4198724031448364,
    "test_acc": 0.4885
  },
  {
    "epoch": 287,
    "k": 1,
    "seed": 45,
    "train_loss": 1.3595412490922776,
    "train_acc": 0.5090832800511509,
    "test_loss": 1.4171981811523438,
    "test_acc": 0.4896
  },
  {
    "epoch": 288,
    "k": 1,
    "seed": 45,
    "train_loss": 1.359017340728389,
    "train_acc": 0.5090313299232737,
    "test_loss": 1.4178723096847534,
    "test_acc": 0.4883
  },
  {
    "epoch": 289,
    "k": 1,
    "seed": 45,
    "train_loss": 1.3608274188492915,
    "train_acc": 0.5084518861892583,
    "test_loss": 1.4138469696044922,
    "test_acc": 0.4931
  },
  {
    "epoch": 290,
    "k": 1,
    "seed": 45,
    "train_loss": 1.358383653109031,
    "train_acc": 0.5092191496163683,
    "test_loss": 1.4182287454605103,
    "test_acc": 0.4897
  },
  {
    "epoch": 291,
    "k": 1,
    "seed": 45,
    "train_loss": 1.361672898387665,
    "train_acc": 0.5074168797953964,
    "test_loss": 1.417279839515686,
    "test_acc": 0.4897
  },
  {
    "epoch": 292,
    "k": 1,
    "seed": 45,
    "train_loss": 1.3561092834643391,
    "train_acc": 0.5100343670076727,
    "test_loss": 1.415978193283081,
    "test_acc": 0.492
  },
  {
    "epoch": 293,
    "k": 1,
    "seed": 45,
    "train_loss": 1.3578100786794483,
    "train_acc": 0.5110094309462916,
    "test_loss": 1.4150794744491577,
    "test_acc": 0.4905
  },
  {
    "epoch": 294,
    "k": 1,
    "seed": 45,
    "train_loss": 1.359066334831745,
    "train_acc": 0.5096267583120204,
    "test_loss": 1.41451096534729,
    "test_acc": 0.4897
  },
  {
    "epoch": 295,
    "k": 1,
    "seed": 45,
    "train_loss": 1.35683087406256,
    "train_acc": 0.5097906010230179,
    "test_loss": 1.415815830230713,
    "test_acc": 0.4875
  },
  {
    "epoch": 296,
    "k": 1,
    "seed": 45,
    "train_loss": 1.358278725458228,
    "train_acc": 0.5089633951406649,
    "test_loss": 1.4148145914077759,
    "test_acc": 0.4918
  },
  {
    "epoch": 297,
    "k": 1,
    "seed": 45,
    "train_loss": 1.355938766923402,
    "train_acc": 0.511201246803069,
    "test_loss": 1.4156793355941772,
    "test_acc": 0.4903
  },
  {
    "epoch": 298,
    "k": 1,
    "seed": 45,
    "train_loss": 1.3560012722259287,
    "train_acc": 0.5108575767263427,
    "test_loss": 1.4149874448776245,
    "test_acc": 0.4914
  },
  {
    "epoch": 299,
    "k": 1,
    "seed": 45,
    "train_loss": 1.3559119954438466,
    "train_acc": 0.511145300511509,
    "test_loss": 1.416797161102295,
    "test_acc": 0.4899
  },
  {
    "epoch": 300,
    "k": 1,
    "seed": 45,
    "train_loss": 1.353699046937401,
    "train_acc": 0.5125399616368286,
    "test_loss": 1.4162395000457764,
    "test_acc": 0.493
  },
  {
    "epoch": 301,
    "k": 1,
    "seed": 45,
    "train_loss": 1.3532786616279036,
    "train_acc": 0.5120004795396419,
    "test_loss": 1.4148063659667969,
    "test_acc": 0.4894
  },
  {
    "epoch": 302,
    "k": 1,
    "seed": 45,
    "train_loss": 1.3545604178972561,
    "train_acc": 0.511852621483376,
    "test_loss": 1.413611888885498,
    "test_acc": 0.4912
  },
  {
    "epoch": 303,
    "k": 1,
    "seed": 45,
    "train_loss": 1.3549307371344408,
    "train_acc": 0.511556905370844,
    "test_loss": 1.4145575761795044,
    "test_acc": 0.4916
  },
  {
    "epoch": 304,
    "k": 1,
    "seed": 45,
    "train_loss": 1.3542918546120528,
    "train_acc": 0.510437979539642,
    "test_loss": 1.4126323461532593,
    "test_acc": 0.4916
  },
  {
    "epoch": 305,
    "k": 1,
    "seed": 45,
    "train_loss": 1.3551208607071197,
    "train_acc": 0.5115728900255755,
    "test_loss": 1.4150493144989014,
    "test_acc": 0.4887
  },
  {
    "epoch": 306,
    "k": 1,
    "seed": 45,
    "train_loss": 1.3532851190518236,
    "train_acc": 0.5101382672634271,
    "test_loss": 1.4139903783798218,
    "test_acc": 0.4904
  },
  {
    "epoch": 307,
    "k": 1,
    "seed": 45,
    "train_loss": 1.3526601331008365,
    "train_acc": 0.5107057225063939,
    "test_loss": 1.4124172925949097,
    "test_acc": 0.4924
  },
  {
    "epoch": 308,
    "k": 1,
    "seed": 45,
    "train_loss": 1.3527339492612482,
    "train_acc": 0.5110214194373401,
    "test_loss": 1.4143176078796387,
    "test_acc": 0.491
  },
  {
    "epoch": 309,
    "k": 1,
    "seed": 45,
    "train_loss": 1.3535391299620918,
    "train_acc": 0.5098185741687979,
    "test_loss": 1.413041353225708,
    "test_acc": 0.4938
  },
  {
    "epoch": 310,
    "k": 1,
    "seed": 45,
    "train_loss": 1.3524389312700238,
    "train_acc": 0.5111253196930946,
    "test_loss": 1.4146840572357178,
    "test_acc": 0.4891
  },
  {
    "epoch": 311,
    "k": 1,
    "seed": 45,
    "train_loss": 1.3503972560243533,
    "train_acc": 0.5132512787723785,
    "test_loss": 1.411647081375122,
    "test_acc": 0.4912
  },
  {
    "epoch": 312,
    "k": 1,
    "seed": 45,
    "train_loss": 1.3517373910035624,
    "train_acc": 0.5112172314578005,
    "test_loss": 1.414182424545288,
    "test_acc": 0.4897
  },
  {
    "epoch": 313,
    "k": 1,
    "seed": 45,
    "train_loss": 1.3530916134109887,
    "train_acc": 0.512468030690537,
    "test_loss": 1.4127686023712158,
    "test_acc": 0.4927
  },
  {
    "epoch": 314,
    "k": 1,
    "seed": 45,
    "train_loss": 1.352049603791493,
    "train_acc": 0.5120764066496164,
    "test_loss": 1.4102269411087036,
    "test_acc": 0.4921
  },
  {
    "epoch": 315,
    "k": 1,
    "seed": 45,
    "train_loss": 1.3502389088920925,
    "train_acc": 0.5115928708439897,
    "test_loss": 1.4136842489242554,
    "test_acc": 0.4889
  },
  {
    "epoch": 316,
    "k": 1,
    "seed": 45,
    "train_loss": 1.3513469211280804,
    "train_acc": 0.5105858375959079,
    "test_loss": 1.41182279586792,
    "test_acc": 0.4938
  },
  {
    "epoch": 317,
    "k": 1,
    "seed": 45,
    "train_loss": 1.3509582299405656,
    "train_acc": 0.5113770780051151,
    "test_loss": 1.4134551286697388,
    "test_acc": 0.4897
  },
  {
    "epoch": 318,
    "k": 1,
    "seed": 45,
    "train_loss": 1.3503048294950324,
    "train_acc": 0.5113850703324808,
    "test_loss": 1.4133281707763672,
    "test_acc": 0.4863
  },
  {
    "epoch": 319,
    "k": 1,
    "seed": 45,
    "train_loss": 1.3492580877850429,
    "train_acc": 0.5134111253196931,
    "test_loss": 1.410800814628601,
    "test_acc": 0.4912
  },
  {
    "epoch": 320,
    "k": 1,
    "seed": 45,
    "train_loss": 1.3493659484112048,
    "train_acc": 0.5132392902813299,
    "test_loss": 1.4139164686203003,
    "test_acc": 0.4932
  },
  {
    "epoch": 321,
    "k": 1,
    "seed": 45,
    "train_loss": 1.3479410205655695,
    "train_acc": 0.5133032289002557,
    "test_loss": 1.4104387760162354,
    "test_acc": 0.4922
  },
  {
    "epoch": 322,
    "k": 1,
    "seed": 45,
    "train_loss": 1.350389401321216,
    "train_acc": 0.5105938299232736,
    "test_loss": 1.4125205278396606,
    "test_acc": 0.4903
  },
  {
    "epoch": 323,
    "k": 1,
    "seed": 45,
    "train_loss": 1.3497001704047709,
    "train_acc": 0.5122602301790281,
    "test_loss": 1.41349458694458,
    "test_acc": 0.4925
  },
  {
    "epoch": 324,
    "k": 1,
    "seed": 45,
    "train_loss": 1.3491294850473818,
    "train_acc": 0.5118726023017903,
    "test_loss": 1.4131269454956055,
    "test_acc": 0.4913
  },
  {
    "epoch": 325,
    "k": 1,
    "seed": 45,
    "train_loss": 1.3481031573946824,
    "train_acc": 0.5129355818414323,
    "test_loss": 1.4108548164367676,
    "test_acc": 0.4935
  },
  {
    "epoch": 326,
    "k": 1,
    "seed": 45,
    "train_loss": 1.3495777635013355,
    "train_acc": 0.5118286445012787,
    "test_loss": 1.4130619764328003,
    "test_acc": 0.4914
  },
  {
    "epoch": 327,
    "k": 1,
    "seed": 45,
    "train_loss": 1.3473588706892166,
    "train_acc": 0.5125159846547315,
    "test_loss": 1.4101970195770264,
    "test_acc": 0.4923
  },
  {
    "epoch": 328,
    "k": 1,
    "seed": 45,
    "train_loss": 1.3463090530136967,
    "train_acc": 0.5137268222506394,
    "test_loss": 1.4110472202301025,
    "test_acc": 0.4949
  },
  {
    "epoch": 329,
    "k": 1,
    "seed": 45,
    "train_loss": 1.3476041771871659,
    "train_acc": 0.5129595588235294,
    "test_loss": 1.410565972328186,
    "test_acc": 0.4953
  },
  {
    "epoch": 330,
    "k": 1,
    "seed": 45,
    "train_loss": 1.3474301267462923,
    "train_acc": 0.513415121483376,
    "test_loss": 1.4096434116363525,
    "test_acc": 0.4951
  },
  {
    "epoch": 331,
    "k": 1,
    "seed": 45,
    "train_loss": 1.3478296095757838,
    "train_acc": 0.5130474744245525,
    "test_loss": 1.41205894947052,
    "test_acc": 0.4921
  },
  {
    "epoch": 332,
    "k": 1,
    "seed": 45,
    "train_loss": 1.346978937268562,
    "train_acc": 0.5145700127877239,
    "test_loss": 1.4086271524429321,
    "test_acc": 0.4959
  },
  {
    "epoch": 333,
    "k": 1,
    "seed": 45,
    "train_loss": 1.3447651436261814,
    "train_acc": 0.5120764066496164,
    "test_loss": 1.410170555114746,
    "test_acc": 0.4925
  },
  {
    "epoch": 334,
    "k": 1,
    "seed": 45,
    "train_loss": 1.344866952627821,
    "train_acc": 0.5137587915601023,
    "test_loss": 1.4103009700775146,
    "test_acc": 0.4938
  },
  {
    "epoch": 335,
    "k": 1,
    "seed": 45,
    "train_loss": 1.3467155676668563,
    "train_acc": 0.5135629795396419,
    "test_loss": 1.410047173500061,
    "test_acc": 0.4931
  },
  {
    "epoch": 336,
    "k": 1,
    "seed": 45,
    "train_loss": 1.3466040957004517,
    "train_acc": 0.5143821930946292,
    "test_loss": 1.4078916311264038,
    "test_acc": 0.4952
  },
  {
    "epoch": 337,
    "k": 1,
    "seed": 45,
    "train_loss": 1.345560964111172,
    "train_acc": 0.5143702046035806,
    "test_loss": 1.410980224609375,
    "test_acc": 0.4941
  },
  {
    "epoch": 338,
    "k": 1,
    "seed": 45,
    "train_loss": 1.34541447815078,
    "train_acc": 0.5149376598465473,
    "test_loss": 1.408474326133728,
    "test_acc": 0.4924
  },
  {
    "epoch": 339,
    "k": 1,
    "seed": 45,
    "train_loss": 1.3454037282777869,
    "train_acc": 0.5149056905370843,
    "test_loss": 1.407802700996399,
    "test_acc": 0.4943
  },
  {
    "epoch": 340,
    "k": 1,
    "seed": 45,
    "train_loss": 1.3443089430899267,
    "train_acc": 0.5142423273657288,
    "test_loss": 1.4085444211959839,
    "test_acc": 0.4955
  },
  {
    "epoch": 341,
    "k": 1,
    "seed": 45,
    "train_loss": 1.344493631816581,
    "train_acc": 0.5144381393861892,
    "test_loss": 1.4137200117111206,
    "test_acc": 0.4926
  },
  {
    "epoch": 342,
    "k": 1,
    "seed": 45,
    "train_loss": 1.345426979272262,
    "train_acc": 0.5133431905370844,
    "test_loss": 1.4079326391220093,
    "test_acc": 0.4958
  },
  {
    "epoch": 343,
    "k": 1,
    "seed": 45,
    "train_loss": 1.344043626809669,
    "train_acc": 0.5141344309462916,
    "test_loss": 1.4077972173690796,
    "test_acc": 0.494
  },
  {
    "epoch": 344,
    "k": 1,
    "seed": 45,
    "train_loss": 1.342870972345552,
    "train_acc": 0.5135629795396419,
    "test_loss": 1.4106130599975586,
    "test_acc": 0.4938
  },
  {
    "epoch": 345,
    "k": 1,
    "seed": 45,
    "train_loss": 1.3423355665353254,
    "train_acc": 0.5146859015345269,
    "test_loss": 1.4128614664077759,
    "test_acc": 0.4949
  },
  {
    "epoch": 346,
    "k": 1,
    "seed": 45,
    "train_loss": 1.3416274801239638,
    "train_acc": 0.515273337595908,
    "test_loss": 1.408206582069397,
    "test_acc": 0.4935
  },
  {
    "epoch": 347,
    "k": 1,
    "seed": 45,
    "train_loss": 1.342024483339256,
    "train_acc": 0.5151494565217392,
    "test_loss": 1.409226894378662,
    "test_acc": 0.4943
  },
  {
    "epoch": 348,
    "k": 1,
    "seed": 45,
    "train_loss": 1.3429161130314897,
    "train_acc": 0.51485773657289,
    "test_loss": 1.4081661701202393,
    "test_acc": 0.4949
  },
  {
    "epoch": 349,
    "k": 1,
    "seed": 45,
    "train_loss": 1.342373551919942,
    "train_acc": 0.5151774296675191,
    "test_loss": 1.407416820526123,
    "test_acc": 0.4948
  },
  {
    "epoch": 350,
    "k": 1,
    "seed": 45,
    "train_loss": 1.3422192859527704,
    "train_acc": 0.5148697250639387,
    "test_loss": 1.4074807167053223,
    "test_acc": 0.4927
  },
  {
    "epoch": 351,
    "k": 1,
    "seed": 45,
    "train_loss": 1.3405139937120325,
    "train_acc": 0.5162164322250639,
    "test_loss": 1.4082746505737305,
    "test_acc": 0.4942
  },
  {
    "epoch": 352,
    "k": 1,
    "seed": 45,
    "train_loss": 1.341924904252562,
    "train_acc": 0.5144541240409207,
    "test_loss": 1.4090421199798584,
    "test_acc": 0.4951
  },
  {
    "epoch": 353,
    "k": 1,
    "seed": 45,
    "train_loss": 1.3406353563908726,
    "train_acc": 0.5151334718670078,
    "test_loss": 1.4082871675491333,
    "test_acc": 0.4931
  },
  {
    "epoch": 354,
    "k": 1,
    "seed": 45,
    "train_loss": 1.3416327951509324,
    "train_acc": 0.5149056905370843,
    "test_loss": 1.407628059387207,
    "test_acc": 0.4937
  },
  {
    "epoch": 355,
    "k": 1,
    "seed": 45,
    "train_loss": 1.3408509200186376,
    "train_acc": 0.5153412723785166,
    "test_loss": 1.407470941543579,
    "test_acc": 0.4949
  },
  {
    "epoch": 356,
    "k": 1,
    "seed": 45,
    "train_loss": 1.3397407507347634,
    "train_acc": 0.5162364130434782,
    "test_loss": 1.4074199199676514,
    "test_acc": 0.494
  },
  {
    "epoch": 357,
    "k": 1,
    "seed": 45,
    "train_loss": 1.3412606899085862,
    "train_acc": 0.5155850383631714,
    "test_loss": 1.406156301498413,
    "test_acc": 0.4948
  },
  {
    "epoch": 358,
    "k": 1,
    "seed": 45,
    "train_loss": 1.3397958364023272,
    "train_acc": 0.5164881713554987,
    "test_loss": 1.4088222980499268,
    "test_acc": 0.493
  },
  {
    "epoch": 359,
    "k": 1,
    "seed": 45,
    "train_loss": 1.3390333064071966,
    "train_acc": 0.5170875959079284,
    "test_loss": 1.4066243171691895,
    "test_acc": 0.4952
  },
  {
    "epoch": 360,
    "k": 1,
    "seed": 45,
    "train_loss": 1.3401819138270814,
    "train_acc": 0.5167039641943734,
    "test_loss": 1.40902841091156,
    "test_acc": 0.4958
  },
  {
    "epoch": 361,
    "k": 1,
    "seed": 45,
    "train_loss": 1.338925782981736,
    "train_acc": 0.5157129156010231,
    "test_loss": 1.40769624710083,
    "test_acc": 0.4942
  },
  {
    "epoch": 362,
    "k": 1,
    "seed": 45,
    "train_loss": 1.3397441007901945,
    "train_acc": 0.5160685741687979,
    "test_loss": 1.4067310094833374,
    "test_acc": 0.4966
  },
  {
    "epoch": 363,
    "k": 1,
    "seed": 45,
    "train_loss": 1.3379033953332535,
    "train_acc": 0.5163682864450128,
    "test_loss": 1.40779447555542,
    "test_acc": 0.4957
  },
  {
    "epoch": 364,
    "k": 1,
    "seed": 45,
    "train_loss": 1.3378281831131567,
    "train_acc": 0.5175071930946292,
    "test_loss": 1.4064733982086182,
    "test_acc": 0.4947
  },
  {
    "epoch": 365,
    "k": 1,
    "seed": 45,
    "train_loss": 1.3390327512150835,
    "train_acc": 0.5161085358056267,
    "test_loss": 1.4107674360275269,
    "test_acc": 0.497
  },
  {
    "epoch": 366,
    "k": 1,
    "seed": 45,
    "train_loss": 1.3383234855159165,
    "train_acc": 0.5158967391304348,
    "test_loss": 1.4083186388015747,
    "test_acc": 0.4948
  },
  {
    "epoch": 367,
    "k": 1,
    "seed": 45,
    "train_loss": 1.3374725933879843,
    "train_acc": 0.5157129156010231,
    "test_loss": 1.4067866802215576,
    "test_acc": 0.495
  },
  {
    "epoch": 368,
    "k": 1,
    "seed": 45,
    "train_loss": 1.3368643936903581,
    "train_acc": 0.5167878836317136,
    "test_loss": 1.4052631855010986,
    "test_acc": 0.4956
  },
  {
    "epoch": 369,
    "k": 1,
    "seed": 45,
    "train_loss": 1.3373287727155954,
    "train_acc": 0.5179907289002558,
    "test_loss": 1.4054359197616577,
    "test_acc": 0.4954
  },
  {
    "epoch": 370,
    "k": 1,
    "seed": 45,
    "train_loss": 1.3371986961730606,
    "train_acc": 0.5168558184143223,
    "test_loss": 1.4061897993087769,
    "test_acc": 0.4983
  },
  {
    "epoch": 371,
    "k": 1,
    "seed": 45,
    "train_loss": 1.3358652009378613,
    "train_acc": 0.5166320332480818,
    "test_loss": 1.4033433198928833,
    "test_acc": 0.4953
  },
  {
    "epoch": 372,
    "k": 1,
    "seed": 45,
    "train_loss": 1.33418011543391,
    "train_acc": 0.5174112851662405,
    "test_loss": 1.4055882692337036,
    "test_acc": 0.4944
  },
  {
    "epoch": 373,
    "k": 1,
    "seed": 45,
    "train_loss": 1.3363633802174912,
    "train_acc": 0.5164601982097187,
    "test_loss": 1.4056739807128906,
    "test_acc": 0.4949
  },
  {
    "epoch": 374,
    "k": 1,
    "seed": 45,
    "train_loss": 1.3360490286746598,
    "train_acc": 0.5164681905370844,
    "test_loss": 1.406904935836792,
    "test_acc": 0.4942
  },
  {
    "epoch": 375,
    "k": 1,
    "seed": 45,
    "train_loss": 1.3363601130902614,
    "train_acc": 0.5175551470588236,
    "test_loss": 1.404363989830017,
    "test_acc": 0.4921
  },
  {
    "epoch": 376,
    "k": 1,
    "seed": 45,
    "train_loss": 1.3338708587924537,
    "train_acc": 0.5171195652173913,
    "test_loss": 1.4045569896697998,
    "test_acc": 0.4935
  },
  {
    "epoch": 377,
    "k": 1,
    "seed": 45,
    "train_loss": 1.335457642974756,
    "train_acc": 0.5179747442455243,
    "test_loss": 1.4049700498580933,
    "test_acc": 0.4954
  },
  {
    "epoch": 378,
    "k": 1,
    "seed": 45,
    "train_loss": 1.334898333720234,
    "train_acc": 0.5175711317135551,
    "test_loss": 1.4039841890335083,
    "test_acc": 0.4928
  },
  {
    "epoch": 379,
    "k": 1,
    "seed": 45,
    "train_loss": 1.3337043334760934,
    "train_acc": 0.5186341112531969,
    "test_loss": 1.4047389030456543,
    "test_acc": 0.4917
  },
  {
    "epoch": 380,
    "k": 1,
    "seed": 45,
    "train_loss": 1.3329682289182072,
    "train_acc": 0.5172394501278772,
    "test_loss": 1.4036847352981567,
    "test_acc": 0.4952
  },
  {
    "epoch": 381,
    "k": 1,
    "seed": 45,
    "train_loss": 1.3347699236686883,
    "train_acc": 0.5168678069053708,
    "test_loss": 1.407636046409607,
    "test_acc": 0.4942
  },
  {
    "epoch": 382,
    "k": 1,
    "seed": 45,
    "train_loss": 1.334140110808565,
    "train_acc": 0.5161924552429668,
    "test_loss": 1.4057857990264893,
    "test_acc": 0.4954
  },
  {
    "epoch": 383,
    "k": 1,
    "seed": 45,
    "train_loss": 1.3326068936711382,
    "train_acc": 0.5190497122762149,
    "test_loss": 1.4015638828277588,
    "test_acc": 0.4942
  },
  {
    "epoch": 384,
    "k": 1,
    "seed": 45,
    "train_loss": 1.334802230910572,
    "train_acc": 0.5179467710997443,
    "test_loss": 1.4029536247253418,
    "test_acc": 0.4938
  },
  {
    "epoch": 385,
    "k": 1,
    "seed": 45,
    "train_loss": 1.3320861234689307,
    "train_acc": 0.5195212595907929,
    "test_loss": 1.4014866352081299,
    "test_acc": 0.4943
  },
  {
    "epoch": 386,
    "k": 1,
    "seed": 45,
    "train_loss": 1.3342068866085823,
    "train_acc": 0.516983695652174,
    "test_loss": 1.400658369064331,
    "test_acc": 0.4952
  },
  {
    "epoch": 387,
    "k": 1,
    "seed": 45,
    "train_loss": 1.3325708985633558,
    "train_acc": 0.51721547314578,
    "test_loss": 1.4025152921676636,
    "test_acc": 0.4937
  },
  {
    "epoch": 388,
    "k": 1,
    "seed": 45,
    "train_loss": 1.3319307797400237,
    "train_acc": 0.5184942455242967,
    "test_loss": 1.4074140787124634,
    "test_acc": 0.4918
  },
  {
    "epoch": 389,
    "k": 1,
    "seed": 45,
    "train_loss": 1.3332872509651477,
    "train_acc": 0.5187340153452685,
    "test_loss": 1.4005346298217773,
    "test_acc": 0.4935
  },
  {
    "epoch": 390,
    "k": 1,
    "seed": 45,
    "train_loss": 1.3311818280183445,
    "train_acc": 0.5196251598465473,
    "test_loss": 1.401626706123352,
    "test_acc": 0.4965
  },
  {
    "epoch": 391,
    "k": 1,
    "seed": 45,
    "train_loss": 1.3322866856289641,
    "train_acc": 0.5186500959079284,
    "test_loss": 1.4039007425308228,
    "test_acc": 0.4978
  },
  {
    "epoch": 392,
    "k": 1,
    "seed": 45,
    "train_loss": 1.3308662502357111,
    "train_acc": 0.5186540920716112,
    "test_loss": 1.4009665250778198,
    "test_acc": 0.4947
  },
  {
    "epoch": 393,
    "k": 1,
    "seed": 45,
    "train_loss": 1.3314665123019986,
    "train_acc": 0.5189897698209719,
    "test_loss": 1.4007905721664429,
    "test_acc": 0.4981
  }
]