[
  {
    "epoch": 1,
    "k": 2,
    "seed": 46,
    "train_loss": 2.1739679120690623,
    "train_acc": 0.18088634910485935,
    "test_loss": 2.036228895187378,
    "test_acc": 0.2241
  },
  {
    "epoch": 2,
    "k": 2,
    "seed": 46,
    "train_loss": 1.9567322764555206,
    "train_acc": 0.24879715473145778,
    "test_loss": 1.900572657585144,
    "test_acc": 0.2658
  },
  {
    "epoch": 3,
    "k": 2,
    "seed": 46,
    "train_loss": 1.8646155260408017,
    "train_acc": 0.2849784207161125,
    "test_loss": 1.830960988998413,
    "test_acc": 0.3016
  },
  {
    "epoch": 4,
    "k": 2,
    "seed": 46,
    "train_loss": 1.8036421101416469,
    "train_acc": 0.3164122442455243,
    "test_loss": 1.7741466760635376,
    "test_acc": 0.3241
  },
  {
    "epoch": 5,
    "k": 2,
    "seed": 46,
    "train_loss": 1.757163646885806,
    "train_acc": 0.33676470588235297,
    "test_loss": 1.7377969026565552,
    "test_acc": 0.3442
  },
  {
    "epoch": 6,
    "k": 2,
    "seed": 46,
    "train_loss": 1.7212303730532945,
    "train_acc": 0.3521539322250639,
    "test_loss": 1.6978540420532227,
    "test_acc": 0.3599
  },
  {
    "epoch": 7,
    "k": 2,
    "seed": 46,
    "train_loss": 1.6873643184866747,
    "train_acc": 0.3701366687979539,
    "test_loss": 1.6690306663513184,
    "test_acc": 0.375
  },
  {
    "epoch": 8,
    "k": 2,
    "seed": 46,
    "train_loss": 1.660830102308327,
    "train_acc": 0.3816975703324808,
    "test_loss": 1.641745686531067,
    "test_acc": 0.3872
  },
  {
    "epoch": 9,
    "k": 2,
    "seed": 46,
    "train_loss": 1.6371546300780742,
    "train_acc": 0.39238331202046034,
    "test_loss": 1.6202036142349243,
    "test_acc": 0.3973
  },
  {
    "epoch": 10,
    "k": 2,
    "seed": 46,
    "train_loss": 1.6162872018716525,
    "train_acc": 0.401858216112532,
    "test_loss": 1.599443793296814,
    "test_acc": 0.4069
  },
  {
    "epoch": 11,
    "k": 2,
    "seed": 46,
    "train_loss": 1.593879486593749,
    "train_acc": 0.4116847826086957,
    "test_loss": 1.586634874343872,
    "test_acc": 0.4108
  },
  {
    "epoch": 12,
    "k": 2,
    "seed": 46,
    "train_loss": 1.5762276515326537,
    "train_acc": 0.41784686700767265,
    "test_loss": 1.5682494640350342,
    "test_acc": 0.4221
  },
  {
    "epoch": 13,
    "k": 2,
    "seed": 46,
    "train_loss": 1.5628594541183822,
    "train_acc": 0.42276614450127875,
    "test_loss": 1.557355523109436,
    "test_acc": 0.4287
  },
  {
    "epoch": 14,
    "k": 2,
    "seed": 46,
    "train_loss": 1.5472358690808192,
    "train_acc": 0.4301990089514066,
    "test_loss": 1.5473049879074097,
    "test_acc": 0.4286
  },
  {
    "epoch": 15,
    "k": 2,
    "seed": 46,
    "train_loss": 1.5370020284067334,
    "train_acc": 0.43588954603580565,
    "test_loss": 1.5368844270706177,
    "test_acc": 0.4355
  },
  {
    "epoch": 16,
    "k": 2,
    "seed": 46,
    "train_loss": 1.5196236853709306,
    "train_acc": 0.44370204603580565,
    "test_loss": 1.525421142578125,
    "test_acc": 0.4384
  },
  {
    "epoch": 17,
    "k": 2,
    "seed": 46,
    "train_loss": 1.5130240270853652,
    "train_acc": 0.44542439258312017,
    "test_loss": 1.5178587436676025,
    "test_acc": 0.4425
  },
  {
    "epoch": 18,
    "k": 2,
    "seed": 46,
    "train_loss": 1.5028923573091513,
    "train_acc": 0.4514266304347826,
    "test_loss": 1.5099003314971924,
    "test_acc": 0.446
  },
  {
    "epoch": 19,
    "k": 2,
    "seed": 46,
    "train_loss": 1.4944423687122668,
    "train_acc": 0.4543957800511509,
    "test_loss": 1.5028313398361206,
    "test_acc": 0.4496
  },
  {
    "epoch": 20,
    "k": 2,
    "seed": 46,
    "train_loss": 1.4839053370458695,
    "train_acc": 0.4599104859335038,
    "test_loss": 1.5003480911254883,
    "test_acc": 0.4473
  },
  {
    "epoch": 21,
    "k": 2,
    "seed": 46,
    "train_loss": 1.4757231199527945,
    "train_acc": 0.4618686061381074,
    "test_loss": 1.4913374185562134,
    "test_acc": 0.4513
  },
  {
    "epoch": 22,
    "k": 2,
    "seed": 46,
    "train_loss": 1.4706056947293489,
    "train_acc": 0.4631393861892583,
    "test_loss": 1.4818871021270752,
    "test_acc": 0.4522
  },
  {
    "epoch": 23,
    "k": 2,
    "seed": 46,
    "train_loss": 1.459764981513743,
    "train_acc": 0.46885390025575446,
    "test_loss": 1.4755260944366455,
    "test_acc": 0.4548
  },
  {
    "epoch": 24,
    "k": 2,
    "seed": 46,
    "train_loss": 1.4538117802661399,
    "train_acc": 0.4716192455242966,
    "test_loss": 1.473138689994812,
    "test_acc": 0.4597
  },
  {
    "epoch": 25,
    "k": 2,
    "seed": 46,
    "train_loss": 1.4463252076102644,
    "train_acc": 0.47424072890025576,
    "test_loss": 1.464855670928955,
    "test_acc": 0.4646
  },
  {
    "epoch": 26,
    "k": 2,
    "seed": 46,
    "train_loss": 1.4374126982505975,
    "train_acc": 0.476710358056266,
    "test_loss": 1.4618219137191772,
    "test_acc": 0.46
  },
  {
    "epoch": 27,
    "k": 2,
    "seed": 46,
    "train_loss": 1.4326633294220166,
    "train_acc": 0.4789002557544757,
    "test_loss": 1.455836534500122,
    "test_acc": 0.464
  },
  {
    "epoch": 28,
    "k": 2,
    "seed": 46,
    "train_loss": 1.4244356774308187,
    "train_acc": 0.48272458439897703,
    "test_loss": 1.4456373453140259,
    "test_acc": 0.4695
  },
  {
    "epoch": 29,
    "k": 2,
    "seed": 46,
    "train_loss": 1.4192467671830942,
    "train_acc": 0.4846347506393862,
    "test_loss": 1.4413269758224487,
    "test_acc": 0.4743
  },
  {
    "epoch": 30,
    "k": 2,
    "seed": 46,
    "train_loss": 1.4115827229931532,
    "train_acc": 0.48557384910485935,
    "test_loss": 1.4366674423217773,
    "test_acc": 0.4746
  },
  {
    "epoch": 31,
    "k": 2,
    "seed": 46,
    "train_loss": 1.407117893323874,
    "train_acc": 0.4885469948849105,
    "test_loss": 1.4319545030593872,
    "test_acc": 0.4754
  },
  {
    "epoch": 32,
    "k": 2,
    "seed": 46,
    "train_loss": 1.4000464043653835,
    "train_acc": 0.4921635230179028,
    "test_loss": 1.4291136264801025,
    "test_acc": 0.4757
  },
  {
    "epoch": 33,
    "k": 2,
    "seed": 46,
    "train_loss": 1.3936847241028496,
    "train_acc": 0.49410166240409203,
    "test_loss": 1.4274530410766602,
    "test_acc": 0.479
  },
  {
    "epoch": 34,
    "k": 2,
    "seed": 46,
    "train_loss": 1.389041638130422,
    "train_acc": 0.4967431265984655,
    "test_loss": 1.418134331703186,
    "test_acc": 0.4815
  },
  {
    "epoch": 35,
    "k": 2,
    "seed": 46,
    "train_loss": 1.3846593781200516,
    "train_acc": 0.49515265345268544,
    "test_loss": 1.4161131381988525,
    "test_acc": 0.4835
  },
  {
    "epoch": 36,
    "k": 2,
    "seed": 46,
    "train_loss": 1.3770271838473542,
    "train_acc": 0.49975623401534525,
    "test_loss": 1.4117891788482666,
    "test_acc": 0.4842
  },
  {
    "epoch": 37,
    "k": 2,
    "seed": 46,
    "train_loss": 1.3712472308932058,
    "train_acc": 0.5022937979539642,
    "test_loss": 1.4101346731185913,
    "test_acc": 0.4835
  },
  {
    "epoch": 38,
    "k": 2,
    "seed": 46,
    "train_loss": 1.3653951929048505,
    "train_acc": 0.5031649616368287,
    "test_loss": 1.4050151109695435,
    "test_acc": 0.4892
  },
  {
    "epoch": 39,
    "k": 2,
    "seed": 46,
    "train_loss": 1.3607211311150085,
    "train_acc": 0.5076486572890025,
    "test_loss": 1.4023598432540894,
    "test_acc": 0.486
  },
  {
    "epoch": 40,
    "k": 2,
    "seed": 46,
    "train_loss": 1.357653223645047,
    "train_acc": 0.507636668797954,
    "test_loss": 1.398992657661438,
    "test_acc": 0.489
  },
  {
    "epoch": 41,
    "k": 2,
    "seed": 46,
    "train_loss": 1.3513802146667715,
    "train_acc": 0.5109015345268542,
    "test_loss": 1.397472620010376,
    "test_acc": 0.4882
  },
  {
    "epoch": 42,
    "k": 2,
    "seed": 46,
    "train_loss": 1.3470223681701115,
    "train_acc": 0.5108136189258312,
    "test_loss": 1.3966107368469238,
    "test_acc": 0.4888
  },
  {
    "epoch": 43,
    "k": 2,
    "seed": 46,
    "train_loss": 1.3429267083287544,
    "train_acc": 0.5130754475703325,
    "test_loss": 1.3857368230819702,
    "test_acc": 0.4947
  },
  {
    "epoch": 44,
    "k": 2,
    "seed": 46,
    "train_loss": 1.3366969707981704,
    "train_acc": 0.5163722826086957,
    "test_loss": 1.3865909576416016,
    "test_acc": 0.4933
  },
  {
    "epoch": 45,
    "k": 2,
    "seed": 46,
    "train_loss": 1.3350672243196335,
    "train_acc": 0.5152173913043478,
    "test_loss": 1.389356255531311,
    "test_acc": 0.4948
  },
  {
    "epoch": 46,
    "k": 2,
    "seed": 46,
    "train_loss": 1.3318310787000924,
    "train_acc": 0.5164681905370844,
    "test_loss": 1.3795890808105469,
    "test_acc": 0.4976
  },
  {
    "epoch": 47,
    "k": 2,
    "seed": 46,
    "train_loss": 1.3265911609010623,
    "train_acc": 0.5188419117647058,
    "test_loss": 1.381267786026001,
    "test_acc": 0.4944
  },
  {
    "epoch": 48,
    "k": 2,
    "seed": 46,
    "train_loss": 1.3200627132449918,
    "train_acc": 0.5224424552429667,
    "test_loss": 1.3733112812042236,
    "test_acc": 0.4989
  },
  {
    "epoch": 49,
    "k": 2,
    "seed": 46,
    "train_loss": 1.316822566949498,
    "train_acc": 0.5222826086956522,
    "test_loss": 1.3745707273483276,
    "test_acc": 0.5003
  },
  {
    "epoch": 50,
    "k": 2,
    "seed": 46,
    "train_loss": 1.312228372029941,
    "train_acc": 0.5231857416879796,
    "test_loss": 1.3707809448242188,
    "test_acc": 0.5014
  },
  {
    "epoch": 51,
    "k": 2,
    "seed": 46,
    "train_loss": 1.3069634120482618,
    "train_acc": 0.5252197890025576,
    "test_loss": 1.3692588806152344,
    "test_acc": 0.4991
  },
  {
    "epoch": 52,
    "k": 2,
    "seed": 46,
    "train_loss": 1.3045540444381403,
    "train_acc": 0.5280171035805626,
    "test_loss": 1.369996428489685,
    "test_acc": 0.5016
  },
  {
    "epoch": 53,
    "k": 2,
    "seed": 46,
    "train_loss": 1.3004473173404898,
    "train_acc": 0.5272858056265984,
    "test_loss": 1.3614583015441895,
    "test_acc": 0.5068
  },
  {
    "epoch": 54,
    "k": 2,
    "seed": 46,
    "train_loss": 1.2992656947401784,
    "train_acc": 0.5282009271099745,
    "test_loss": 1.3623170852661133,
    "test_acc": 0.5067
  },
  {
    "epoch": 55,
    "k": 2,
    "seed": 46,
    "train_loss": 1.2958839784192917,
    "train_acc": 0.52963155370844,
    "test_loss": 1.3598361015319824,
    "test_acc": 0.5055
  },
  {
    "epoch": 56,
    "k": 2,
    "seed": 46,
    "train_loss": 1.2916410170552675,
    "train_acc": 0.531605658567775,
    "test_loss": 1.3536946773529053,
    "test_acc": 0.5092
  },
  {
    "epoch": 57,
    "k": 2,
    "seed": 46,
    "train_loss": 1.2885858556803536,
    "train_acc": 0.5325287723785166,
    "test_loss": 1.3556740283966064,
    "test_acc": 0.5074
  },
  {
    "epoch": 58,
    "k": 2,
    "seed": 46,
    "train_loss": 1.2817783431933665,
    "train_acc": 0.5341272378516624,
    "test_loss": 1.3509207963943481,
    "test_acc": 0.51
  },
  {
    "epoch": 59,
    "k": 2,
    "seed": 46,
    "train_loss": 1.2790227344883678,
    "train_acc": 0.5354779411764705,
    "test_loss": 1.350907802581787,
    "test_acc": 0.5093
  },
  {
    "epoch": 60,
    "k": 2,
    "seed": 46,
    "train_loss": 1.2737032952515974,
    "train_acc": 0.537352141943734,
    "test_loss": 1.3472965955734253,
    "test_acc": 0.5117
  },
  {
    "epoch": 61,
    "k": 2,
    "seed": 46,
    "train_loss": 1.2719959648673798,
    "train_acc": 0.5406449808184144,
    "test_loss": 1.3509079217910767,
    "test_acc": 0.5089
  },
  {
    "epoch": 62,
    "k": 2,
    "seed": 46,
    "train_loss": 1.2685695734170392,
    "train_acc": 0.5394701086956522,
    "test_loss": 1.3486897945404053,
    "test_acc": 0.511
  },
  {
    "epoch": 63,
    "k": 2,
    "seed": 46,
    "train_loss": 1.265789087776028,
    "train_acc": 0.5417279411764706,
    "test_loss": 1.342752456665039,
    "test_acc": 0.512
  },
  {
    "epoch": 64,
    "k": 2,
    "seed": 46,
    "train_loss": 1.2633022640062415,
    "train_acc": 0.542247442455243,
    "test_loss": 1.3405451774597168,
    "test_acc": 0.5151
  },
  {
    "epoch": 65,
    "k": 2,
    "seed": 46,
    "train_loss": 1.257640398676743,
    "train_acc": 0.5436221227621484,
    "test_loss": 1.342206597328186,
    "test_acc": 0.512
  },
  {
    "epoch": 66,
    "k": 2,
    "seed": 46,
    "train_loss": 1.2577476676772623,
    "train_acc": 0.5436141304347826,
    "test_loss": 1.3407800197601318,
    "test_acc": 0.5107
  },
  {
    "epoch": 67,
    "k": 2,
    "seed": 46,
    "train_loss": 1.2562518798176894,
    "train_acc": 0.5443494245524296,
    "test_loss": 1.3366494178771973,
    "test_acc": 0.5153
  },
  {
    "epoch": 68,
    "k": 2,
    "seed": 46,
    "train_loss": 1.2523428326677484,
    "train_acc": 0.5469709079283888,
    "test_loss": 1.3340483903884888,
    "test_acc": 0.5165
  },
  {
    "epoch": 69,
    "k": 2,
    "seed": 46,
    "train_loss": 1.247283010988894,
    "train_acc": 0.5492287404092071,
    "test_loss": 1.3327686786651611,
    "test_acc": 0.5168
  },
  {
    "epoch": 70,
    "k": 2,
    "seed": 46,
    "train_loss": 1.244325382782675,
    "train_acc": 0.5495164641943734,
    "test_loss": 1.3317674398422241,
    "test_acc": 0.5186
  },
  {
    "epoch": 71,
    "k": 2,
    "seed": 46,
    "train_loss": 1.2434362078566685,
    "train_acc": 0.5503156969309463,
    "test_loss": 1.3290914297103882,
    "test_acc": 0.5205
  },
  {
    "epoch": 72,
    "k": 2,
    "seed": 46,
    "train_loss": 1.2394172358695807,
    "train_acc": 0.5518662084398976,
    "test_loss": 1.3277499675750732,
    "test_acc": 0.5206
  },
  {
    "epoch": 73,
    "k": 2,
    "seed": 46,
    "train_loss": 1.2355046052762004,
    "train_acc": 0.5540840792838875,
    "test_loss": 1.327726125717163,
    "test_acc": 0.5159
  },
  {
    "epoch": 74,
    "k": 2,
    "seed": 46,
    "train_loss": 1.2354295064726144,
    "train_acc": 0.551118925831202,
    "test_loss": 1.3239165544509888,
    "test_acc": 0.5196
  },
  {
    "epoch": 75,
    "k": 2,
    "seed": 46,
    "train_loss": 1.230533498175004,
    "train_acc": 0.5552709398976983,
    "test_loss": 1.3242000341415405,
    "test_acc": 0.5189
  },
  {
    "epoch": 76,
    "k": 2,
    "seed": 46,
    "train_loss": 1.2288008559390406,
    "train_acc": 0.5551910166240409,
    "test_loss": 1.3252911567687988,
    "test_acc": 0.5187
  },
  {
    "epoch": 77,
    "k": 2,
    "seed": 46,
    "train_loss": 1.2254240125646372,
    "train_acc": 0.5560501918158568,
    "test_loss": 1.3226627111434937,
    "test_acc": 0.5221
  },
  {
    "epoch": 78,
    "k": 2,
    "seed": 46,
    "train_loss": 1.223944379393097,
    "train_acc": 0.558196131713555,
    "test_loss": 1.321150541305542,
    "test_acc": 0.52
  },
  {
    "epoch": 79,
    "k": 2,
    "seed": 46,
    "train_loss": 1.22057519254782,
    "train_acc": 0.5567375319693094,
    "test_loss": 1.3185826539993286,
    "test_acc": 0.5219
  },
  {
    "epoch": 80,
    "k": 2,
    "seed": 46,
    "train_loss": 1.2204761174328798,
    "train_acc": 0.5592790920716112,
    "test_loss": 1.3240257501602173,
    "test_acc": 0.521
  },
  {
    "epoch": 81,
    "k": 2,
    "seed": 46,
    "train_loss": 1.2167523981969985,
    "train_acc": 0.5618246483375959,
    "test_loss": 1.3192592859268188,
    "test_acc": 0.5245
  },
  {
    "epoch": 82,
    "k": 2,
    "seed": 46,
    "train_loss": 1.2146633012825265,
    "train_acc": 0.5599544437340153,
    "test_loss": 1.319081425666809,
    "test_acc": 0.5242
  },
  {
    "epoch": 83,
    "k": 2,
    "seed": 46,
    "train_loss": 1.211376964741046,
    "train_acc": 0.5616168478260869,
    "test_loss": 1.3172273635864258,
    "test_acc": 0.5223
  },
  {
    "epoch": 84,
    "k": 2,
    "seed": 46,
    "train_loss": 1.2124361366871983,
    "train_acc": 0.5606257992327366,
    "test_loss": 1.3180478811264038,
    "test_acc": 0.5231
  },
  {
    "epoch": 85,
    "k": 2,
    "seed": 46,
    "train_loss": 1.2046278923978586,
    "train_acc": 0.5651894181585677,
    "test_loss": 1.3135881423950195,
    "test_acc": 0.5252
  },
  {
    "epoch": 86,
    "k": 2,
    "seed": 46,
    "train_loss": 1.2060344211585687,
    "train_acc": 0.5643062659846547,
    "test_loss": 1.311118483543396,
    "test_acc": 0.5269
  },
  {
    "epoch": 87,
    "k": 2,
    "seed": 46,
    "train_loss": 1.2033884382004019,
    "train_acc": 0.5642742966751918,
    "test_loss": 1.314343810081482,
    "test_acc": 0.5268
  },
  {
    "epoch": 88,
    "k": 2,
    "seed": 46,
    "train_loss": 1.200184782905042,
    "train_acc": 0.5659167199488491,
    "test_loss": 1.311509609222412,
    "test_acc": 0.5269
  },
  {
    "epoch": 89,
    "k": 2,
    "seed": 46,
    "train_loss": 1.1965609683709986,
    "train_acc": 0.56875,
    "test_loss": 1.3165689706802368,
    "test_acc": 0.5266
  },
  {
    "epoch": 90,
    "k": 2,
    "seed": 46,
    "train_loss": 1.196251500293117,
    "train_acc": 0.5671155690537084,
    "test_loss": 1.3114198446273804,
    "test_acc": 0.5263
  },
  {
    "epoch": 91,
    "k": 2,
    "seed": 46,
    "train_loss": 1.1943687176155617,
    "train_acc": 0.5689338235294118,
    "test_loss": 1.3143713474273682,
    "test_acc": 0.5288
  },
  {
    "epoch": 92,
    "k": 2,
    "seed": 46,
    "train_loss": 1.1937035555424897,
    "train_acc": 0.5689737851662404,
    "test_loss": 1.3102811574935913,
    "test_acc": 0.5314
  },
  {
    "epoch": 93,
    "k": 2,
    "seed": 46,
    "train_loss": 1.189618116449517,
    "train_acc": 0.5694373401534527,
    "test_loss": 1.306787133216858,
    "test_acc": 0.5299
  },
  {
    "epoch": 94,
    "k": 2,
    "seed": 46,
    "train_loss": 1.1881715522702698,
    "train_acc": 0.5712715792838875,
    "test_loss": 1.3095859289169312,
    "test_acc": 0.5316
  },
  {
    "epoch": 95,
    "k": 2,
    "seed": 46,
    "train_loss": 1.1871730790418737,
    "train_acc": 0.5713594948849106,
    "test_loss": 1.3055012226104736,
    "test_acc": 0.53
  },
  {
    "epoch": 96,
    "k": 2,
    "seed": 46,
    "train_loss": 1.1845976786540293,
    "train_acc": 0.5716032608695651,
    "test_loss": 1.3044064044952393,
    "test_acc": 0.5313
  },
  {
    "epoch": 97,
    "k": 2,
    "seed": 46,
    "train_loss": 1.184246252564823,
    "train_acc": 0.5729899296675192,
    "test_loss": 1.3024466037750244,
    "test_acc": 0.5312
  },
  {
    "epoch": 98,
    "k": 2,
    "seed": 46,
    "train_loss": 1.1795551926278702,
    "train_acc": 0.5739530051150895,
    "test_loss": 1.3068211078643799,
    "test_acc": 0.534
  },
  {
    "epoch": 99,
    "k": 2,
    "seed": 46,
    "train_loss": 1.1787246583062974,
    "train_acc": 0.5761229219948849,
    "test_loss": 1.3029550313949585,
    "test_acc": 0.5329
  },
  {
    "epoch": 100,
    "k": 2,
    "seed": 46,
    "train_loss": 1.1764247449462677,
    "train_acc": 0.5751558503836317,
    "test_loss": 1.3039911985397339,
    "test_acc": 0.5312
  },
  {
    "epoch": 101,
    "k": 2,
    "seed": 46,
    "train_loss": 1.174602760073474,
    "train_acc": 0.5779052109974424,
    "test_loss": 1.3054231405258179,
    "test_acc": 0.5305
  },
  {
    "epoch": 102,
    "k": 2,
    "seed": 46,
    "train_loss": 1.1738505625663815,
    "train_acc": 0.5756673593350383,
    "test_loss": 1.3013832569122314,
    "test_acc": 0.5321
  },
  {
    "epoch": 103,
    "k": 2,
    "seed": 46,
    "train_loss": 1.1720606520047883,
    "train_acc": 0.5776174872122762,
    "test_loss": 1.2984768152236938,
    "test_acc": 0.5329
  },
  {
    "epoch": 104,
    "k": 2,
    "seed": 46,
    "train_loss": 1.168479398083504,
    "train_acc": 0.5777333759590794,
    "test_loss": 1.3016505241394043,
    "test_acc": 0.5336
  },
  {
    "epoch": 105,
    "k": 2,
    "seed": 46,
    "train_loss": 1.167255202217785,
    "train_acc": 0.5786365089514066,
    "test_loss": 1.299322485923767,
    "test_acc": 0.5334
  },
  {
    "epoch": 106,
    "k": 2,
    "seed": 46,
    "train_loss": 1.1668204608780648,
    "train_acc": 0.578125,
    "test_loss": 1.3021106719970703,
    "test_acc": 0.5326
  },
  {
    "epoch": 107,
    "k": 2,
    "seed": 46,
    "train_loss": 1.1672482287792294,
    "train_acc": 0.5781889386189258,
    "test_loss": 1.2981659173965454,
    "test_acc": 0.533
  },
  {
    "epoch": 108,
    "k": 2,
    "seed": 46,
    "train_loss": 1.1648888432461282,
    "train_acc": 0.5818174552429667,
    "test_loss": 1.2996704578399658,
    "test_acc": 0.5348
  },
  {
    "epoch": 109,
    "k": 2,
    "seed": 46,
    "train_loss": 1.1621620795306038,
    "train_acc": 0.5796954923273657,
    "test_loss": 1.2956424951553345,
    "test_acc": 0.5351
  },
  {
    "epoch": 110,
    "k": 2,
    "seed": 46,
    "train_loss": 1.1596992140840692,
    "train_acc": 0.581837436061381,
    "test_loss": 1.2988313436508179,
    "test_acc": 0.5319
  },
  {
    "epoch": 111,
    "k": 2,
    "seed": 46,
    "train_loss": 1.1587239243185428,
    "train_acc": 0.5806425831202046,
    "test_loss": 1.2971075773239136,
    "test_acc": 0.5338
  },
  {
    "epoch": 112,
    "k": 2,
    "seed": 46,
    "train_loss": 1.15811656564093,
    "train_acc": 0.582400895140665,
    "test_loss": 1.2947545051574707,
    "test_acc": 0.5354
  },
  {
    "epoch": 113,
    "k": 2,
    "seed": 46,
    "train_loss": 1.1556476952169863,
    "train_acc": 0.5835358056265985,
    "test_loss": 1.2908101081848145,
    "test_acc": 0.5384
  },
  {
    "epoch": 114,
    "k": 2,
    "seed": 46,
    "train_loss": 1.1536773306024655,
    "train_acc": 0.5835038363171355,
    "test_loss": 1.2978485822677612,
    "test_acc": 0.5351
  },
  {
    "epoch": 115,
    "k": 2,
    "seed": 46,
    "train_loss": 1.1519102414550684,
    "train_acc": 0.5858575767263428,
    "test_loss": 1.2950453758239746,
    "test_acc": 0.5348
  },
  {
    "epoch": 116,
    "k": 2,
    "seed": 46,
    "train_loss": 1.1512194795681692,
    "train_acc": 0.5845028772378517,
    "test_loss": 1.2990182638168335,
    "test_acc": 0.5376
  },
  {
    "epoch": 117,
    "k": 2,
    "seed": 46,
    "train_loss": 1.1497957854319716,
    "train_acc": 0.5871603260869566,
    "test_loss": 1.3013780117034912,
    "test_acc": 0.534
  },
  {
    "epoch": 118,
    "k": 2,
    "seed": 46,
    "train_loss": 1.1506924534697667,
    "train_acc": 0.5861852621483377,
    "test_loss": 1.2907482385635376,
    "test_acc": 0.5395
  },
  {
    "epoch": 119,
    "k": 2,
    "seed": 46,
    "train_loss": 1.1453721959267735,
    "train_acc": 0.5866967710997443,
    "test_loss": 1.297980785369873,
    "test_acc": 0.5332
  },
  {
    "epoch": 120,
    "k": 2,
    "seed": 46,
    "train_loss": 1.143742631311002,
    "train_acc": 0.5877997122762149,
    "test_loss": 1.2939027547836304,
    "test_acc": 0.5402
  },
  {
    "epoch": 121,
    "k": 2,
    "seed": 46,
    "train_loss": 1.1434835639146284,
    "train_acc": 0.5893941815856778,
    "test_loss": 1.2925118207931519,
    "test_acc": 0.539
  },
  {
    "epoch": 122,
    "k": 2,
    "seed": 46,
    "train_loss": 1.1439377824058923,
    "train_acc": 0.5865489130434782,
    "test_loss": 1.2928682565689087,
    "test_acc": 0.5383
  },
  {
    "epoch": 123,
    "k": 2,
    "seed": 46,
    "train_loss": 1.1405944372991772,
    "train_acc": 0.5887108375959079,
    "test_loss": 1.2941347360610962,
    "test_acc": 0.537
  },
  {
    "epoch": 124,
    "k": 2,
    "seed": 46,
    "train_loss": 1.1400941750582527,
    "train_acc": 0.5901374680306906,
    "test_loss": 1.2927488088607788,
    "test_acc": 0.5379
  },
  {
    "epoch": 125,
    "k": 2,
    "seed": 46,
    "train_loss": 1.1347635534718215,
    "train_acc": 0.592335358056266,
    "test_loss": 1.29483163356781,
    "test_acc": 0.5348
  },
  {
    "epoch": 126,
    "k": 2,
    "seed": 46,
    "train_loss": 1.1383069567668163,
    "train_acc": 0.5910246163682864,
    "test_loss": 1.294257402420044,
    "test_acc": 0.5372
  },
  {
    "epoch": 127,
    "k": 2,
    "seed": 46,
    "train_loss": 1.1341349546561765,
    "train_acc": 0.5916400255754476,
    "test_loss": 1.2930563688278198,
    "test_acc": 0.5418
  },
  {
    "epoch": 128,
    "k": 2,
    "seed": 46,
    "train_loss": 1.1328828115292522,
    "train_acc": 0.5916440217391304,
    "test_loss": 1.292465329170227,
    "test_acc": 0.5397
  },
  {
    "epoch": 129,
    "k": 2,
    "seed": 46,
    "train_loss": 1.1328216283522603,
    "train_acc": 0.5924192774936061,
    "test_loss": 1.2954751253128052,
    "test_acc": 0.5383
  },
  {
    "epoch": 130,
    "k": 2,
    "seed": 46,
    "train_loss": 1.1313494166449818,
    "train_acc": 0.5934103260869565,
    "test_loss": 1.29262113571167,
    "test_acc": 0.5421
  },
  {
    "epoch": 131,
    "k": 2,
    "seed": 46,
    "train_loss": 1.128889150021936,
    "train_acc": 0.5939977621483377,
    "test_loss": 1.2964317798614502,
    "test_acc": 0.5412
  },
  {
    "epoch": 132,
    "k": 2,
    "seed": 46,
    "train_loss": 1.1278767120807678,
    "train_acc": 0.5937420076726342,
    "test_loss": 1.2904876470565796,
    "test_acc": 0.5435
  },
  {
    "epoch": 133,
    "k": 2,
    "seed": 46,
    "train_loss": 1.1264287593114712,
    "train_acc": 0.5946251598465473,
    "test_loss": 1.291277527809143,
    "test_acc": 0.5401
  },
  {
    "epoch": 134,
    "k": 2,
    "seed": 46,
    "train_loss": 1.1241095556932337,
    "train_acc": 0.5944213554987212,
    "test_loss": 1.2900301218032837,
    "test_acc": 0.5436
  },
  {
    "epoch": 135,
    "k": 2,
    "seed": 46,
    "train_loss": 1.1253534988369174,
    "train_acc": 0.5945372442455243,
    "test_loss": 1.290529727935791,
    "test_acc": 0.541
  },
  {
    "epoch": 136,
    "k": 2,
    "seed": 46,
    "train_loss": 1.1216735594412859,
    "train_acc": 0.5954803388746803,
    "test_loss": 1.2932157516479492,
    "test_acc": 0.5382
  },
  {
    "epoch": 137,
    "k": 2,
    "seed": 46,
    "train_loss": 1.1226442788567994,
    "train_acc": 0.5965313299232736,
    "test_loss": 1.2909471988677979,
    "test_acc": 0.5377
  },
  {
    "epoch": 138,
    "k": 2,
    "seed": 46,
    "train_loss": 1.1209964889394657,
    "train_acc": 0.5949168797953964,
    "test_loss": 1.2906348705291748,
    "test_acc": 0.5444
  },
  {
    "epoch": 139,
    "k": 2,
    "seed": 46,
    "train_loss": 1.1182044264300706,
    "train_acc": 0.5969709079283888,
    "test_loss": 1.293840765953064,
    "test_acc": 0.5438
  },
  {
    "epoch": 140,
    "k": 2,
    "seed": 46,
    "train_loss": 1.117450829814462,
    "train_acc": 0.5975583439897698,
    "test_loss": 1.296086072921753,
    "test_acc": 0.5408
  },
  {
    "epoch": 141,
    "k": 2,
    "seed": 46,
    "train_loss": 1.1170571341234095,
    "train_acc": 0.5978021099744245,
    "test_loss": 1.290305733680725,
    "test_acc": 0.5434
  },
  {
    "epoch": 142,
    "k": 2,
    "seed": 46,
    "train_loss": 1.1136588751507537,
    "train_acc": 0.5989570012787724,
    "test_loss": 1.286877155303955,
    "test_acc": 0.5398
  },
  {
    "epoch": 143,
    "k": 2,
    "seed": 46,
    "train_loss": 1.1115521116329885,
    "train_acc": 0.5998881074168798,
    "test_loss": 1.2909631729125977,
    "test_acc": 0.541
  },
  {
    "epoch": 144,
    "k": 2,
    "seed": 46,
    "train_loss": 1.1121895032770492,
    "train_acc": 0.60002797314578,
    "test_loss": 1.2909345626831055,
    "test_acc": 0.5384
  },
  {
    "epoch": 145,
    "k": 2,
    "seed": 46,
    "train_loss": 1.1103427117437963,
    "train_acc": 0.5994325447570332,
    "test_loss": 1.292165994644165,
    "test_acc": 0.5441
  },
  {
    "epoch": 146,
    "k": 2,
    "seed": 46,
    "train_loss": 1.1089252161857721,
    "train_acc": 0.6015345268542199,
    "test_loss": 1.2877346277236938,
    "test_acc": 0.5439
  },
  {
    "epoch": 147,
    "k": 2,
    "seed": 46,
    "train_loss": 1.1084600133664162,
    "train_acc": 0.6003077046035806,
    "test_loss": 1.2884725332260132,
    "test_acc": 0.5435
  },
  {
    "epoch": 148,
    "k": 2,
    "seed": 46,
    "train_loss": 1.1060306192054163,
    "train_acc": 0.6035246163682865,
    "test_loss": 1.2904185056686401,
    "test_acc": 0.5446
  },
  {
    "epoch": 149,
    "k": 2,
    "seed": 46,
    "train_loss": 1.1054781403992793,
    "train_acc": 0.6029851342710998,
    "test_loss": 1.291343092918396,
    "test_acc": 0.5431
  },
  {
    "epoch": 150,
    "k": 2,
    "seed": 46,
    "train_loss": 1.1028750666876888,
    "train_acc": 0.6021299552429668,
    "test_loss": 1.2901452779769897,
    "test_acc": 0.5386
  },
  {
    "epoch": 151,
    "k": 2,
    "seed": 46,
    "train_loss": 1.103898156634377,
    "train_acc": 0.6022258631713555,
    "test_loss": 1.2899646759033203,
    "test_acc": 0.5416
  },
  {
    "epoch": 152,
    "k": 2,
    "seed": 46,
    "train_loss": 1.1022478980786354,
    "train_acc": 0.6013746803069053,
    "test_loss": 1.2885016202926636,
    "test_acc": 0.5442
  },
  {
    "epoch": 153,
    "k": 2,
    "seed": 46,
    "train_loss": 1.1026469755660542,
    "train_acc": 0.602533567774936,
    "test_loss": 1.2851516008377075,
    "test_acc": 0.5426
  },
  {
    "epoch": 154,
    "k": 2,
    "seed": 46,
    "train_loss": 1.099276108510049,
    "train_acc": 0.6048673273657289,
    "test_loss": 1.2908432483673096,
    "test_acc": 0.5452
  },
  {
    "epoch": 155,
    "k": 2,
    "seed": 46,
    "train_loss": 1.097684463424146,
    "train_acc": 0.6043598145780051,
    "test_loss": 1.2895121574401855,
    "test_acc": 0.5458
  },
  {
    "epoch": 156,
    "k": 2,
    "seed": 46,
    "train_loss": 1.099450372826413,
    "train_acc": 0.6064338235294118,
    "test_loss": 1.285330891609192,
    "test_acc": 0.5443
  },
  {
    "epoch": 157,
    "k": 2,
    "seed": 46,
    "train_loss": 1.0975952378624236,
    "train_acc": 0.6044477301790282,
    "test_loss": 1.2909553050994873,
    "test_acc": 0.5408
  },
  {
    "epoch": 158,
    "k": 2,
    "seed": 46,
    "train_loss": 1.0921758590147013,
    "train_acc": 0.6071531329923273,
    "test_loss": 1.2902088165283203,
    "test_acc": 0.5388
  },
  {
    "epoch": 159,
    "k": 2,
    "seed": 46,
    "train_loss": 1.0980825036992807,
    "train_acc": 0.6055226982097187,
    "test_loss": 1.2891356945037842,
    "test_acc": 0.544
  },
  {
    "epoch": 160,
    "k": 2,
    "seed": 46,
    "train_loss": 1.092867242558228,
    "train_acc": 0.608343989769821,
    "test_loss": 1.2857922315597534,
    "test_acc": 0.5414
  },
  {
    "epoch": 161,
    "k": 2,
    "seed": 46,
    "train_loss": 1.0921067203707098,
    "train_acc": 0.6085757672634271,
    "test_loss": 1.2876253128051758,
    "test_acc": 0.5449
  },
  {
    "epoch": 162,
    "k": 2,
    "seed": 46,
    "train_loss": 1.0888754326059384,
    "train_acc": 0.608108216112532,
    "test_loss": 1.2880343198776245,
    "test_acc": 0.5447
  },
  {
    "epoch": 163,
    "k": 2,
    "seed": 46,
    "train_loss": 1.0891567121076462,
    "train_acc": 0.6085837595907929,
    "test_loss": 1.2889854907989502,
    "test_acc": 0.5438
  },
  {
    "epoch": 164,
    "k": 2,
    "seed": 46,
    "train_loss": 1.0903746775349084,
    "train_acc": 0.609139226342711,
    "test_loss": 1.2907209396362305,
    "test_acc": 0.5444
  },
  {
    "epoch": 165,
    "k": 2,
    "seed": 46,
    "train_loss": 1.0885839636063637,
    "train_acc": 0.6090632992327366,
    "test_loss": 1.2886466979980469,
    "test_acc": 0.5449
  },
  {
    "epoch": 166,
    "k": 2,
    "seed": 46,
    "train_loss": 1.0864777593966335,
    "train_acc": 0.6095708120204604,
    "test_loss": 1.2864640951156616,
    "test_acc": 0.5474
  },
  {
    "epoch": 167,
    "k": 2,
    "seed": 46,
    "train_loss": 1.083740738499195,
    "train_acc": 0.6103061061381074,
    "test_loss": 1.2899658679962158,
    "test_acc": 0.5467
  },
  {
    "epoch": 168,
    "k": 2,
    "seed": 46,
    "train_loss": 1.0841172206432312,
    "train_acc": 0.6114210358056267,
    "test_loss": 1.2929539680480957,
    "test_acc": 0.5457
  },
  {
    "epoch": 169,
    "k": 2,
    "seed": 46,
    "train_loss": 1.0857142395985402,
    "train_acc": 0.6086117327365729,
    "test_loss": 1.2940210103988647,
    "test_acc": 0.5445
  },
  {
    "epoch": 170,
    "k": 2,
    "seed": 46,
    "train_loss": 1.083333916218994,
    "train_acc": 0.6100623401534527,
    "test_loss": 1.2853751182556152,
    "test_acc": 0.5468
  },
  {
    "epoch": 171,
    "k": 2,
    "seed": 46,
    "train_loss": 1.083679880632464,
    "train_acc": 0.6109215153452686,
    "test_loss": 1.291335940361023,
    "test_acc": 0.5416
  },
  {
    "epoch": 172,
    "k": 2,
    "seed": 46,
    "train_loss": 1.0813248537080673,
    "train_acc": 0.6110453964194373,
    "test_loss": 1.2883720397949219,
    "test_acc": 0.5446
  },
  {
    "epoch": 173,
    "k": 2,
    "seed": 46,
    "train_loss": 1.0814223554738038,
    "train_acc": 0.6105179028132992,
    "test_loss": 1.2869508266448975,
    "test_acc": 0.544
  },
  {
    "epoch": 174,
    "k": 2,
    "seed": 46,
    "train_loss": 1.0810111681823535,
    "train_acc": 0.610406010230179,
    "test_loss": 1.2922371625900269,
    "test_acc": 0.5443
  },
  {
    "epoch": 175,
    "k": 2,
    "seed": 46,
    "train_loss": 1.0770702150166798,
    "train_acc": 0.612647858056266,
    "test_loss": 1.28452467918396,
    "test_acc": 0.5429
  },
  {
    "epoch": 176,
    "k": 2,
    "seed": 46,
    "train_loss": 1.0754464207707768,
    "train_acc": 0.6132792519181586,
    "test_loss": 1.2852888107299805,
    "test_acc": 0.5488
  },
  {
    "epoch": 177,
    "k": 2,
    "seed": 46,
    "train_loss": 1.0727615685719054,
    "train_acc": 0.613443094629156,
    "test_loss": 1.2895004749298096,
    "test_acc": 0.5467
  },
  {
    "epoch": 178,
    "k": 2,
    "seed": 46,
    "train_loss": 1.0753884271282674,
    "train_acc": 0.6146259590792839,
    "test_loss": 1.2898690700531006,
    "test_acc": 0.5458
  },
  {
    "epoch": 179,
    "k": 2,
    "seed": 46,
    "train_loss": 1.073912583043813,
    "train_acc": 0.6152693414322251,
    "test_loss": 1.2875511646270752,
    "test_acc": 0.5447
  },
  {
    "epoch": 180,
    "k": 2,
    "seed": 46,
    "train_loss": 1.073605940927325,
    "train_acc": 0.6141903772378516,
    "test_loss": 1.2837380170822144,
    "test_acc": 0.5431
  },
  {
    "epoch": 181,
    "k": 2,
    "seed": 46,
    "train_loss": 1.0718653231020778,
    "train_acc": 0.615037563938619,
    "test_loss": 1.285344123840332,
    "test_acc": 0.5474
  },
  {
    "epoch": 182,
    "k": 2,
    "seed": 46,
    "train_loss": 1.0719555316068936,
    "train_acc": 0.6166520140664962,
    "test_loss": 1.2824324369430542,
    "test_acc": 0.5486
  },
  {
    "epoch": 183,
    "k": 2,
    "seed": 46,
    "train_loss": 1.0695377181253165,
    "train_acc": 0.6147778132992328,
    "test_loss": 1.2853410243988037,
    "test_acc": 0.5488
  },
  {
    "epoch": 184,
    "k": 2,
    "seed": 46,
    "train_loss": 1.0683496631014988,
    "train_acc": 0.6142902813299232,
    "test_loss": 1.2853447198867798,
    "test_acc": 0.547
  },
  {
    "epoch": 185,
    "k": 2,
    "seed": 46,
    "train_loss": 1.0690468600034104,
    "train_acc": 0.6158807544757033,
    "test_loss": 1.2887930870056152,
    "test_acc": 0.5426
  },
  {
    "epoch": 186,
    "k": 2,
    "seed": 46,
    "train_loss": 1.0684267820604623,
    "train_acc": 0.6145660166240409,
    "test_loss": 1.2835091352462769,
    "test_acc": 0.5467
  },
  {
    "epoch": 187,
    "k": 2,
    "seed": 46,
    "train_loss": 1.0678886973949344,
    "train_acc": 0.6176430626598466,
    "test_loss": 1.2873291969299316,
    "test_acc": 0.5444
  },
  {
    "epoch": 188,
    "k": 2,
    "seed": 46,
    "train_loss": 1.065227392536905,
    "train_acc": 0.6185182225063939,
    "test_loss": 1.2840076684951782,
    "test_acc": 0.5465
  },
  {
    "epoch": 189,
    "k": 2,
    "seed": 46,
    "train_loss": 1.0646991889799953,
    "train_acc": 0.6156769501278773,
    "test_loss": 1.2864339351654053,
    "test_acc": 0.5454
  },
  {
    "epoch": 190,
    "k": 2,
    "seed": 46,
    "train_loss": 1.065637281941026,
    "train_acc": 0.6172074808184144,
    "test_loss": 1.2839794158935547,
    "test_acc": 0.5477
  },
  {
    "epoch": 191,
    "k": 2,
    "seed": 46,
    "train_loss": 1.0641501626700087,
    "train_acc": 0.6167199488491049,
    "test_loss": 1.2848387956619263,
    "test_acc": 0.5506
  },
  {
    "epoch": 192,
    "k": 2,
    "seed": 46,
    "train_loss": 1.0623357832584235,
    "train_acc": 0.618014705882353,
    "test_loss": 1.286634087562561,
    "test_acc": 0.5465
  },
  {
    "epoch": 193,
    "k": 2,
    "seed": 46,
    "train_loss": 1.0605192109751884,
    "train_acc": 0.6204084079283888,
    "test_loss": 1.28568696975708,
    "test_acc": 0.5469
  },
  {
    "epoch": 194,
    "k": 2,
    "seed": 46,
    "train_loss": 1.0648699163475914,
    "train_acc": 0.6175951086956522,
    "test_loss": 1.2865653038024902,
    "test_acc": 0.5509
  },
  {
    "epoch": 195,
    "k": 2,
    "seed": 46,
    "train_loss": 1.060476088158005,
    "train_acc": 0.6206681585677749,
    "test_loss": 1.291930079460144,
    "test_acc": 0.549
  },
  {
    "epoch": 196,
    "k": 2,
    "seed": 46,
    "train_loss": 1.0609337609747183,
    "train_acc": 0.6187060421994884,
    "test_loss": 1.289215326309204,
    "test_acc": 0.546
  },
  {
    "epoch": 197,
    "k": 2,
    "seed": 46,
    "train_loss": 1.057271567909309,
    "train_acc": 0.6215593030690537,
    "test_loss": 1.2836685180664062,
    "test_acc": 0.5468
  },
  {
    "epoch": 198,
    "k": 2,
    "seed": 46,
    "train_loss": 1.0572563120166358,
    "train_acc": 0.6187060421994884,
    "test_loss": 1.2863086462020874,
    "test_acc": 0.5475
  },
  {
    "epoch": 199,
    "k": 2,
    "seed": 46,
    "train_loss": 1.0581371932078505,
    "train_acc": 0.6209558823529412,
    "test_loss": 1.2852792739868164,
    "test_acc": 0.5478
  },
  {
    "epoch": 200,
    "k": 2,
    "seed": 46,
    "train_loss": 1.056454157280495,
    "train_acc": 0.6203764386189258,
    "test_loss": 1.2875491380691528,
    "test_acc": 0.5498
  },
  {
    "epoch": 201,
    "k": 2,
    "seed": 46,
    "train_loss": 1.051640920931726,
    "train_acc": 0.6217471227621484,
    "test_loss": 1.283843994140625,
    "test_acc": 0.549
  },
  {
    "epoch": 202,
    "k": 2,
    "seed": 46,
    "train_loss": 1.0523192015145442,
    "train_acc": 0.6218030690537084,
    "test_loss": 1.2894471883773804,
    "test_acc": 0.5493
  },
  {
    "epoch": 203,
    "k": 2,
    "seed": 46,
    "train_loss": 1.05196951615536,
    "train_acc": 0.6219269501278772,
    "test_loss": 1.2888712882995605,
    "test_acc": 0.5466
  },
  {
    "epoch": 204,
    "k": 2,
    "seed": 46,
    "train_loss": 1.051207501565099,
    "train_acc": 0.6232576726342711,
    "test_loss": 1.2858458757400513,
    "test_acc": 0.5512
  },
  {
    "epoch": 205,
    "k": 2,
    "seed": 46,
    "train_loss": 1.052908344951737,
    "train_acc": 0.6214074488491049,
    "test_loss": 1.2837986946105957,
    "test_acc": 0.5462
  },
  {
    "epoch": 206,
    "k": 2,
    "seed": 46,
    "train_loss": 1.0521858927538938,
    "train_acc": 0.6221267583120205,
    "test_loss": 1.2839360237121582,
    "test_acc": 0.5487
  },
  {
    "epoch": 207,
    "k": 2,
    "seed": 46,
    "train_loss": 1.0479113134886602,
    "train_acc": 0.6242886828644502,
    "test_loss": 1.2884912490844727,
    "test_acc": 0.5453
  },
  {
    "epoch": 208,
    "k": 2,
    "seed": 46,
    "train_loss": 1.051635675570544,
    "train_acc": 0.6224104859335039,
    "test_loss": 1.2853741645812988,
    "test_acc": 0.5532
  },
  {
    "epoch": 209,
    "k": 2,
    "seed": 46,
    "train_loss": 1.0498804340277181,
    "train_acc": 0.6236652813299233,
    "test_loss": 1.284543514251709,
    "test_acc": 0.5495
  },
  {
    "epoch": 210,
    "k": 2,
    "seed": 46,
    "train_loss": 1.048159872174568,
    "train_acc": 0.6239649936061381,
    "test_loss": 1.287792682647705,
    "test_acc": 0.55
  },
  {
    "epoch": 211,
    "k": 2,
    "seed": 46,
    "train_loss": 1.0462479242278486,
    "train_acc": 0.6247842071611254,
    "test_loss": 1.2876062393188477,
    "test_acc": 0.5477
  },
  {
    "epoch": 212,
    "k": 2,
    "seed": 46,
    "train_loss": 1.0474467301917503,
    "train_acc": 0.6224864130434783,
    "test_loss": 1.2855745553970337,
    "test_acc": 0.5489
  },
  {
    "epoch": 213,
    "k": 2,
    "seed": 46,
    "train_loss": 1.0452495878919617,
    "train_acc": 0.623289641943734,
    "test_loss": 1.2836027145385742,
    "test_acc": 0.5533
  },
  {
    "epoch": 214,
    "k": 2,
    "seed": 46,
    "train_loss": 1.046395010807935,
    "train_acc": 0.6251278772378517,
    "test_loss": 1.281511664390564,
    "test_acc": 0.5514
  },
  {
    "epoch": 215,
    "k": 2,
    "seed": 46,
    "train_loss": 1.0424885326029394,
    "train_acc": 0.6261868606138108,
    "test_loss": 1.2860631942749023,
    "test_acc": 0.5545
  },
  {
    "epoch": 216,
    "k": 2,
    "seed": 46,
    "train_loss": 1.0414979913655449,
    "train_acc": 0.6283647698209719,
    "test_loss": 1.2901275157928467,
    "test_acc": 0.5484
  },
  {
    "epoch": 217,
    "k": 2,
    "seed": 46,
    "train_loss": 1.0426481108531318,
    "train_acc": 0.6260789641943734,
    "test_loss": 1.2853386402130127,
    "test_acc": 0.552
  },
  {
    "epoch": 218,
    "k": 2,
    "seed": 46,
    "train_loss": 1.0411602533077036,
    "train_acc": 0.6274336636828645,
    "test_loss": 1.2852317094802856,
    "test_acc": 0.5495
  },
  {
    "epoch": 219,
    "k": 2,
    "seed": 46,
    "train_loss": 1.0388785917740648,
    "train_acc": 0.6292918797953964,
    "test_loss": 1.2924326658248901,
    "test_acc": 0.55
  },
  {
    "epoch": 220,
    "k": 2,
    "seed": 46,
    "train_loss": 1.0418877019296826,
    "train_acc": 0.6260789641943734,
    "test_loss": 1.285475730895996,
    "test_acc": 0.5508
  },
  {
    "epoch": 221,
    "k": 2,
    "seed": 46,
    "train_loss": 1.0401906400080532,
    "train_acc": 0.6263626918158568,
    "test_loss": 1.287379503250122,
    "test_acc": 0.5519
  },
  {
    "epoch": 222,
    "k": 2,
    "seed": 46,
    "train_loss": 1.0393531732547008,
    "train_acc": 0.6259670716112532,
    "test_loss": 1.2924939393997192,
    "test_acc": 0.5497
  },
  {
    "epoch": 223,
    "k": 2,
    "seed": 46,
    "train_loss": 1.0371378442210615,
    "train_acc": 0.627209878516624,
    "test_loss": 1.2896137237548828,
    "test_acc": 0.55
  },
  {
    "epoch": 224,
    "k": 2,
    "seed": 46,
    "train_loss": 1.0388608532183616,
    "train_acc": 0.6266863810741689,
    "test_loss": 1.2865267992019653,
    "test_acc": 0.5524
  },
  {
    "epoch": 225,
    "k": 2,
    "seed": 46,
    "train_loss": 1.0356921617637205,
    "train_acc": 0.6266344309462916,
    "test_loss": 1.286818504333496,
    "test_acc": 0.5473
  },
  {
    "epoch": 226,
    "k": 2,
    "seed": 46,
    "train_loss": 1.0352836092719642,
    "train_acc": 0.630778452685422,
    "test_loss": 1.2852448225021362,
    "test_acc": 0.5499
  },
  {
    "epoch": 227,
    "k": 2,
    "seed": 46,
    "train_loss": 1.0356591505467738,
    "train_acc": 0.6294916879795396,
    "test_loss": 1.2862443923950195,
    "test_acc": 0.5518
  },
  {
    "epoch": 228,
    "k": 2,
    "seed": 46,
    "train_loss": 1.0368723160470539,
    "train_acc": 0.6284646739130435,
    "test_loss": 1.2862883806228638,
    "test_acc": 0.5489
  },
  {
    "epoch": 229,
    "k": 2,
    "seed": 46,
    "train_loss": 1.0350988309096802,
    "train_acc": 0.627685421994885,
    "test_loss": 1.2834910154342651,
    "test_acc": 0.5561
  },
  {
    "epoch": 230,
    "k": 2,
    "seed": 46,
    "train_loss": 1.0357803466070035,
    "train_acc": 0.6284966432225064,
    "test_loss": 1.2914230823516846,
    "test_acc": 0.5483
  },
  {
    "epoch": 231,
    "k": 2,
    "seed": 46,
    "train_loss": 1.0323157691589706,
    "train_acc": 0.6300551470588235,
    "test_loss": 1.2866134643554688,
    "test_acc": 0.548
  },
  {
    "epoch": 232,
    "k": 2,
    "seed": 46,
    "train_loss": 1.032727289687642,
    "train_acc": 0.6297834079283888,
    "test_loss": 1.2866098880767822,
    "test_acc": 0.5548
  },
  {
    "epoch": 233,
    "k": 2,
    "seed": 46,
    "train_loss": 1.0336979985846888,
    "train_acc": 0.6298513427109974,
    "test_loss": 1.2914419174194336,
    "test_acc": 0.5504
  },
  {
    "epoch": 234,
    "k": 2,
    "seed": 46,
    "train_loss": 1.0302095791263044,
    "train_acc": 0.6308663682864449,
    "test_loss": 1.288246512413025,
    "test_acc": 0.5543
  },
  {
    "epoch": 235,
    "k": 2,
    "seed": 46,
    "train_loss": 1.0316718772549154,
    "train_acc": 0.6289202365728901,
    "test_loss": 1.2914854288101196,
    "test_acc": 0.5508
  },
  {
    "epoch": 236,
    "k": 2,
    "seed": 46,
    "train_loss": 1.0302535152191397,
    "train_acc": 0.6319573209718671,
    "test_loss": 1.2892088890075684,
    "test_acc": 0.552
  },
  {
    "epoch": 237,
    "k": 2,
    "seed": 46,
    "train_loss": 1.0321645974503149,
    "train_acc": 0.6304587595907929,
    "test_loss": 1.287408709526062,
    "test_acc": 0.5506
  },
  {
    "epoch": 238,
    "k": 2,
    "seed": 46,
    "train_loss": 1.0283457903605897,
    "train_acc": 0.6311181265984654,
    "test_loss": 1.292701005935669,
    "test_acc": 0.5484
  },
  {
    "epoch": 239,
    "k": 2,
    "seed": 46,
    "train_loss": 1.0285034342799955,
    "train_acc": 0.6328884271099744,
    "test_loss": 1.286825180053711,
    "test_acc": 0.552
  },
  {
    "epoch": 240,
    "k": 2,
    "seed": 46,
    "train_loss": 1.0290719066434504,
    "train_acc": 0.6316016624040921,
    "test_loss": 1.2890146970748901,
    "test_acc": 0.5512
  },
  {
    "epoch": 241,
    "k": 2,
    "seed": 46,
    "train_loss": 1.02465694258585,
    "train_acc": 0.6339154411764706,
    "test_loss": 1.283947229385376,
    "test_acc": 0.555
  },
  {
    "epoch": 242,
    "k": 2,
    "seed": 46,
    "train_loss": 1.025983776735223,
    "train_acc": 0.6325847186700767,
    "test_loss": 1.2893487215042114,
    "test_acc": 0.5507
  },
  {
    "epoch": 243,
    "k": 2,
    "seed": 46,
    "train_loss": 1.024715252849452,
    "train_acc": 0.631781489769821,
    "test_loss": 1.2893874645233154,
    "test_acc": 0.5515
  },
  {
    "epoch": 244,
    "k": 2,
    "seed": 46,
    "train_loss": 1.0277691036843888,
    "train_acc": 0.6311141304347826,
    "test_loss": 1.294555902481079,
    "test_acc": 0.5516
  },
  {
    "epoch": 245,
    "k": 2,
    "seed": 46,
    "train_loss": 1.0252395026824053,
    "train_acc": 0.631457800511509,
    "test_loss": 1.2906240224838257,
    "test_acc": 0.5547
  },
  {
    "epoch": 246,
    "k": 2,
    "seed": 46,
    "train_loss": 1.0246338847348146,
    "train_acc": 0.6325367647058824,
    "test_loss": 1.2875515222549438,
    "test_acc": 0.5521
  },
  {
    "epoch": 247,
    "k": 2,
    "seed": 46,
    "train_loss": 1.0223311800176225,
    "train_acc": 0.6345388427109975,
    "test_loss": 1.297990083694458,
    "test_acc": 0.5493
  },
  {
    "epoch": 248,
    "k": 2,
    "seed": 46,
    "train_loss": 1.021598125357762,
    "train_acc": 0.6338794757033248,
    "test_loss": 1.2871081829071045,
    "test_acc": 0.5521
  },
  {
    "epoch": 249,
    "k": 2,
    "seed": 46,
    "train_loss": 1.0217962989111995,
    "train_acc": 0.63443094629156,
    "test_loss": 1.293836236000061,
    "test_acc": 0.5538
  },
  {
    "epoch": 250,
    "k": 2,
    "seed": 46,
    "train_loss": 1.0218073003127446,
    "train_acc": 0.6332201086956522,
    "test_loss": 1.2972310781478882,
    "test_acc": 0.5483
  },
  {
    "epoch": 251,
    "k": 2,
    "seed": 46,
    "train_loss": 1.0197204534355027,
    "train_acc": 0.6346547314578005,
    "test_loss": 1.290631651878357,
    "test_acc": 0.5538
  },
  {
    "epoch": 252,
    "k": 2,
    "seed": 46,
    "train_loss": 1.0220386892023599,
    "train_acc": 0.6360733695652174,
    "test_loss": 1.2946101427078247,
    "test_acc": 0.5538
  },
  {
    "epoch": 253,
    "k": 2,
    "seed": 46,
    "train_loss": 1.0201982671342542,
    "train_acc": 0.6348585358056267,
    "test_loss": 1.2964094877243042,
    "test_acc": 0.5499
  },
  {
    "epoch": 254,
    "k": 2,
    "seed": 46,
    "train_loss": 1.0192108341799977,
    "train_acc": 0.6355618606138107,
    "test_loss": 1.2941231727600098,
    "test_acc": 0.5533
  },
  {
    "epoch": 255,
    "k": 2,
    "seed": 46,
    "train_loss": 1.020556700351598,
    "train_acc": 0.634582800511509,
    "test_loss": 1.289387822151184,
    "test_acc": 0.5563
  },
  {
    "epoch": 256,
    "k": 2,
    "seed": 46,
    "train_loss": 1.0184996760714695,
    "train_acc": 0.6355179028132992,
    "test_loss": 1.2902251482009888,
    "test_acc": 0.5547
  },
  {
    "epoch": 257,
    "k": 2,
    "seed": 46,
    "train_loss": 1.0168547325426964,
    "train_acc": 0.6349904092071611,
    "test_loss": 1.2910908460617065,
    "test_acc": 0.555
  },
  {
    "epoch": 258,
    "k": 2,
    "seed": 46,
    "train_loss": 1.0179282201220616,
    "train_acc": 0.6360134271099744,
    "test_loss": 1.2903982400894165,
    "test_acc": 0.5548
  },
  {
    "epoch": 259,
    "k": 2,
    "seed": 46,
    "train_loss": 1.016237141836025,
    "train_acc": 0.6347186700767263,
    "test_loss": 1.2916401624679565,
    "test_acc": 0.5564
  },
  {
    "epoch": 260,
    "k": 2,
    "seed": 46,
    "train_loss": 1.0169194110519135,
    "train_acc": 0.6352461636828645,
    "test_loss": 1.2883601188659668,
    "test_acc": 0.5537
  },
  {
    "epoch": 261,
    "k": 2,
    "seed": 46,
    "train_loss": 1.0164657064411036,
    "train_acc": 0.6361652813299232,
    "test_loss": 1.2880449295043945,
    "test_acc": 0.5531
  },
  {
    "epoch": 262,
    "k": 2,
    "seed": 46,
    "train_loss": 1.0141637715537224,
    "train_acc": 0.6356777493606138,
    "test_loss": 1.287530541419983,
    "test_acc": 0.5542
  },
  {
    "epoch": 263,
    "k": 2,
    "seed": 46,
    "train_loss": 1.01332800193211,
    "train_acc": 0.6377877237851662,
    "test_loss": 1.2894220352172852,
    "test_acc": 0.5557
  },
  {
    "epoch": 264,
    "k": 2,
    "seed": 46,
    "train_loss": 1.013859919422423,
    "train_acc": 0.6383511828644501,
    "test_loss": 1.2902106046676636,
    "test_acc": 0.5552
  },
  {
    "epoch": 265,
    "k": 2,
    "seed": 46,
    "train_loss": 1.0128621849257622,
    "train_acc": 0.6363411125319692,
    "test_loss": 1.2899575233459473,
    "test_acc": 0.553
  },
  {
    "epoch": 266,
    "k": 2,
    "seed": 46,
    "train_loss": 1.0149336298713294,
    "train_acc": 0.6363171355498721,
    "test_loss": 1.2948405742645264,
    "test_acc": 0.5544
  },
  {
    "epoch": 267,
    "k": 2,
    "seed": 46,
    "train_loss": 1.0100656743244747,
    "train_acc": 0.6367287404092071,
    "test_loss": 1.286267876625061,
    "test_acc": 0.5554
  },
  {
    "epoch": 268,
    "k": 2,
    "seed": 46,
    "train_loss": 1.0089788223471483,
    "train_acc": 0.6380195012787724,
    "test_loss": 1.2920454740524292,
    "test_acc": 0.5536
  },
  {
    "epoch": 269,
    "k": 2,
    "seed": 46,
    "train_loss": 1.0093550897010453,
    "train_acc": 0.6403252877237852,
    "test_loss": 1.2891136407852173,
    "test_acc": 0.5533
  },
  {
    "epoch": 270,
    "k": 2,
    "seed": 46,
    "train_loss": 1.0104395651146578,
    "train_acc": 0.6384870524296675,
    "test_loss": 1.2868196964263916,
    "test_acc": 0.5536
  },
  {
    "epoch": 271,
    "k": 2,
    "seed": 46,
    "train_loss": 1.0077167851540743,
    "train_acc": 0.6396898976982097,
    "test_loss": 1.2914339303970337,
    "test_acc": 0.5533
  },
  {
    "epoch": 272,
    "k": 2,
    "seed": 46,
    "train_loss": 1.0089094298879813,
    "train_acc": 0.638119405370844,
    "test_loss": 1.289790391921997,
    "test_acc": 0.5579
  },
  {
    "epoch": 273,
    "k": 2,
    "seed": 46,
    "train_loss": 1.0112969722894147,
    "train_acc": 0.6384351023017903,
    "test_loss": 1.2870969772338867,
    "test_acc": 0.5568
  },
  {
    "epoch": 274,
    "k": 2,
    "seed": 46,
    "train_loss": 1.0116481311485896,
    "train_acc": 0.6370004795396419,
    "test_loss": 1.294252872467041,
    "test_acc": 0.5529
  },
  {
    "epoch": 275,
    "k": 2,
    "seed": 46,
    "train_loss": 1.0066623661829077,
    "train_acc": 0.6396579283887468,
    "test_loss": 1.2949070930480957,
    "test_acc": 0.5553
  },
  {
    "epoch": 276,
    "k": 2,
    "seed": 46,
    "train_loss": 1.0079151434666664,
    "train_acc": 0.6394621163682864,
    "test_loss": 1.2876309156417847,
    "test_acc": 0.5503
  },
  {
    "epoch": 277,
    "k": 2,
    "seed": 46,
    "train_loss": 1.0073570269148062,
    "train_acc": 0.638886668797954,
    "test_loss": 1.2934157848358154,
    "test_acc": 0.5549
  },
  {
    "epoch": 278,
    "k": 2,
    "seed": 46,
    "train_loss": 1.0067188565993248,
    "train_acc": 0.6382113171355499,
    "test_loss": 1.2891440391540527,
    "test_acc": 0.5555
  },
  {
    "epoch": 279,
    "k": 2,
    "seed": 46,
    "train_loss": 1.0048882926211637,
    "train_acc": 0.6401694373401534,
    "test_loss": 1.289786458015442,
    "test_acc": 0.5547
  },
  {
    "epoch": 280,
    "k": 2,
    "seed": 46,
    "train_loss": 1.0055429292151996,
    "train_acc": 0.6381074168797954,
    "test_loss": 1.2893825769424438,
    "test_acc": 0.5545
  },
  {
    "epoch": 281,
    "k": 2,
    "seed": 46,
    "train_loss": 1.005874476926711,
    "train_acc": 0.6416600063938619,
    "test_loss": 1.287902593612671,
    "test_acc": 0.5537
  },
  {
    "epoch": 282,
    "k": 2,
    "seed": 46,
    "train_loss": 1.006184074579907,
    "train_acc": 0.6393022698209718,
    "test_loss": 1.3017550706863403,
    "test_acc": 0.5514
  },
  {
    "epoch": 283,
    "k": 2,
    "seed": 46,
    "train_loss": 1.0032364408988172,
    "train_acc": 0.6408527813299233,
    "test_loss": 1.2871384620666504,
    "test_acc": 0.5555
  },
  {
    "epoch": 284,
    "k": 2,
    "seed": 46,
    "train_loss": 1.0040800850409681,
    "train_acc": 0.6400695332480818,
    "test_loss": 1.288360595703125,
    "test_acc": 0.5567
  },
  {
    "epoch": 285,
    "k": 2,
    "seed": 46,
    "train_loss": 0.9998956796763193,
    "train_acc": 0.6421075767263428,
    "test_loss": 1.2928458452224731,
    "test_acc": 0.555
  },
  {
    "epoch": 286,
    "k": 2,
    "seed": 46,
    "train_loss": 1.002537517139064,
    "train_acc": 0.6403132992327366,
    "test_loss": 1.2867200374603271,
    "test_acc": 0.5567
  },
  {
    "epoch": 287,
    "k": 2,
    "seed": 46,
    "train_loss": 1.000609955671803,
    "train_acc": 0.6401494565217392,
    "test_loss": 1.2933108806610107,
    "test_acc": 0.5581
  },
  {
    "epoch": 288,
    "k": 2,
    "seed": 46,
    "train_loss": 0.9999524335117291,
    "train_acc": 0.6423193734015346,
    "test_loss": 1.30092453956604,
    "test_acc": 0.5526
  },
  {
    "epoch": 289,
    "k": 2,
    "seed": 46,
    "train_loss": 1.00112412744166,
    "train_acc": 0.6417718989769822,
    "test_loss": 1.2987720966339111,
    "test_acc": 0.5521
  },
  {
    "epoch": 290,
    "k": 2,
    "seed": 46,
    "train_loss": 0.9988198784915993,
    "train_acc": 0.6431425831202046,
    "test_loss": 1.2876288890838623,
    "test_acc": 0.5567
  },
  {
    "epoch": 291,
    "k": 2,
    "seed": 46,
    "train_loss": 0.9984954494954376,
    "train_acc": 0.6422594309462916,
    "test_loss": 1.2933096885681152,
    "test_acc": 0.5525
  },
  {
    "epoch": 292,
    "k": 2,
    "seed": 46,
    "train_loss": 1.0016904450438517,
    "train_acc": 0.6412883631713555,
    "test_loss": 1.2860462665557861,
    "test_acc": 0.5567
  },
  {
    "epoch": 293,
    "k": 2,
    "seed": 46,
    "train_loss": 0.998885904736531,
    "train_acc": 0.6424632352941176,
    "test_loss": 1.2855699062347412,
    "test_acc": 0.5595
  },
  {
    "epoch": 294,
    "k": 2,
    "seed": 46,
    "train_loss": 1.0006091742564345,
    "train_acc": 0.6420756074168797,
    "test_loss": 1.2890108823776245,
    "test_acc": 0.5567
  },
  {
    "epoch": 295,
    "k": 2,
    "seed": 46,
    "train_loss": 0.9977274828249841,
    "train_acc": 0.644633152173913,
    "test_loss": 1.294692873954773,
    "test_acc": 0.5534
  },
  {
    "epoch": 296,
    "k": 2,
    "seed": 46,
    "train_loss": 0.995448505634542,
    "train_acc": 0.6426190856777494,
    "test_loss": 1.2888715267181396,
    "test_acc": 0.5566
  },
  {
    "epoch": 297,
    "k": 2,
    "seed": 46,
    "train_loss": 0.9986358015128719,
    "train_acc": 0.6435262148337596,
    "test_loss": 1.294167160987854,
    "test_acc": 0.5564
  },
  {
    "epoch": 298,
    "k": 2,
    "seed": 46,
    "train_loss": 0.9959022318920516,
    "train_acc": 0.643426310741688,
    "test_loss": 1.2887808084487915,
    "test_acc": 0.5582
  },
  {
    "epoch": 299,
    "k": 2,
    "seed": 46,
    "train_loss": 0.9957770176250916,
    "train_acc": 0.6447969948849105,
    "test_loss": 1.2890392541885376,
    "test_acc": 0.5553
  },
  {
    "epoch": 300,
    "k": 2,
    "seed": 46,
    "train_loss": 0.9956775569854794,
    "train_acc": 0.643690057544757,
    "test_loss": 1.297362208366394,
    "test_acc": 0.5548
  },
  {
    "epoch": 301,
    "k": 2,
    "seed": 46,
    "train_loss": 0.9942385353090818,
    "train_acc": 0.643366368286445,
    "test_loss": 1.289432168006897,
    "test_acc": 0.5593
  },
  {
    "epoch": 302,
    "k": 2,
    "seed": 46,
    "train_loss": 0.9958753046172354,
    "train_acc": 0.6441975703324808,
    "test_loss": 1.2895983457565308,
    "test_acc": 0.5604
  },
  {
    "epoch": 303,
    "k": 2,
    "seed": 46,
    "train_loss": 0.9932165551368538,
    "train_acc": 0.6427989130434782,
    "test_loss": 1.2904082536697388,
    "test_acc": 0.5568
  },
  {
    "epoch": 304,
    "k": 2,
    "seed": 46,
    "train_loss": 0.9957192986822494,
    "train_acc": 0.6439298273657289,
    "test_loss": 1.2918001413345337,
    "test_acc": 0.5555
  },
  {
    "epoch": 305,
    "k": 2,
    "seed": 46,
    "train_loss": 0.9938220836012565,
    "train_acc": 0.6452765345268542,
    "test_loss": 1.2961732149124146,
    "test_acc": 0.5549
  },
  {
    "epoch": 306,
    "k": 2,
    "seed": 46,
    "train_loss": 0.9929287441246345,
    "train_acc": 0.6447090792838875,
    "test_loss": 1.2929258346557617,
    "test_acc": 0.5539
  },
  {
    "epoch": 307,
    "k": 2,
    "seed": 46,
    "train_loss": 0.991468107913766,
    "train_acc": 0.6455962276214834,
    "test_loss": 1.2928489446640015,
    "test_acc": 0.5573
  },
  {
    "epoch": 308,
    "k": 2,
    "seed": 46,
    "train_loss": 0.9906558075829235,
    "train_acc": 0.6470947890025576,
    "test_loss": 1.2894173860549927,
    "test_acc": 0.5578
  },
  {
    "epoch": 309,
    "k": 2,
    "seed": 46,
    "train_loss": 0.9945395651375851,
    "train_acc": 0.646019820971867,
    "test_loss": 1.2903835773468018,
    "test_acc": 0.5584
  },
  {
    "epoch": 310,
    "k": 2,
    "seed": 46,
    "train_loss": 0.9890481303719914,
    "train_acc": 0.646875,
    "test_loss": 1.2871640920639038,
    "test_acc": 0.5578
  },
  {
    "epoch": 311,
    "k": 2,
    "seed": 46,
    "train_loss": 0.9913063000535112,
    "train_acc": 0.646994884910486,
    "test_loss": 1.2944520711898804,
    "test_acc": 0.5572
  },
  {
    "epoch": 312,
    "k": 2,
    "seed": 46,
    "train_loss": 0.9898894471890481,
    "train_acc": 0.6448569373401535,
    "test_loss": 1.2961939573287964,
    "test_acc": 0.5537
  },
  {
    "epoch": 313,
    "k": 2,
    "seed": 46,
    "train_loss": 0.9889281808262895,
    "train_acc": 0.6456681585677749,
    "test_loss": 1.2897834777832031,
    "test_acc": 0.5558
  },
  {
    "epoch": 314,
    "k": 2,
    "seed": 46,
    "train_loss": 0.9889737091710805,
    "train_acc": 0.6465632992327366,
    "test_loss": 1.2869123220443726,
    "test_acc": 0.5552
  },
  {
    "epoch": 315,
    "k": 2,
    "seed": 46,
    "train_loss": 0.987912198161835,
    "train_acc": 0.6461916560102301,
    "test_loss": 1.2916325330734253,
    "test_acc": 0.5537
  },
  {
    "epoch": 316,
    "k": 2,
    "seed": 46,
    "train_loss": 0.9910591346833407,
    "train_acc": 0.6443094629156011,
    "test_loss": 1.293339490890503,
    "test_acc": 0.5534
  },
  {
    "epoch": 317,
    "k": 2,
    "seed": 46,
    "train_loss": 0.9875346524331271,
    "train_acc": 0.6462116368286445,
    "test_loss": 1.2955206632614136,
    "test_acc": 0.5558
  },
  {
    "epoch": 318,
    "k": 2,
    "seed": 46,
    "train_loss": 0.9889896191904307,
    "train_acc": 0.6466871803069054,
    "test_loss": 1.2938354015350342,
    "test_acc": 0.5536
  },
  {
    "epoch": 319,
    "k": 2,
    "seed": 46,
    "train_loss": 0.9881082568936945,
    "train_acc": 0.6463355179028133,
    "test_loss": 1.2925058603286743,
    "test_acc": 0.5567
  },
  {
    "epoch": 320,
    "k": 2,
    "seed": 46,
    "train_loss": 0.9848497508431945,
    "train_acc": 0.6460597826086957,
    "test_loss": 1.2939034700393677,
    "test_acc": 0.5573
  },
  {
    "epoch": 321,
    "k": 2,
    "seed": 46,
    "train_loss": 0.9870232922951584,
    "train_acc": 0.647965952685422,
    "test_loss": 1.2954357862472534,
    "test_acc": 0.5562
  },
  {
    "epoch": 322,
    "k": 2,
    "seed": 46,
    "train_loss": 0.9850602811559692,
    "train_acc": 0.6489250319693095,
    "test_loss": 1.2921241521835327,
    "test_acc": 0.5541
  },
  {
    "epoch": 323,
    "k": 2,
    "seed": 46,
    "train_loss": 0.9839073890615302,
    "train_acc": 0.6480978260869565,
    "test_loss": 1.2924079895019531,
    "test_acc": 0.5571
  },
  {
    "epoch": 324,
    "k": 2,
    "seed": 46,
    "train_loss": 0.9840906588622677,
    "train_acc": 0.6473905051150894,
    "test_loss": 1.2945849895477295,
    "test_acc": 0.5566
  },
  {
    "epoch": 325,
    "k": 2,
    "seed": 46,
    "train_loss": 0.9857797310175493,
    "train_acc": 0.6476302749360614,
    "test_loss": 1.2934070825576782,
    "test_acc": 0.5569
  },
  {
    "epoch": 326,
    "k": 2,
    "seed": 46,
    "train_loss": 0.9823346307210605,
    "train_acc": 0.6497282608695651,
    "test_loss": 1.2900298833847046,
    "test_acc": 0.5583
  },
  {
    "epoch": 327,
    "k": 2,
    "seed": 46,
    "train_loss": 0.9847225597142564,
    "train_acc": 0.6476822250639387,
    "test_loss": 1.296426773071289,
    "test_acc": 0.5562
  },
  {
    "epoch": 328,
    "k": 2,
    "seed": 46,
    "train_loss": 0.9856711289157039,
    "train_acc": 0.6466072570332481,
    "test_loss": 1.2963813543319702,
    "test_acc": 0.5553
  },
  {
    "epoch": 329,
    "k": 2,
    "seed": 46,
    "train_loss": 0.9845010275426118,
    "train_acc": 0.6476822250639387,
    "test_loss": 1.2989126443862915,
    "test_acc": 0.5561
  },
  {
    "epoch": 330,
    "k": 2,
    "seed": 46,
    "train_loss": 0.9839062071822183,
    "train_acc": 0.6480019181585678,
    "test_loss": 1.2892200946807861,
    "test_acc": 0.5599
  },
  {
    "epoch": 331,
    "k": 2,
    "seed": 46,
    "train_loss": 0.9801394623868606,
    "train_acc": 0.6497162723785166,
    "test_loss": 1.2992525100708008,
    "test_acc": 0.5539
  },
  {
    "epoch": 332,
    "k": 2,
    "seed": 46,
    "train_loss": 0.9831290368533805,
    "train_acc": 0.6489250319693095,
    "test_loss": 1.2967971563339233,
    "test_acc": 0.5567
  },
  {
    "epoch": 333,
    "k": 2,
    "seed": 46,
    "train_loss": 0.9817698914986437,
    "train_acc": 0.649704283887468,
    "test_loss": 1.2962942123413086,
    "test_acc": 0.5583
  },
  {
    "epoch": 334,
    "k": 2,
    "seed": 46,
    "train_loss": 0.9799441272950233,
    "train_acc": 0.6499640345268543,
    "test_loss": 1.2922090291976929,
    "test_acc": 0.555
  },
  {
    "epoch": 335,
    "k": 2,
    "seed": 46,
    "train_loss": 0.9804928147274515,
    "train_acc": 0.6489050511508951,
    "test_loss": 1.2968195676803589,
    "test_acc": 0.5555
  },
  {
    "epoch": 336,
    "k": 2,
    "seed": 46,
    "train_loss": 0.9805450213839636,
    "train_acc": 0.6493726023017903,
    "test_loss": 1.300002098083496,
    "test_acc": 0.5526
  },
  {
    "epoch": 337,
    "k": 2,
    "seed": 46,
    "train_loss": 0.981888339190227,
    "train_acc": 0.6489210358056267,
    "test_loss": 1.2951711416244507,
    "test_acc": 0.5551
  },
  {
    "epoch": 338,
    "k": 2,
    "seed": 46,
    "train_loss": 0.9799617800261359,
    "train_acc": 0.6502717391304348,
    "test_loss": 1.301579475402832,
    "test_acc": 0.5553
  },
  {
    "epoch": 339,
    "k": 2,
    "seed": 46,
    "train_loss": 0.9807042421587288,
    "train_acc": 0.6515065537084399,
    "test_loss": 1.291869044303894,
    "test_acc": 0.5573
  },
  {
    "epoch": 340,
    "k": 2,
    "seed": 46,
    "train_loss": 0.980565408763983,
    "train_acc": 0.6497802109974424,
    "test_loss": 1.2937541007995605,
    "test_acc": 0.5548
  },
  {
    "epoch": 341,
    "k": 2,
    "seed": 46,
    "train_loss": 0.9805214684027845,
    "train_acc": 0.6493686061381074,
    "test_loss": 1.2908025979995728,
    "test_acc": 0.5594
  },
  {
    "epoch": 342,
    "k": 2,
    "seed": 46,
    "train_loss": 0.9786793630751197,
    "train_acc": 0.650235773657289,
    "test_loss": 1.2928967475891113,
    "test_acc": 0.5567
  },
  {
    "epoch": 343,
    "k": 2,
    "seed": 46,
    "train_loss": 0.9781229175874949,
    "train_acc": 0.6502517583120204,
    "test_loss": 1.2923343181610107,
    "test_acc": 0.5572
  },
  {
    "epoch": 344,
    "k": 2,
    "seed": 46,
    "train_loss": 0.9783949879429225,
    "train_acc": 0.6506913363171355,
    "test_loss": 1.2948486804962158,
    "test_acc": 0.5598
  },
  {
    "epoch": 345,
    "k": 2,
    "seed": 46,
    "train_loss": 0.9795911894429981,
    "train_acc": 0.6501518542199488,
    "test_loss": 1.296236276626587,
    "test_acc": 0.5551
  },
  {
    "epoch": 346,
    "k": 2,
    "seed": 46,
    "train_loss": 0.9765245908361566,
    "train_acc": 0.65159047314578,
    "test_loss": 1.2887290716171265,
    "test_acc": 0.5534
  },
  {
    "epoch": 347,
    "k": 2,
    "seed": 46,
    "train_loss": 0.9740972520445313,
    "train_acc": 0.6496243606138108,
    "test_loss": 1.30411958694458,
    "test_acc": 0.5552
  },
  {
    "epoch": 348,
    "k": 2,
    "seed": 46,
    "train_loss": 0.9777965480104431,
    "train_acc": 0.6511389066496164,
    "test_loss": 1.2963171005249023,
    "test_acc": 0.556
  },
  {
    "epoch": 349,
    "k": 2,
    "seed": 46,
    "train_loss": 0.9761306327932021,
    "train_acc": 0.6502557544757033,
    "test_loss": 1.2955881357192993,
    "test_acc": 0.5566
  },
  {
    "epoch": 350,
    "k": 2,
    "seed": 46,
    "train_loss": 0.9765894164514664,
    "train_acc": 0.6505754475703325,
    "test_loss": 1.2992759943008423,
    "test_acc": 0.5589
  },
  {
    "epoch": 351,
    "k": 2,
    "seed": 46,
    "train_loss": 0.9762884748866186,
    "train_acc": 0.6498281649616368,
    "test_loss": 1.29678213596344,
    "test_acc": 0.5559
  },
  {
    "epoch": 352,
    "k": 2,
    "seed": 46,
    "train_loss": 0.9744130511722906,
    "train_acc": 0.6503356777493606,
    "test_loss": 1.299435019493103,
    "test_acc": 0.5543
  },
  {
    "epoch": 353,
    "k": 2,
    "seed": 46,
    "train_loss": 0.9738123823919564,
    "train_acc": 0.6515585038363172,
    "test_loss": 1.298701286315918,
    "test_acc": 0.5585
  },
  {
    "epoch": 354,
    "k": 2,
    "seed": 46,
    "train_loss": 0.9757857670259598,
    "train_acc": 0.6507512787723785,
    "test_loss": 1.2937748432159424,
    "test_acc": 0.5575
  },
  {
    "epoch": 355,
    "k": 2,
    "seed": 46,
    "train_loss": 0.9761450095554752,
    "train_acc": 0.6494565217391305,
    "test_loss": 1.2917566299438477,
    "test_acc": 0.5589
  },
  {
    "epoch": 356,
    "k": 2,
    "seed": 46,
    "train_loss": 0.9738090024579822,
    "train_acc": 0.6523497442455243,
    "test_loss": 1.3023608922958374,
    "test_acc": 0.554
  },
  {
    "epoch": 357,
    "k": 2,
    "seed": 46,
    "train_loss": 0.9743622012455445,
    "train_acc": 0.6530131074168798,
    "test_loss": 1.3064734935760498,
    "test_acc": 0.5574
  },
  {
    "epoch": 358,
    "k": 2,
    "seed": 46,
    "train_loss": 0.9707746461529256,
    "train_acc": 0.6514026534526854,
    "test_loss": 1.301842451095581,
    "test_acc": 0.5554
  },
  {
    "epoch": 359,
    "k": 2,
    "seed": 46,
    "train_loss": 0.9760261085027319,
    "train_acc": 0.6510070332480818,
    "test_loss": 1.2939233779907227,
    "test_acc": 0.5567
  },
  {
    "epoch": 360,
    "k": 2,
    "seed": 46,
    "train_loss": 0.9718059310522835,
    "train_acc": 0.6521579283887469,
    "test_loss": 1.2932177782058716,
    "test_acc": 0.5577
  },
  {
    "epoch": 361,
    "k": 2,
    "seed": 46,
    "train_loss": 0.9693711232346343,
    "train_acc": 0.6536405051150895,
    "test_loss": 1.2968847751617432,
    "test_acc": 0.5611
  },
  {
    "epoch": 362,
    "k": 2,
    "seed": 46,
    "train_loss": 0.970015388315596,
    "train_acc": 0.6542199488491048,
    "test_loss": 1.2932994365692139,
    "test_acc": 0.5585
  },
  {
    "epoch": 363,
    "k": 2,
    "seed": 46,
    "train_loss": 0.9699475891754755,
    "train_acc": 0.6531130115089514,
    "test_loss": 1.303377628326416,
    "test_acc": 0.5548
  },
  {
    "epoch": 364,
    "k": 2,
    "seed": 46,
    "train_loss": 0.9739406573802919,
    "train_acc": 0.6510190217391304,
    "test_loss": 1.2956390380859375,
    "test_acc": 0.5592
  },
  {
    "epoch": 365,
    "k": 2,
    "seed": 46,
    "train_loss": 0.9703368152803777,
    "train_acc": 0.6507273017902813,
    "test_loss": 1.2998615503311157,
    "test_acc": 0.554
  },
  {
    "epoch": 366,
    "k": 2,
    "seed": 46,
    "train_loss": 0.9715569493410837,
    "train_acc": 0.6523737212276215,
    "test_loss": 1.296155333518982,
    "test_acc": 0.5586
  },
  {
    "epoch": 367,
    "k": 2,
    "seed": 46,
    "train_loss": 0.9708392760332893,
    "train_acc": 0.6505075127877238,
    "test_loss": 1.3036088943481445,
    "test_acc": 0.5602
  },
  {
    "epoch": 368,
    "k": 2,
    "seed": 46,
    "train_loss": 0.9664775567591343,
    "train_acc": 0.655214993606138,
    "test_loss": 1.299619436264038,
    "test_acc": 0.5565
  },
  {
    "epoch": 369,
    "k": 2,
    "seed": 46,
    "train_loss": 0.9693092906566532,
    "train_acc": 0.652681425831202,
    "test_loss": 1.2951183319091797,
    "test_acc": 0.5593
  },
  {
    "epoch": 370,
    "k": 2,
    "seed": 46,
    "train_loss": 0.9686272905000946,
    "train_acc": 0.6515265345268542,
    "test_loss": 1.296925663948059,
    "test_acc": 0.5617
  },
  {
    "epoch": 371,
    "k": 2,
    "seed": 46,
    "train_loss": 0.9697471384502128,
    "train_acc": 0.651886189258312,
    "test_loss": 1.300095796585083,
    "test_acc": 0.5588
  },
  {
    "epoch": 372,
    "k": 2,
    "seed": 46,
    "train_loss": 0.9684584117911356,
    "train_acc": 0.6531449808184143,
    "test_loss": 1.309814453125,
    "test_acc": 0.5537
  },
  {
    "epoch": 373,
    "k": 2,
    "seed": 46,
    "train_loss": 0.9700923651990379,
    "train_acc": 0.6519021739130435,
    "test_loss": 1.3010252714157104,
    "test_acc": 0.5536
  },
  {
    "epoch": 374,
    "k": 2,
    "seed": 46,
    "train_loss": 0.9668578717409803,
    "train_acc": 0.6547594309462916,
    "test_loss": 1.3036402463912964,
    "test_acc": 0.5591
  },
  {
    "epoch": 375,
    "k": 2,
    "seed": 46,
    "train_loss": 0.96907839079952,
    "train_acc": 0.6526294757033247,
    "test_loss": 1.3060823678970337,
    "test_acc": 0.559
  },
  {
    "epoch": 376,
    "k": 2,
    "seed": 46,
    "train_loss": 0.9668310583399995,
    "train_acc": 0.6530570652173913,
    "test_loss": 1.3009268045425415,
    "test_acc": 0.5558
  },
  {
    "epoch": 377,
    "k": 2,
    "seed": 46,
    "train_loss": 0.969245546156793,
    "train_acc": 0.6541879795396419,
    "test_loss": 1.3046493530273438,
    "test_acc": 0.5542
  },
  {
    "epoch": 378,
    "k": 2,
    "seed": 46,
    "train_loss": 0.9679595384451435,
    "train_acc": 0.6544237531969309,
    "test_loss": 1.2995413541793823,
    "test_acc": 0.5581
  },
  {
    "epoch": 379,
    "k": 2,
    "seed": 46,
    "train_loss": 0.9637982551094211,
    "train_acc": 0.656369884910486,
    "test_loss": 1.2993944883346558,
    "test_acc": 0.5597
  },
  {
    "epoch": 380,
    "k": 2,
    "seed": 46,
    "train_loss": 0.9651773648188852,
    "train_acc": 0.6548393542199489,
    "test_loss": 1.3106036186218262,
    "test_acc": 0.5541
  },
  {
    "epoch": 381,
    "k": 2,
    "seed": 46,
    "train_loss": 0.9664307318989883,
    "train_acc": 0.6538962595907929,
    "test_loss": 1.2973482608795166,
    "test_acc": 0.555
  },
  {
    "epoch": 382,
    "k": 2,
    "seed": 46,
    "train_loss": 0.9668898370564746,
    "train_acc": 0.6538802749360614,
    "test_loss": 1.2990995645523071,
    "test_acc": 0.5604
  },
  {
    "epoch": 383,
    "k": 2,
    "seed": 46,
    "train_loss": 0.9651910566612888,
    "train_acc": 0.6554387787723785,
    "test_loss": 1.2958711385726929,
    "test_acc": 0.5536
  },
  {
    "epoch": 384,
    "k": 2,
    "seed": 46,
    "train_loss": 0.9648781549900084,
    "train_acc": 0.6559982416879796,
    "test_loss": 1.300336480140686,
    "test_acc": 0.5598
  },
  {
    "epoch": 385,
    "k": 2,
    "seed": 46,
    "train_loss": 0.9645086871388623,
    "train_acc": 0.6539002557544757,
    "test_loss": 1.2988543510437012,
    "test_acc": 0.5577
  },
  {
    "epoch": 386,
    "k": 2,
    "seed": 46,
    "train_loss": 0.9624864730383734,
    "train_acc": 0.6535885549872122,
    "test_loss": 1.3004062175750732,
    "test_acc": 0.5567
  },
  {
    "epoch": 387,
    "k": 2,
    "seed": 46,
    "train_loss": 0.9597593091637887,
    "train_acc": 0.6568893861892583,
    "test_loss": 1.2997422218322754,
    "test_acc": 0.56
  },
  {
    "epoch": 388,
    "k": 2,
    "seed": 46,
    "train_loss": 0.9632378287632447,
    "train_acc": 0.6545036764705882,
    "test_loss": 1.2993717193603516,
    "test_acc": 0.5569
  },
  {
    "epoch": 389,
    "k": 2,
    "seed": 46,
    "train_loss": 0.9630951500304824,
    "train_acc": 0.6562220268542199,
    "test_loss": 1.3052595853805542,
    "test_acc": 0.5574
  },
  {
    "epoch": 390,
    "k": 2,
    "seed": 46,
    "train_loss": 0.9640023049796024,
    "train_acc": 0.6540601023017903,
    "test_loss": 1.3073804378509521,
    "test_acc": 0.5568
  },
  {
    "epoch": 391,
    "k": 2,
    "seed": 46,
    "train_loss": 0.962994742423982,
    "train_acc": 0.655718510230179,
    "test_loss": 1.3072034120559692,
    "test_acc": 0.5572
  },
  {
    "epoch": 392,
    "k": 2,
    "seed": 46,
    "train_loss": 0.9626157201464524,
    "train_acc": 0.6550671355498722,
    "test_loss": 1.3024226427078247,
    "test_acc": 0.5563
  },
  {
    "epoch": 393,
    "k": 2,
    "seed": 46,
    "train_loss": 0.9612575952354294,
    "train_acc": 0.6559702685421995,
    "test_loss": 1.305283784866333,
    "test_acc": 0.5598
  },
  {
    "epoch": 394,
    "k": 2,
    "seed": 46,
    "train_loss": 0.9620323083589754,
    "train_acc": 0.6545036764705882,
    "test_loss": 1.3037476539611816,
    "test_acc": 0.5598
  },
  {
    "epoch": 395,
    "k": 2,
    "seed": 46,
    "train_loss": 0.9599866325897939,
    "train_acc": 0.6564218350383632,
    "test_loss": 1.3022323846817017,
    "test_acc": 0.5589
  }
]