[
  {
    "epoch": 1,
    "k": 3,
    "seed": 50,
    "train_loss": 2.054452918679513,
    "train_acc": 0.21763507033248083,
    "test_loss": 1.8650726079940796,
    "test_acc": 0.2883
  },
  {
    "epoch": 2,
    "k": 3,
    "seed": 50,
    "train_loss": 1.790658268782184,
    "train_acc": 0.31720348465473147,
    "test_loss": 1.735046625137329,
    "test_acc": 0.3352
  },
  {
    "epoch": 3,
    "k": 3,
    "seed": 50,
    "train_loss": 1.6997695984437948,
    "train_acc": 0.35626598465473147,
    "test_loss": 1.6630122661590576,
    "test_acc": 0.3748
  },
  {
    "epoch": 4,
    "k": 3,
    "seed": 50,
    "train_loss": 1.6401540839763553,
    "train_acc": 0.3837915601023018,
    "test_loss": 1.6062365770339966,
    "test_acc": 0.3991
  },
  {
    "epoch": 5,
    "k": 3,
    "seed": 50,
    "train_loss": 1.5929196109552213,
    "train_acc": 0.40345668158567777,
    "test_loss": 1.5692479610443115,
    "test_acc": 0.4157
  },
  {
    "epoch": 6,
    "k": 3,
    "seed": 50,
    "train_loss": 1.553044035001789,
    "train_acc": 0.42356537723785165,
    "test_loss": 1.529924750328064,
    "test_acc": 0.4327
  },
  {
    "epoch": 7,
    "k": 3,
    "seed": 50,
    "train_loss": 1.5176036958499333,
    "train_acc": 0.4368765984654731,
    "test_loss": 1.4997801780700684,
    "test_acc": 0.4428
  },
  {
    "epoch": 8,
    "k": 3,
    "seed": 50,
    "train_loss": 1.4860944086328491,
    "train_acc": 0.4522458439897698,
    "test_loss": 1.4749518632888794,
    "test_acc": 0.4579
  },
  {
    "epoch": 9,
    "k": 3,
    "seed": 50,
    "train_loss": 1.4572469581423513,
    "train_acc": 0.46159287084398976,
    "test_loss": 1.4516019821166992,
    "test_acc": 0.4656
  },
  {
    "epoch": 10,
    "k": 3,
    "seed": 50,
    "train_loss": 1.4328494940877265,
    "train_acc": 0.47426870204603583,
    "test_loss": 1.4316824674606323,
    "test_acc": 0.4757
  },
  {
    "epoch": 11,
    "k": 3,
    "seed": 50,
    "train_loss": 1.4104515030560896,
    "train_acc": 0.48068254475703326,
    "test_loss": 1.4088655710220337,
    "test_acc": 0.4864
  },
  {
    "epoch": 12,
    "k": 3,
    "seed": 50,
    "train_loss": 1.3868228056851555,
    "train_acc": 0.49022538363171353,
    "test_loss": 1.3968695402145386,
    "test_acc": 0.4919
  },
  {
    "epoch": 13,
    "k": 3,
    "seed": 50,
    "train_loss": 1.3710268098679954,
    "train_acc": 0.4974544437340153,
    "test_loss": 1.3796169757843018,
    "test_acc": 0.4962
  },
  {
    "epoch": 14,
    "k": 3,
    "seed": 50,
    "train_loss": 1.3521937098344574,
    "train_acc": 0.5044437340153453,
    "test_loss": 1.364479422569275,
    "test_acc": 0.5052
  },
  {
    "epoch": 15,
    "k": 3,
    "seed": 50,
    "train_loss": 1.334880940444634,
    "train_acc": 0.5113291240409207,
    "test_loss": 1.3591059446334839,
    "test_acc": 0.505
  },
  {
    "epoch": 16,
    "k": 3,
    "seed": 50,
    "train_loss": 1.3223822019289218,
    "train_acc": 0.5169916879795396,
    "test_loss": 1.3442591428756714,
    "test_acc": 0.5155
  },
  {
    "epoch": 17,
    "k": 3,
    "seed": 50,
    "train_loss": 1.301989356879993,
    "train_acc": 0.5246483375959079,
    "test_loss": 1.3375791311264038,
    "test_acc": 0.5154
  },
  {
    "epoch": 18,
    "k": 3,
    "seed": 50,
    "train_loss": 1.2904619469362146,
    "train_acc": 0.5286884590792839,
    "test_loss": 1.3224284648895264,
    "test_acc": 0.5215
  },
  {
    "epoch": 19,
    "k": 3,
    "seed": 50,
    "train_loss": 1.2750889451607414,
    "train_acc": 0.5345708120204604,
    "test_loss": 1.3169095516204834,
    "test_acc": 0.5256
  },
  {
    "epoch": 20,
    "k": 3,
    "seed": 50,
    "train_loss": 1.2632951672424746,
    "train_acc": 0.5396699168797954,
    "test_loss": 1.3013983964920044,
    "test_acc": 0.5267
  },
  {
    "epoch": 21,
    "k": 3,
    "seed": 50,
    "train_loss": 1.2504035267988434,
    "train_acc": 0.5453444693094629,
    "test_loss": 1.2930521965026855,
    "test_acc": 0.5315
  },
  {
    "epoch": 22,
    "k": 3,
    "seed": 50,
    "train_loss": 1.237815317747843,
    "train_acc": 0.5508471867007673,
    "test_loss": 1.2870880365371704,
    "test_acc": 0.5339
  },
  {
    "epoch": 23,
    "k": 3,
    "seed": 50,
    "train_loss": 1.2268169432344949,
    "train_acc": 0.552653452685422,
    "test_loss": 1.2798000574111938,
    "test_acc": 0.5383
  },
  {
    "epoch": 24,
    "k": 3,
    "seed": 50,
    "train_loss": 1.2146089685237622,
    "train_acc": 0.5605498721227622,
    "test_loss": 1.2759367227554321,
    "test_acc": 0.5394
  },
  {
    "epoch": 25,
    "k": 3,
    "seed": 50,
    "train_loss": 1.2042622744579754,
    "train_acc": 0.5628077046035805,
    "test_loss": 1.274638056755066,
    "test_acc": 0.5384
  },
  {
    "epoch": 26,
    "k": 3,
    "seed": 50,
    "train_loss": 1.1928775668753993,
    "train_acc": 0.5687539961636828,
    "test_loss": 1.2649474143981934,
    "test_acc": 0.5456
  },
  {
    "epoch": 27,
    "k": 3,
    "seed": 50,
    "train_loss": 1.1844307528737257,
    "train_acc": 0.5697969948849105,
    "test_loss": 1.2557532787322998,
    "test_acc": 0.5474
  },
  {
    "epoch": 28,
    "k": 3,
    "seed": 50,
    "train_loss": 1.1716992681288658,
    "train_acc": 0.5751838235294118,
    "test_loss": 1.246799349784851,
    "test_acc": 0.551
  },
  {
    "epoch": 29,
    "k": 3,
    "seed": 50,
    "train_loss": 1.1630806727787417,
    "train_acc": 0.5786724744245525,
    "test_loss": 1.2468208074569702,
    "test_acc": 0.5523
  },
  {
    "epoch": 30,
    "k": 3,
    "seed": 50,
    "train_loss": 1.1554600140627693,
    "train_acc": 0.58278452685422,
    "test_loss": 1.241575837135315,
    "test_acc": 0.5556
  },
  {
    "epoch": 31,
    "k": 3,
    "seed": 50,
    "train_loss": 1.1440734000462096,
    "train_acc": 0.5844868925831203,
    "test_loss": 1.2380951642990112,
    "test_acc": 0.558
  },
  {
    "epoch": 32,
    "k": 3,
    "seed": 50,
    "train_loss": 1.135378341235773,
    "train_acc": 0.5888866687979539,
    "test_loss": 1.2344317436218262,
    "test_acc": 0.5605
  },
  {
    "epoch": 33,
    "k": 3,
    "seed": 50,
    "train_loss": 1.127190476945599,
    "train_acc": 0.5920835997442455,
    "test_loss": 1.22618567943573,
    "test_acc": 0.5612
  },
  {
    "epoch": 34,
    "k": 3,
    "seed": 50,
    "train_loss": 1.1202321419935397,
    "train_acc": 0.5946771099744246,
    "test_loss": 1.2237327098846436,
    "test_acc": 0.5668
  },
  {
    "epoch": 35,
    "k": 3,
    "seed": 50,
    "train_loss": 1.1122787695406648,
    "train_acc": 0.5980738491048594,
    "test_loss": 1.2180125713348389,
    "test_acc": 0.5657
  },
  {
    "epoch": 36,
    "k": 3,
    "seed": 50,
    "train_loss": 1.1038631060544182,
    "train_acc": 0.6011468989769821,
    "test_loss": 1.216264247894287,
    "test_acc": 0.5699
  },
  {
    "epoch": 37,
    "k": 3,
    "seed": 50,
    "train_loss": 1.1007512917603983,
    "train_acc": 0.6046715153452685,
    "test_loss": 1.2122364044189453,
    "test_acc": 0.5701
  },
  {
    "epoch": 38,
    "k": 3,
    "seed": 50,
    "train_loss": 1.0895275659573354,
    "train_acc": 0.6063019501278772,
    "test_loss": 1.205633282661438,
    "test_acc": 0.568
  },
  {
    "epoch": 39,
    "k": 3,
    "seed": 50,
    "train_loss": 1.0830315976496547,
    "train_acc": 0.608427909207161,
    "test_loss": 1.2108243703842163,
    "test_acc": 0.5671
  },
  {
    "epoch": 40,
    "k": 3,
    "seed": 50,
    "train_loss": 1.0743053401522624,
    "train_acc": 0.6122162723785166,
    "test_loss": 1.2034796476364136,
    "test_acc": 0.5714
  },
  {
    "epoch": 41,
    "k": 3,
    "seed": 50,
    "train_loss": 1.069621199994441,
    "train_acc": 0.6152253836317135,
    "test_loss": 1.205422282218933,
    "test_acc": 0.5754
  },
  {
    "epoch": 42,
    "k": 3,
    "seed": 50,
    "train_loss": 1.0621432742804213,
    "train_acc": 0.6168598145780051,
    "test_loss": 1.1989099979400635,
    "test_acc": 0.5775
  },
  {
    "epoch": 43,
    "k": 3,
    "seed": 50,
    "train_loss": 1.0552334055266417,
    "train_acc": 0.6197090792838875,
    "test_loss": 1.1961231231689453,
    "test_acc": 0.5814
  },
  {
    "epoch": 44,
    "k": 3,
    "seed": 50,
    "train_loss": 1.050339439488433,
    "train_acc": 0.6214873721227622,
    "test_loss": 1.20314621925354,
    "test_acc": 0.5676
  },
  {
    "epoch": 45,
    "k": 3,
    "seed": 50,
    "train_loss": 1.0429830345351372,
    "train_acc": 0.6234934462915601,
    "test_loss": 1.1925902366638184,
    "test_acc": 0.5764
  },
  {
    "epoch": 46,
    "k": 3,
    "seed": 50,
    "train_loss": 1.0405189957460175,
    "train_acc": 0.624056905370844,
    "test_loss": 1.187772512435913,
    "test_acc": 0.5843
  },
  {
    "epoch": 47,
    "k": 3,
    "seed": 50,
    "train_loss": 1.0330668764041209,
    "train_acc": 0.6271059782608696,
    "test_loss": 1.188402771949768,
    "test_acc": 0.5774
  },
  {
    "epoch": 48,
    "k": 3,
    "seed": 50,
    "train_loss": 1.0290183828919746,
    "train_acc": 0.6291719948849105,
    "test_loss": 1.1937593221664429,
    "test_acc": 0.5755
  },
  {
    "epoch": 49,
    "k": 3,
    "seed": 50,
    "train_loss": 1.02186694535453,
    "train_acc": 0.6320012787723785,
    "test_loss": 1.1851783990859985,
    "test_acc": 0.5829
  },
  {
    "epoch": 50,
    "k": 3,
    "seed": 50,
    "train_loss": 1.0158172611080472,
    "train_acc": 0.6349384590792839,
    "test_loss": 1.1880054473876953,
    "test_acc": 0.5807
  }
]