[
  {
    "epoch": 1,
    "k": 1,
    "seed": 46,
    "train_loss": 2.3171024285923796,
    "train_acc": 0.1187619884910486,
    "test_loss": 2.2804388999938965,
    "test_acc": 0.142
  },
  {
    "epoch": 2,
    "k": 1,
    "seed": 46,
    "train_loss": 2.229173189538824,
    "train_acc": 0.15768462276214834,
    "test_loss": 2.167173147201538,
    "test_acc": 0.1727
  },
  {
    "epoch": 3,
    "k": 1,
    "seed": 46,
    "train_loss": 2.1329705465175306,
    "train_acc": 0.18323209718670075,
    "test_loss": 2.1028084754943848,
    "test_acc": 0.1884
  },
  {
    "epoch": 4,
    "k": 1,
    "seed": 46,
    "train_loss": 2.081406427466351,
    "train_acc": 0.19416959718670077,
    "test_loss": 2.0652482509613037,
    "test_acc": 0.1933
  },
  {
    "epoch": 5,
    "k": 1,
    "seed": 46,
    "train_loss": 2.051617455604436,
    "train_acc": 0.20342870843989772,
    "test_loss": 2.0395662784576416,
    "test_acc": 0.2077
  },
  {
    "epoch": 6,
    "k": 1,
    "seed": 46,
    "train_loss": 2.030411641920924,
    "train_acc": 0.21313539002557544,
    "test_loss": 2.02115535736084,
    "test_acc": 0.2192
  },
  {
    "epoch": 7,
    "k": 1,
    "seed": 46,
    "train_loss": 2.0095611005792837,
    "train_acc": 0.22687420076726345,
    "test_loss": 2.000927209854126,
    "test_acc": 0.2296
  },
  {
    "epoch": 8,
    "k": 1,
    "seed": 46,
    "train_loss": 1.987886534017675,
    "train_acc": 0.2430067135549872,
    "test_loss": 1.9785315990447998,
    "test_acc": 0.2425
  },
  {
    "epoch": 9,
    "k": 1,
    "seed": 46,
    "train_loss": 1.9674741791947115,
    "train_acc": 0.24994405370843992,
    "test_loss": 1.9563493728637695,
    "test_acc": 0.2482
  },
  {
    "epoch": 10,
    "k": 1,
    "seed": 46,
    "train_loss": 1.9488120402216607,
    "train_acc": 0.25667359335038364,
    "test_loss": 1.9400831460952759,
    "test_acc": 0.2476
  },
  {
    "epoch": 11,
    "k": 1,
    "seed": 46,
    "train_loss": 1.932166769071613,
    "train_acc": 0.262647858056266,
    "test_loss": 1.9218248128890991,
    "test_acc": 0.2573
  },
  {
    "epoch": 12,
    "k": 1,
    "seed": 46,
    "train_loss": 1.915810938686361,
    "train_acc": 0.26846227621483376,
    "test_loss": 1.9036749601364136,
    "test_acc": 0.262
  },
  {
    "epoch": 13,
    "k": 1,
    "seed": 46,
    "train_loss": 1.8972976058340438,
    "train_acc": 0.2764386189258312,
    "test_loss": 1.88972806930542,
    "test_acc": 0.2698
  },
  {
    "epoch": 14,
    "k": 1,
    "seed": 46,
    "train_loss": 1.8832433949346128,
    "train_acc": 0.28220108695652174,
    "test_loss": 1.875264286994934,
    "test_acc": 0.2754
  },
  {
    "epoch": 15,
    "k": 1,
    "seed": 46,
    "train_loss": 1.8716733806273516,
    "train_acc": 0.28805147058823527,
    "test_loss": 1.861005425453186,
    "test_acc": 0.2863
  },
  {
    "epoch": 16,
    "k": 1,
    "seed": 46,
    "train_loss": 1.855987787246704,
    "train_acc": 0.29380195012787724,
    "test_loss": 1.8490568399429321,
    "test_acc": 0.2934
  },
  {
    "epoch": 17,
    "k": 1,
    "seed": 46,
    "train_loss": 1.8475528998143227,
    "train_acc": 0.29827365728900257,
    "test_loss": 1.8404351472854614,
    "test_acc": 0.296
  },
  {
    "epoch": 18,
    "k": 1,
    "seed": 46,
    "train_loss": 1.8360374900691039,
    "train_acc": 0.3030330882352941,
    "test_loss": 1.8303580284118652,
    "test_acc": 0.3038
  },
  {
    "epoch": 19,
    "k": 1,
    "seed": 46,
    "train_loss": 1.8279462034440102,
    "train_acc": 0.3047794117647059,
    "test_loss": 1.8240749835968018,
    "test_acc": 0.3037
  },
  {
    "epoch": 20,
    "k": 1,
    "seed": 46,
    "train_loss": 1.817555311695694,
    "train_acc": 0.30879555626598465,
    "test_loss": 1.8176517486572266,
    "test_acc": 0.3069
  },
  {
    "epoch": 21,
    "k": 1,
    "seed": 46,
    "train_loss": 1.810424123273786,
    "train_acc": 0.3124440537084399,
    "test_loss": 1.8077160120010376,
    "test_acc": 0.315
  },
  {
    "epoch": 22,
    "k": 1,
    "seed": 46,
    "train_loss": 1.8024558277081346,
    "train_acc": 0.3167039641943734,
    "test_loss": 1.8035423755645752,
    "test_acc": 0.3175
  },
  {
    "epoch": 23,
    "k": 1,
    "seed": 46,
    "train_loss": 1.7963337504955204,
    "train_acc": 0.3183783567774936,
    "test_loss": 1.7939738035202026,
    "test_acc": 0.322
  },
  {
    "epoch": 24,
    "k": 1,
    "seed": 46,
    "train_loss": 1.7880214535061965,
    "train_acc": 0.3230658567774936,
    "test_loss": 1.7924095392227173,
    "test_acc": 0.3214
  },
  {
    "epoch": 25,
    "k": 1,
    "seed": 46,
    "train_loss": 1.7829142022315803,
    "train_acc": 0.3276934143222507,
    "test_loss": 1.7838863134384155,
    "test_acc": 0.3246
  },
  {
    "epoch": 26,
    "k": 1,
    "seed": 46,
    "train_loss": 1.7758621974369448,
    "train_acc": 0.32985533887468027,
    "test_loss": 1.7755566835403442,
    "test_acc": 0.3294
  },
  {
    "epoch": 27,
    "k": 1,
    "seed": 46,
    "train_loss": 1.7687336910716103,
    "train_acc": 0.3337196291560102,
    "test_loss": 1.7688767910003662,
    "test_acc": 0.3355
  },
  {
    "epoch": 28,
    "k": 1,
    "seed": 46,
    "train_loss": 1.7628611176824935,
    "train_acc": 0.335877557544757,
    "test_loss": 1.7670843601226807,
    "test_acc": 0.334
  },
  {
    "epoch": 29,
    "k": 1,
    "seed": 46,
    "train_loss": 1.757131557025568,
    "train_acc": 0.3385669757033248,
    "test_loss": 1.7605937719345093,
    "test_acc": 0.3364
  },
  {
    "epoch": 30,
    "k": 1,
    "seed": 46,
    "train_loss": 1.7518973441989831,
    "train_acc": 0.34209958439897703,
    "test_loss": 1.7527185678482056,
    "test_acc": 0.3401
  },
  {
    "epoch": 31,
    "k": 1,
    "seed": 46,
    "train_loss": 1.7448193962921572,
    "train_acc": 0.3436341112531969,
    "test_loss": 1.750434398651123,
    "test_acc": 0.3451
  },
  {
    "epoch": 32,
    "k": 1,
    "seed": 46,
    "train_loss": 1.740490615520331,
    "train_acc": 0.3485014386189258,
    "test_loss": 1.7425528764724731,
    "test_acc": 0.347
  },
  {
    "epoch": 33,
    "k": 1,
    "seed": 46,
    "train_loss": 1.7343759353813308,
    "train_acc": 0.3507832480818414,
    "test_loss": 1.7372009754180908,
    "test_acc": 0.3453
  },
  {
    "epoch": 34,
    "k": 1,
    "seed": 46,
    "train_loss": 1.7309346388063163,
    "train_acc": 0.35204203964194375,
    "test_loss": 1.734088659286499,
    "test_acc": 0.3491
  },
  {
    "epoch": 35,
    "k": 1,
    "seed": 46,
    "train_loss": 1.72447508070475,
    "train_acc": 0.35319293478260866,
    "test_loss": 1.726820468902588,
    "test_acc": 0.3515
  },
  {
    "epoch": 36,
    "k": 1,
    "seed": 46,
    "train_loss": 1.7172086598623135,
    "train_acc": 0.3580123081841432,
    "test_loss": 1.7228281497955322,
    "test_acc": 0.3538
  },
  {
    "epoch": 37,
    "k": 1,
    "seed": 46,
    "train_loss": 1.7124864841666063,
    "train_acc": 0.36012627877237846,
    "test_loss": 1.7180019617080688,
    "test_acc": 0.3575
  },
  {
    "epoch": 38,
    "k": 1,
    "seed": 46,
    "train_loss": 1.7082135768802575,
    "train_acc": 0.361792679028133,
    "test_loss": 1.7111326456069946,
    "test_acc": 0.3586
  },
  {
    "epoch": 39,
    "k": 1,
    "seed": 46,
    "train_loss": 1.7049677515273813,
    "train_acc": 0.3663642902813299,
    "test_loss": 1.7064591646194458,
    "test_acc": 0.362
  },
  {
    "epoch": 40,
    "k": 1,
    "seed": 46,
    "train_loss": 1.700333850463028,
    "train_acc": 0.36643622122762154,
    "test_loss": 1.7022109031677246,
    "test_acc": 0.3626
  },
  {
    "epoch": 41,
    "k": 1,
    "seed": 46,
    "train_loss": 1.695121619097717,
    "train_acc": 0.3682025255754476,
    "test_loss": 1.6988062858581543,
    "test_acc": 0.3634
  },
  {
    "epoch": 42,
    "k": 1,
    "seed": 46,
    "train_loss": 1.6880615690480107,
    "train_acc": 0.3729739450127877,
    "test_loss": 1.6943464279174805,
    "test_acc": 0.3659
  },
  {
    "epoch": 43,
    "k": 1,
    "seed": 46,
    "train_loss": 1.6869534098583718,
    "train_acc": 0.3709478900255755,
    "test_loss": 1.68864905834198,
    "test_acc": 0.3668
  },
  {
    "epoch": 44,
    "k": 1,
    "seed": 46,
    "train_loss": 1.6799103052110014,
    "train_acc": 0.3764426150895141,
    "test_loss": 1.6849747896194458,
    "test_acc": 0.3732
  },
  {
    "epoch": 45,
    "k": 1,
    "seed": 46,
    "train_loss": 1.6766050858875674,
    "train_acc": 0.3770580242966752,
    "test_loss": 1.6809091567993164,
    "test_acc": 0.3702
  },
  {
    "epoch": 46,
    "k": 1,
    "seed": 46,
    "train_loss": 1.6707607032088063,
    "train_acc": 0.37910006393861895,
    "test_loss": 1.6744877099990845,
    "test_acc": 0.3767
  },
  {
    "epoch": 47,
    "k": 1,
    "seed": 46,
    "train_loss": 1.6661060173493212,
    "train_acc": 0.380071131713555,
    "test_loss": 1.6703444719314575,
    "test_acc": 0.3793
  },
  {
    "epoch": 48,
    "k": 1,
    "seed": 46,
    "train_loss": 1.6607535760420973,
    "train_acc": 0.3831042199488491,
    "test_loss": 1.669860601425171,
    "test_acc": 0.3814
  },
  {
    "epoch": 49,
    "k": 1,
    "seed": 46,
    "train_loss": 1.6581154918426748,
    "train_acc": 0.38656489769820973,
    "test_loss": 1.662197470664978,
    "test_acc": 0.3826
  },
  {
    "epoch": 50,
    "k": 1,
    "seed": 46,
    "train_loss": 1.6511435813611122,
    "train_acc": 0.38827125959079284,
    "test_loss": 1.658003568649292,
    "test_acc": 0.3837
  },
  {
    "epoch": 51,
    "k": 1,
    "seed": 46,
    "train_loss": 1.6477103053456377,
    "train_acc": 0.3899816176470588,
    "test_loss": 1.6554126739501953,
    "test_acc": 0.3848
  },
  {
    "epoch": 52,
    "k": 1,
    "seed": 46,
    "train_loss": 1.6441793838120482,
    "train_acc": 0.39092071611253193,
    "test_loss": 1.6521145105361938,
    "test_acc": 0.3867
  },
  {
    "epoch": 53,
    "k": 1,
    "seed": 46,
    "train_loss": 1.6394999268109842,
    "train_acc": 0.3923753196930946,
    "test_loss": 1.6474316120147705,
    "test_acc": 0.3896
  },
  {
    "epoch": 54,
    "k": 1,
    "seed": 46,
    "train_loss": 1.6357991448448748,
    "train_acc": 0.39608375959079284,
    "test_loss": 1.6434048414230347,
    "test_acc": 0.3923
  },
  {
    "epoch": 55,
    "k": 1,
    "seed": 46,
    "train_loss": 1.6314967209115967,
    "train_acc": 0.3956841432225064,
    "test_loss": 1.6403933763504028,
    "test_acc": 0.3926
  },
  {
    "epoch": 56,
    "k": 1,
    "seed": 46,
    "train_loss": 1.627242025816837,
    "train_acc": 0.39772618286445016,
    "test_loss": 1.6366713047027588,
    "test_acc": 0.3945
  },
  {
    "epoch": 57,
    "k": 1,
    "seed": 46,
    "train_loss": 1.6228476223128532,
    "train_acc": 0.3995724104859335,
    "test_loss": 1.6354656219482422,
    "test_acc": 0.3942
  },
  {
    "epoch": 58,
    "k": 1,
    "seed": 46,
    "train_loss": 1.6187610367070073,
    "train_acc": 0.40265744884910487,
    "test_loss": 1.6303043365478516,
    "test_acc": 0.3977
  },
  {
    "epoch": 59,
    "k": 1,
    "seed": 46,
    "train_loss": 1.6151004249177625,
    "train_acc": 0.4032488810741688,
    "test_loss": 1.6243867874145508,
    "test_acc": 0.4004
  },
  {
    "epoch": 60,
    "k": 1,
    "seed": 46,
    "train_loss": 1.609640360183423,
    "train_acc": 0.40565457161125323,
    "test_loss": 1.6224902868270874,
    "test_acc": 0.3994
  },
  {
    "epoch": 61,
    "k": 1,
    "seed": 46,
    "train_loss": 1.6077320505591,
    "train_acc": 0.40626598465473146,
    "test_loss": 1.6188902854919434,
    "test_acc": 0.4004
  },
  {
    "epoch": 62,
    "k": 1,
    "seed": 46,
    "train_loss": 1.6039357039019884,
    "train_acc": 0.4095867966751918,
    "test_loss": 1.615388035774231,
    "test_acc": 0.4028
  },
  {
    "epoch": 63,
    "k": 1,
    "seed": 46,
    "train_loss": 1.6006517809675174,
    "train_acc": 0.41006633631713557,
    "test_loss": 1.612459421157837,
    "test_acc": 0.4037
  },
  {
    "epoch": 64,
    "k": 1,
    "seed": 46,
    "train_loss": 1.5968725562400525,
    "train_acc": 0.41052989130434786,
    "test_loss": 1.607843279838562,
    "test_acc": 0.4063
  },
  {
    "epoch": 65,
    "k": 1,
    "seed": 46,
    "train_loss": 1.59185853303241,
    "train_acc": 0.4131673593350384,
    "test_loss": 1.6073219776153564,
    "test_acc": 0.4041
  },
  {
    "epoch": 66,
    "k": 1,
    "seed": 46,
    "train_loss": 1.5889311751441273,
    "train_acc": 0.4152933184143222,
    "test_loss": 1.6026452779769897,
    "test_acc": 0.4076
  },
  {
    "epoch": 67,
    "k": 1,
    "seed": 46,
    "train_loss": 1.5852480181647688,
    "train_acc": 0.41588075447570333,
    "test_loss": 1.6001875400543213,
    "test_acc": 0.4088
  },
  {
    "epoch": 68,
    "k": 1,
    "seed": 46,
    "train_loss": 1.5825136366402706,
    "train_acc": 0.41766703964194374,
    "test_loss": 1.599553108215332,
    "test_acc": 0.4105
  },
  {
    "epoch": 69,
    "k": 1,
    "seed": 46,
    "train_loss": 1.5794691194963577,
    "train_acc": 0.4188139386189258,
    "test_loss": 1.5939944982528687,
    "test_acc": 0.4131
  },
  {
    "epoch": 70,
    "k": 1,
    "seed": 46,
    "train_loss": 1.5771224919487448,
    "train_acc": 0.42003676470588236,
    "test_loss": 1.5884510278701782,
    "test_acc": 0.4137
  },
  {
    "epoch": 71,
    "k": 1,
    "seed": 46,
    "train_loss": 1.5737811266003972,
    "train_acc": 0.42201886189258314,
    "test_loss": 1.5864177942276,
    "test_acc": 0.4153
  },
  {
    "epoch": 72,
    "k": 1,
    "seed": 46,
    "train_loss": 1.5697499531919084,
    "train_acc": 0.4243486253196931,
    "test_loss": 1.5849347114562988,
    "test_acc": 0.4162
  },
  {
    "epoch": 73,
    "k": 1,
    "seed": 46,
    "train_loss": 1.566776671068138,
    "train_acc": 0.4260390025575448,
    "test_loss": 1.5832808017730713,
    "test_acc": 0.4156
  },
  {
    "epoch": 74,
    "k": 1,
    "seed": 46,
    "train_loss": 1.5647449999514138,
    "train_acc": 0.42527173913043476,
    "test_loss": 1.5801204442977905,
    "test_acc": 0.4204
  },
  {
    "epoch": 75,
    "k": 1,
    "seed": 46,
    "train_loss": 1.5612267161269322,
    "train_acc": 0.4264905690537084,
    "test_loss": 1.576770544052124,
    "test_acc": 0.4168
  },
  {
    "epoch": 76,
    "k": 1,
    "seed": 46,
    "train_loss": 1.5600305576153728,
    "train_acc": 0.42909207161125323,
    "test_loss": 1.573495626449585,
    "test_acc": 0.418
  },
  {
    "epoch": 77,
    "k": 1,
    "seed": 46,
    "train_loss": 1.5565638539126463,
    "train_acc": 0.4293598145780051,
    "test_loss": 1.571089744567871,
    "test_acc": 0.4209
  },
  {
    "epoch": 78,
    "k": 1,
    "seed": 46,
    "train_loss": 1.5526891724227945,
    "train_acc": 0.4315617007672634,
    "test_loss": 1.5708669424057007,
    "test_acc": 0.423
  },
  {
    "epoch": 79,
    "k": 1,
    "seed": 46,
    "train_loss": 1.5518635740060636,
    "train_acc": 0.4313419117647059,
    "test_loss": 1.5682343244552612,
    "test_acc": 0.4231
  },
  {
    "epoch": 80,
    "k": 1,
    "seed": 46,
    "train_loss": 1.5484740133480648,
    "train_acc": 0.4345987851662404,
    "test_loss": 1.566170334815979,
    "test_acc": 0.421
  },
  {
    "epoch": 81,
    "k": 1,
    "seed": 46,
    "train_loss": 1.5460345833502767,
    "train_acc": 0.4345108695652174,
    "test_loss": 1.563799500465393,
    "test_acc": 0.4238
  },
  {
    "epoch": 82,
    "k": 1,
    "seed": 46,
    "train_loss": 1.5433949838818797,
    "train_acc": 0.43562979539641944,
    "test_loss": 1.5635367631912231,
    "test_acc": 0.4237
  },
  {
    "epoch": 83,
    "k": 1,
    "seed": 46,
    "train_loss": 1.541660629270022,
    "train_acc": 0.43662883631713556,
    "test_loss": 1.5596096515655518,
    "test_acc": 0.4243
  },
  {
    "epoch": 84,
    "k": 1,
    "seed": 46,
    "train_loss": 1.5398669328226153,
    "train_acc": 0.43620124680306904,
    "test_loss": 1.5560563802719116,
    "test_acc": 0.426
  },
  {
    "epoch": 85,
    "k": 1,
    "seed": 46,
    "train_loss": 1.5374194703748465,
    "train_acc": 0.4353380754475703,
    "test_loss": 1.5566444396972656,
    "test_acc": 0.4258
  },
  {
    "epoch": 86,
    "k": 1,
    "seed": 46,
    "train_loss": 1.5335767677677867,
    "train_acc": 0.4415640984654732,
    "test_loss": 1.5550658702850342,
    "test_acc": 0.4273
  },
  {
    "epoch": 87,
    "k": 1,
    "seed": 46,
    "train_loss": 1.533502495197384,
    "train_acc": 0.44039322250639384,
    "test_loss": 1.5499356985092163,
    "test_acc": 0.4289
  },
  {
    "epoch": 88,
    "k": 1,
    "seed": 46,
    "train_loss": 1.5286396519302408,
    "train_acc": 0.4405890345268542,
    "test_loss": 1.5476901531219482,
    "test_acc": 0.4311
  },
  {
    "epoch": 89,
    "k": 1,
    "seed": 46,
    "train_loss": 1.5286340036660508,
    "train_acc": 0.4407648657289003,
    "test_loss": 1.5459961891174316,
    "test_acc": 0.4299
  },
  {
    "epoch": 90,
    "k": 1,
    "seed": 46,
    "train_loss": 1.5263938943443396,
    "train_acc": 0.44327445652173914,
    "test_loss": 1.5483808517456055,
    "test_acc": 0.4288
  },
  {
    "epoch": 91,
    "k": 1,
    "seed": 46,
    "train_loss": 1.5244060050496056,
    "train_acc": 0.4448049872122762,
    "test_loss": 1.5450351238250732,
    "test_acc": 0.4319
  },
  {
    "epoch": 92,
    "k": 1,
    "seed": 46,
    "train_loss": 1.5222727663986517,
    "train_acc": 0.4440017583120205,
    "test_loss": 1.5409144163131714,
    "test_acc": 0.4294
  },
  {
    "epoch": 93,
    "k": 1,
    "seed": 46,
    "train_loss": 1.5196444738246595,
    "train_acc": 0.44589194373401536,
    "test_loss": 1.541611671447754,
    "test_acc": 0.4315
  },
  {
    "epoch": 94,
    "k": 1,
    "seed": 46,
    "train_loss": 1.5180465973856505,
    "train_acc": 0.44463714833759593,
    "test_loss": 1.5378750562667847,
    "test_acc": 0.4328
  },
  {
    "epoch": 95,
    "k": 1,
    "seed": 46,
    "train_loss": 1.5171786555853646,
    "train_acc": 0.44629555626598466,
    "test_loss": 1.5382156372070312,
    "test_acc": 0.4336
  },
  {
    "epoch": 96,
    "k": 1,
    "seed": 46,
    "train_loss": 1.5157148642918032,
    "train_acc": 0.4463275255754476,
    "test_loss": 1.5346691608428955,
    "test_acc": 0.435
  },
  {
    "epoch": 97,
    "k": 1,
    "seed": 46,
    "train_loss": 1.5142766545190836,
    "train_acc": 0.4474904092071611,
    "test_loss": 1.5320943593978882,
    "test_acc": 0.4367
  },
  {
    "epoch": 98,
    "k": 1,
    "seed": 46,
    "train_loss": 1.511463089672196,
    "train_acc": 0.4481018222506394,
    "test_loss": 1.529882550239563,
    "test_acc": 0.4363
  },
  {
    "epoch": 99,
    "k": 1,
    "seed": 46,
    "train_loss": 1.510507883318245,
    "train_acc": 0.450295716112532,
    "test_loss": 1.5285120010375977,
    "test_acc": 0.4362
  },
  {
    "epoch": 100,
    "k": 1,
    "seed": 46,
    "train_loss": 1.5091411143617557,
    "train_acc": 0.45003196930946293,
    "test_loss": 1.527176022529602,
    "test_acc": 0.4359
  },
  {
    "epoch": 101,
    "k": 1,
    "seed": 46,
    "train_loss": 1.508043499858788,
    "train_acc": 0.4491128516624041,
    "test_loss": 1.5268206596374512,
    "test_acc": 0.439
  },
  {
    "epoch": 102,
    "k": 1,
    "seed": 46,
    "train_loss": 1.5070715657890301,
    "train_acc": 0.45196611253196933,
    "test_loss": 1.5253595113754272,
    "test_acc": 0.4395
  },
  {
    "epoch": 103,
    "k": 1,
    "seed": 46,
    "train_loss": 1.5050333140756162,
    "train_acc": 0.45097506393861897,
    "test_loss": 1.5216952562332153,
    "test_acc": 0.4388
  },
  {
    "epoch": 104,
    "k": 1,
    "seed": 46,
    "train_loss": 1.5048119677302172,
    "train_acc": 0.4525015984654731,
    "test_loss": 1.5195847749710083,
    "test_acc": 0.4402
  },
  {
    "epoch": 105,
    "k": 1,
    "seed": 46,
    "train_loss": 1.5021540292388642,
    "train_acc": 0.45366048593350383,
    "test_loss": 1.5196200609207153,
    "test_acc": 0.4407
  },
  {
    "epoch": 106,
    "k": 1,
    "seed": 46,
    "train_loss": 1.5015117000131046,
    "train_acc": 0.4525935102301791,
    "test_loss": 1.5173149108886719,
    "test_acc": 0.4381
  },
  {
    "epoch": 107,
    "k": 1,
    "seed": 46,
    "train_loss": 1.4986919259171352,
    "train_acc": 0.45393222506393865,
    "test_loss": 1.517447590827942,
    "test_acc": 0.4438
  },
  {
    "epoch": 108,
    "k": 1,
    "seed": 46,
    "train_loss": 1.4993789485653344,
    "train_acc": 0.45339673913043477,
    "test_loss": 1.5154590606689453,
    "test_acc": 0.4412
  },
  {
    "epoch": 109,
    "k": 1,
    "seed": 46,
    "train_loss": 1.4951740231965205,
    "train_acc": 0.45642583120204605,
    "test_loss": 1.5133451223373413,
    "test_acc": 0.4414
  },
  {
    "epoch": 110,
    "k": 1,
    "seed": 46,
    "train_loss": 1.4971462735129744,
    "train_acc": 0.45490728900255756,
    "test_loss": 1.5133517980575562,
    "test_acc": 0.44
  },
  {
    "epoch": 111,
    "k": 1,
    "seed": 46,
    "train_loss": 1.4929247399425263,
    "train_acc": 0.45789641943734016,
    "test_loss": 1.5107436180114746,
    "test_acc": 0.4416
  },
  {
    "epoch": 112,
    "k": 1,
    "seed": 46,
    "train_loss": 1.4916587266165886,
    "train_acc": 0.45637787723785167,
    "test_loss": 1.5095703601837158,
    "test_acc": 0.4436
  },
  {
    "epoch": 113,
    "k": 1,
    "seed": 46,
    "train_loss": 1.4903161214745564,
    "train_acc": 0.4562859654731458,
    "test_loss": 1.5069423913955688,
    "test_acc": 0.4449
  },
  {
    "epoch": 114,
    "k": 1,
    "seed": 46,
    "train_loss": 1.4866948926540287,
    "train_acc": 0.45931505754475704,
    "test_loss": 1.5065386295318604,
    "test_acc": 0.4438
  },
  {
    "epoch": 115,
    "k": 1,
    "seed": 46,
    "train_loss": 1.4868315958306002,
    "train_acc": 0.4600023976982097,
    "test_loss": 1.5069963932037354,
    "test_acc": 0.4441
  },
  {
    "epoch": 116,
    "k": 1,
    "seed": 46,
    "train_loss": 1.4861989164596323,
    "train_acc": 0.45845987851662406,
    "test_loss": 1.5049817562103271,
    "test_acc": 0.4428
  },
  {
    "epoch": 117,
    "k": 1,
    "seed": 46,
    "train_loss": 1.486086192338363,
    "train_acc": 0.4602541560102302,
    "test_loss": 1.5019255876541138,
    "test_acc": 0.4456
  },
  {
    "epoch": 118,
    "k": 1,
    "seed": 46,
    "train_loss": 1.4844051398279723,
    "train_acc": 0.45871163682864446,
    "test_loss": 1.5016628503799438,
    "test_acc": 0.444
  },
  {
    "epoch": 119,
    "k": 1,
    "seed": 46,
    "train_loss": 1.4836668279164893,
    "train_acc": 0.45997442455242965,
    "test_loss": 1.504377007484436,
    "test_acc": 0.4453
  },
  {
    "epoch": 120,
    "k": 1,
    "seed": 46,
    "train_loss": 1.4802691628560996,
    "train_acc": 0.46196051790281334,
    "test_loss": 1.5011756420135498,
    "test_acc": 0.4504
  },
  {
    "epoch": 121,
    "k": 1,
    "seed": 46,
    "train_loss": 1.4793209432031187,
    "train_acc": 0.46088554987212277,
    "test_loss": 1.496782898902893,
    "test_acc": 0.4514
  },
  {
    "epoch": 122,
    "k": 1,
    "seed": 46,
    "train_loss": 1.4782849550247192,
    "train_acc": 0.4623761189258312,
    "test_loss": 1.4991698265075684,
    "test_acc": 0.448
  },
  {
    "epoch": 123,
    "k": 1,
    "seed": 46,
    "train_loss": 1.4777518138861108,
    "train_acc": 0.46233216112531966,
    "test_loss": 1.4955203533172607,
    "test_acc": 0.4493
  },
  {
    "epoch": 124,
    "k": 1,
    "seed": 46,
    "train_loss": 1.4768511413613243,
    "train_acc": 0.4605019181585678,
    "test_loss": 1.4949324131011963,
    "test_acc": 0.4489
  },
  {
    "epoch": 125,
    "k": 1,
    "seed": 46,
    "train_loss": 1.4757682249674102,
    "train_acc": 0.46482976342710997,
    "test_loss": 1.4929680824279785,
    "test_acc": 0.4486
  },
  {
    "epoch": 126,
    "k": 1,
    "seed": 46,
    "train_loss": 1.4728048811178378,
    "train_acc": 0.463119405370844,
    "test_loss": 1.493072509765625,
    "test_acc": 0.4508
  },
  {
    "epoch": 127,
    "k": 1,
    "seed": 46,
    "train_loss": 1.4713551443251198,
    "train_acc": 0.46468989769820973,
    "test_loss": 1.4929933547973633,
    "test_acc": 0.4495
  },
  {
    "epoch": 128,
    "k": 1,
    "seed": 46,
    "train_loss": 1.4703615233111564,
    "train_acc": 0.46539322250639387,
    "test_loss": 1.4908009767532349,
    "test_acc": 0.4513
  },
  {
    "epoch": 129,
    "k": 1,
    "seed": 46,
    "train_loss": 1.4706141399910382,
    "train_acc": 0.4643901854219949,
    "test_loss": 1.4916390180587769,
    "test_acc": 0.4522
  },
  {
    "epoch": 130,
    "k": 1,
    "seed": 46,
    "train_loss": 1.4679806759900145,
    "train_acc": 0.46667599104859336,
    "test_loss": 1.4883337020874023,
    "test_acc": 0.4535
  },
  {
    "epoch": 131,
    "k": 1,
    "seed": 46,
    "train_loss": 1.467091709146719,
    "train_acc": 0.46749520460358057,
    "test_loss": 1.4871211051940918,
    "test_acc": 0.4534
  },
  {
    "epoch": 132,
    "k": 1,
    "seed": 46,
    "train_loss": 1.4661702835346426,
    "train_acc": 0.46794277493606135,
    "test_loss": 1.4861863851547241,
    "test_acc": 0.4541
  },
  {
    "epoch": 133,
    "k": 1,
    "seed": 46,
    "train_loss": 1.4645732656464248,
    "train_acc": 0.4679028132992327,
    "test_loss": 1.4859169721603394,
    "test_acc": 0.4526
  },
  {
    "epoch": 134,
    "k": 1,
    "seed": 46,
    "train_loss": 1.4634806463480605,
    "train_acc": 0.4680306905370844,
    "test_loss": 1.4835888147354126,
    "test_acc": 0.4549
  },
  {
    "epoch": 135,
    "k": 1,
    "seed": 46,
    "train_loss": 1.462225085938983,
    "train_acc": 0.4679907289002558,
    "test_loss": 1.4845062494277954,
    "test_acc": 0.4547
  },
  {
    "epoch": 136,
    "k": 1,
    "seed": 46,
    "train_loss": 1.462523810698858,
    "train_acc": 0.46830242966751917,
    "test_loss": 1.481797456741333,
    "test_acc": 0.4551
  },
  {
    "epoch": 137,
    "k": 1,
    "seed": 46,
    "train_loss": 1.4606209975069442,
    "train_acc": 0.4699528452685422,
    "test_loss": 1.4818171262741089,
    "test_acc": 0.455
  },
  {
    "epoch": 138,
    "k": 1,
    "seed": 46,
    "train_loss": 1.460061508066514,
    "train_acc": 0.4701126918158568,
    "test_loss": 1.4795317649841309,
    "test_acc": 0.4574
  },
  {
    "epoch": 139,
    "k": 1,
    "seed": 46,
    "train_loss": 1.4594031441242188,
    "train_acc": 0.4706361892583121,
    "test_loss": 1.4797992706298828,
    "test_acc": 0.4574
  },
  {
    "epoch": 140,
    "k": 1,
    "seed": 46,
    "train_loss": 1.4581607412499236,
    "train_acc": 0.4714354219948849,
    "test_loss": 1.477921724319458,
    "test_acc": 0.4614
  },
  {
    "epoch": 141,
    "k": 1,
    "seed": 46,
    "train_loss": 1.4561759352379138,
    "train_acc": 0.47336157289002556,
    "test_loss": 1.4765444993972778,
    "test_acc": 0.4573
  },
  {
    "epoch": 142,
    "k": 1,
    "seed": 46,
    "train_loss": 1.4552038197627153,
    "train_acc": 0.47138347186700763,
    "test_loss": 1.4792290925979614,
    "test_acc": 0.4583
  },
  {
    "epoch": 143,
    "k": 1,
    "seed": 46,
    "train_loss": 1.4533058240285615,
    "train_acc": 0.4712436061381074,
    "test_loss": 1.4766095876693726,
    "test_acc": 0.462
  },
  {
    "epoch": 144,
    "k": 1,
    "seed": 46,
    "train_loss": 1.4535365376021245,
    "train_acc": 0.4733455882352941,
    "test_loss": 1.4754550457000732,
    "test_acc": 0.4604
  },
  {
    "epoch": 145,
    "k": 1,
    "seed": 46,
    "train_loss": 1.45003022318301,
    "train_acc": 0.4724784207161125,
    "test_loss": 1.475405216217041,
    "test_acc": 0.4584
  },
  {
    "epoch": 146,
    "k": 1,
    "seed": 46,
    "train_loss": 1.4490257489406848,
    "train_acc": 0.47540361253196933,
    "test_loss": 1.476208209991455,
    "test_acc": 0.4613
  },
  {
    "epoch": 147,
    "k": 1,
    "seed": 46,
    "train_loss": 1.4478952067587383,
    "train_acc": 0.475471547314578,
    "test_loss": 1.4726046323776245,
    "test_acc": 0.4608
  },
  {
    "epoch": 148,
    "k": 1,
    "seed": 46,
    "train_loss": 1.4488694783671738,
    "train_acc": 0.47580722506393863,
    "test_loss": 1.472414493560791,
    "test_acc": 0.4626
  },
  {
    "epoch": 149,
    "k": 1,
    "seed": 46,
    "train_loss": 1.4457288718284549,
    "train_acc": 0.47508791560102304,
    "test_loss": 1.4741073846817017,
    "test_acc": 0.4618
  },
  {
    "epoch": 150,
    "k": 1,
    "seed": 46,
    "train_loss": 1.446971082016635,
    "train_acc": 0.47642263427109977,
    "test_loss": 1.472854733467102,
    "test_acc": 0.4619
  },
  {
    "epoch": 151,
    "k": 1,
    "seed": 46,
    "train_loss": 1.4473073400194993,
    "train_acc": 0.4764306265984655,
    "test_loss": 1.4687292575836182,
    "test_acc": 0.4624
  },
  {
    "epoch": 152,
    "k": 1,
    "seed": 46,
    "train_loss": 1.4451076978307855,
    "train_acc": 0.47600303708439895,
    "test_loss": 1.469521164894104,
    "test_acc": 0.462
  },
  {
    "epoch": 153,
    "k": 1,
    "seed": 46,
    "train_loss": 1.4424294306494085,
    "train_acc": 0.4781369884910486,
    "test_loss": 1.4706839323043823,
    "test_acc": 0.4645
  },
  {
    "epoch": 154,
    "k": 1,
    "seed": 46,
    "train_loss": 1.4434556052507952,
    "train_acc": 0.4773337595907928,
    "test_loss": 1.4696694612503052,
    "test_acc": 0.4619
  },
  {
    "epoch": 155,
    "k": 1,
    "seed": 46,
    "train_loss": 1.4414478159316666,
    "train_acc": 0.4767423273657289,
    "test_loss": 1.4697940349578857,
    "test_acc": 0.4643
  },
  {
    "epoch": 156,
    "k": 1,
    "seed": 46,
    "train_loss": 1.4392738208136595,
    "train_acc": 0.47914002557544755,
    "test_loss": 1.4670158624649048,
    "test_acc": 0.464
  },
  {
    "epoch": 157,
    "k": 1,
    "seed": 46,
    "train_loss": 1.4397175501069754,
    "train_acc": 0.4777093989769821,
    "test_loss": 1.4655567407608032,
    "test_acc": 0.4661
  },
  {
    "epoch": 158,
    "k": 1,
    "seed": 46,
    "train_loss": 1.4373655386288147,
    "train_acc": 0.4799072890025576,
    "test_loss": 1.467149019241333,
    "test_acc": 0.4648
  },
  {
    "epoch": 159,
    "k": 1,
    "seed": 46,
    "train_loss": 1.439030523495296,
    "train_acc": 0.47944773017902814,
    "test_loss": 1.466340184211731,
    "test_acc": 0.4631
  },
  {
    "epoch": 160,
    "k": 1,
    "seed": 46,
    "train_loss": 1.434363929511946,
    "train_acc": 0.48075847186700765,
    "test_loss": 1.4630775451660156,
    "test_acc": 0.4669
  },
  {
    "epoch": 161,
    "k": 1,
    "seed": 46,
    "train_loss": 1.4364296600336919,
    "train_acc": 0.47896419437340154,
    "test_loss": 1.4639453887939453,
    "test_acc": 0.4651
  },
  {
    "epoch": 162,
    "k": 1,
    "seed": 46,
    "train_loss": 1.436369352938269,
    "train_acc": 0.47997122762148337,
    "test_loss": 1.4630639553070068,
    "test_acc": 0.4675
  },
  {
    "epoch": 163,
    "k": 1,
    "seed": 46,
    "train_loss": 1.435508738088486,
    "train_acc": 0.478804347826087,
    "test_loss": 1.463373064994812,
    "test_acc": 0.4685
  },
  {
    "epoch": 164,
    "k": 1,
    "seed": 46,
    "train_loss": 1.4319945723199479,
    "train_acc": 0.4811780690537084,
    "test_loss": 1.4638535976409912,
    "test_acc": 0.4639
  },
  {
    "epoch": 165,
    "k": 1,
    "seed": 46,
    "train_loss": 1.4330154331138982,
    "train_acc": 0.48106617647058825,
    "test_loss": 1.4617998600006104,
    "test_acc": 0.4656
  },
  {
    "epoch": 166,
    "k": 1,
    "seed": 46,
    "train_loss": 1.4302520626951056,
    "train_acc": 0.4826566496163683,
    "test_loss": 1.459369421005249,
    "test_acc": 0.4686
  },
  {
    "epoch": 167,
    "k": 1,
    "seed": 46,
    "train_loss": 1.4298311084737558,
    "train_acc": 0.48201726342711,
    "test_loss": 1.4590470790863037,
    "test_acc": 0.4675
  },
  {
    "epoch": 168,
    "k": 1,
    "seed": 46,
    "train_loss": 1.4300412900002717,
    "train_acc": 0.48201726342711,
    "test_loss": 1.459593415260315,
    "test_acc": 0.4695
  },
  {
    "epoch": 169,
    "k": 1,
    "seed": 46,
    "train_loss": 1.4294259734165944,
    "train_acc": 0.4833599744245524,
    "test_loss": 1.4610651731491089,
    "test_acc": 0.4698
  },
  {
    "epoch": 170,
    "k": 1,
    "seed": 46,
    "train_loss": 1.4282023620117656,
    "train_acc": 0.48338794757033243,
    "test_loss": 1.4583145380020142,
    "test_acc": 0.4679
  },
  {
    "epoch": 171,
    "k": 1,
    "seed": 46,
    "train_loss": 1.4278397932077003,
    "train_acc": 0.48286445012787726,
    "test_loss": 1.4580168724060059,
    "test_acc": 0.4705
  },
  {
    "epoch": 172,
    "k": 1,
    "seed": 46,
    "train_loss": 1.4260854455821044,
    "train_acc": 0.48399536445012786,
    "test_loss": 1.4580813646316528,
    "test_acc": 0.4691
  },
  {
    "epoch": 173,
    "k": 1,
    "seed": 46,
    "train_loss": 1.4257760758290206,
    "train_acc": 0.48347186700767264,
    "test_loss": 1.4576019048690796,
    "test_acc": 0.4685
  },
  {
    "epoch": 174,
    "k": 1,
    "seed": 46,
    "train_loss": 1.424764156951319,
    "train_acc": 0.48600943094629157,
    "test_loss": 1.454154372215271,
    "test_acc": 0.4699
  },
  {
    "epoch": 175,
    "k": 1,
    "seed": 46,
    "train_loss": 1.4246574085386818,
    "train_acc": 0.4862492007672634,
    "test_loss": 1.452350378036499,
    "test_acc": 0.4696
  },
  {
    "epoch": 176,
    "k": 1,
    "seed": 46,
    "train_loss": 1.4212346802587095,
    "train_acc": 0.48935421994884915,
    "test_loss": 1.4543335437774658,
    "test_acc": 0.4697
  },
  {
    "epoch": 177,
    "k": 1,
    "seed": 46,
    "train_loss": 1.421016264144722,
    "train_acc": 0.48763586956521743,
    "test_loss": 1.4504072666168213,
    "test_acc": 0.4738
  },
  {
    "epoch": 178,
    "k": 1,
    "seed": 46,
    "train_loss": 1.421477002865823,
    "train_acc": 0.48710837595907924,
    "test_loss": 1.4507158994674683,
    "test_acc": 0.4717
  },
  {
    "epoch": 179,
    "k": 1,
    "seed": 46,
    "train_loss": 1.4229908916346556,
    "train_acc": 0.4864210358056266,
    "test_loss": 1.451351284980774,
    "test_acc": 0.474
  },
  {
    "epoch": 180,
    "k": 1,
    "seed": 46,
    "train_loss": 1.4180404816747016,
    "train_acc": 0.48773577365728904,
    "test_loss": 1.449739694595337,
    "test_acc": 0.475
  },
  {
    "epoch": 181,
    "k": 1,
    "seed": 46,
    "train_loss": 1.4183245726558558,
    "train_acc": 0.4881313938618926,
    "test_loss": 1.4506624937057495,
    "test_acc": 0.4732
  },
  {
    "epoch": 182,
    "k": 1,
    "seed": 46,
    "train_loss": 1.418833858216815,
    "train_acc": 0.48748401534526853,
    "test_loss": 1.4494400024414062,
    "test_acc": 0.4744
  },
  {
    "epoch": 183,
    "k": 1,
    "seed": 46,
    "train_loss": 1.4171143904366457,
    "train_acc": 0.4879235933503836,
    "test_loss": 1.4481160640716553,
    "test_acc": 0.4718
  },
  {
    "epoch": 184,
    "k": 1,
    "seed": 46,
    "train_loss": 1.417715490016791,
    "train_acc": 0.48999360613810744,
    "test_loss": 1.448836088180542,
    "test_acc": 0.4723
  },
  {
    "epoch": 185,
    "k": 1,
    "seed": 46,
    "train_loss": 1.4145878330825845,
    "train_acc": 0.48982177109974423,
    "test_loss": 1.446153998374939,
    "test_acc": 0.4779
  },
  {
    "epoch": 186,
    "k": 1,
    "seed": 46,
    "train_loss": 1.4136748359636273,
    "train_acc": 0.49079283887468034,
    "test_loss": 1.4468543529510498,
    "test_acc": 0.4764
  },
  {
    "epoch": 187,
    "k": 1,
    "seed": 46,
    "train_loss": 1.413623336331009,
    "train_acc": 0.4910326086956522,
    "test_loss": 1.44650137424469,
    "test_acc": 0.4755
  },
  {
    "epoch": 188,
    "k": 1,
    "seed": 46,
    "train_loss": 1.413311669893582,
    "train_acc": 0.49155210997442456,
    "test_loss": 1.4435923099517822,
    "test_acc": 0.4768
  },
  {
    "epoch": 189,
    "k": 1,
    "seed": 46,
    "train_loss": 1.414174058553203,
    "train_acc": 0.4895460358056266,
    "test_loss": 1.4419374465942383,
    "test_acc": 0.4763
  },
  {
    "epoch": 190,
    "k": 1,
    "seed": 46,
    "train_loss": 1.4130200422023569,
    "train_acc": 0.49047714194373404,
    "test_loss": 1.4417247772216797,
    "test_acc": 0.4767
  },
  {
    "epoch": 191,
    "k": 1,
    "seed": 46,
    "train_loss": 1.4101574366049998,
    "train_acc": 0.49233935421994884,
    "test_loss": 1.4405633211135864,
    "test_acc": 0.4782
  },
  {
    "epoch": 192,
    "k": 1,
    "seed": 46,
    "train_loss": 1.4106113959456343,
    "train_acc": 0.4916240409207161,
    "test_loss": 1.442280888557434,
    "test_acc": 0.4776
  },
  {
    "epoch": 193,
    "k": 1,
    "seed": 46,
    "train_loss": 1.4077587444763964,
    "train_acc": 0.4921315537084399,
    "test_loss": 1.4406743049621582,
    "test_acc": 0.4783
  },
  {
    "epoch": 194,
    "k": 1,
    "seed": 46,
    "train_loss": 1.4115421119553353,
    "train_acc": 0.49186780690537085,
    "test_loss": 1.4403924942016602,
    "test_acc": 0.4765
  },
  {
    "epoch": 195,
    "k": 1,
    "seed": 46,
    "train_loss": 1.4091485055816142,
    "train_acc": 0.4920875959079284,
    "test_loss": 1.4419386386871338,
    "test_acc": 0.4775
  },
  {
    "epoch": 196,
    "k": 1,
    "seed": 46,
    "train_loss": 1.4081364110912509,
    "train_acc": 0.49206361892583117,
    "test_loss": 1.4386950731277466,
    "test_acc": 0.4797
  },
  {
    "epoch": 197,
    "k": 1,
    "seed": 46,
    "train_loss": 1.4070132781782418,
    "train_acc": 0.49217151534526854,
    "test_loss": 1.4387333393096924,
    "test_acc": 0.4804
  },
  {
    "epoch": 198,
    "k": 1,
    "seed": 46,
    "train_loss": 1.407079277136137,
    "train_acc": 0.49168797953964194,
    "test_loss": 1.4361324310302734,
    "test_acc": 0.4822
  },
  {
    "epoch": 199,
    "k": 1,
    "seed": 46,
    "train_loss": 1.4060140488397739,
    "train_acc": 0.49295476342711,
    "test_loss": 1.4346812963485718,
    "test_acc": 0.4819
  },
  {
    "epoch": 200,
    "k": 1,
    "seed": 46,
    "train_loss": 1.4059524255640365,
    "train_acc": 0.49378996163682864,
    "test_loss": 1.435673713684082,
    "test_acc": 0.4811
  },
  {
    "epoch": 201,
    "k": 1,
    "seed": 46,
    "train_loss": 1.4027660240602615,
    "train_acc": 0.49476902173913045,
    "test_loss": 1.4370429515838623,
    "test_acc": 0.481
  },
  {
    "epoch": 202,
    "k": 1,
    "seed": 46,
    "train_loss": 1.4042781823126556,
    "train_acc": 0.4939657928388747,
    "test_loss": 1.4351226091384888,
    "test_acc": 0.4803
  },
  {
    "epoch": 203,
    "k": 1,
    "seed": 46,
    "train_loss": 1.405331012538022,
    "train_acc": 0.4940377237851662,
    "test_loss": 1.4347707033157349,
    "test_acc": 0.4829
  },
  {
    "epoch": 204,
    "k": 1,
    "seed": 46,
    "train_loss": 1.4018155342477667,
    "train_acc": 0.49703085038363176,
    "test_loss": 1.4343523979187012,
    "test_acc": 0.4814
  },
  {
    "epoch": 205,
    "k": 1,
    "seed": 46,
    "train_loss": 1.4035924020630623,
    "train_acc": 0.4941895780051151,
    "test_loss": 1.4333115816116333,
    "test_acc": 0.4818
  },
  {
    "epoch": 206,
    "k": 1,
    "seed": 46,
    "train_loss": 1.403180125119436,
    "train_acc": 0.4942175511508951,
    "test_loss": 1.4340460300445557,
    "test_acc": 0.483
  },
  {
    "epoch": 207,
    "k": 1,
    "seed": 46,
    "train_loss": 1.4007243555220192,
    "train_acc": 0.4940017583120204,
    "test_loss": 1.431152105331421,
    "test_acc": 0.4839
  },
  {
    "epoch": 208,
    "k": 1,
    "seed": 46,
    "train_loss": 1.4000513230443306,
    "train_acc": 0.4964713874680307,
    "test_loss": 1.4314607381820679,
    "test_acc": 0.4875
  },
  {
    "epoch": 209,
    "k": 1,
    "seed": 46,
    "train_loss": 1.3993779783663542,
    "train_acc": 0.49600383631713557,
    "test_loss": 1.431265950202942,
    "test_acc": 0.4847
  },
  {
    "epoch": 210,
    "k": 1,
    "seed": 46,
    "train_loss": 1.3990655137449883,
    "train_acc": 0.49556425831202044,
    "test_loss": 1.4309135675430298,
    "test_acc": 0.4848
  },
  {
    "epoch": 211,
    "k": 1,
    "seed": 46,
    "train_loss": 1.3988118586332903,
    "train_acc": 0.4955362851662404,
    "test_loss": 1.4280438423156738,
    "test_acc": 0.4835
  },
  {
    "epoch": 212,
    "k": 1,
    "seed": 46,
    "train_loss": 1.3988313141381343,
    "train_acc": 0.4958359974424552,
    "test_loss": 1.431274652481079,
    "test_acc": 0.4826
  },
  {
    "epoch": 213,
    "k": 1,
    "seed": 46,
    "train_loss": 1.3969978078856797,
    "train_acc": 0.4972346547314578,
    "test_loss": 1.4274401664733887,
    "test_acc": 0.4861
  },
  {
    "epoch": 214,
    "k": 1,
    "seed": 46,
    "train_loss": 1.397302926044025,
    "train_acc": 0.4970188618925831,
    "test_loss": 1.4288127422332764,
    "test_acc": 0.4855
  },
  {
    "epoch": 215,
    "k": 1,
    "seed": 46,
    "train_loss": 1.3968147966258055,
    "train_acc": 0.49821771099744244,
    "test_loss": 1.4289450645446777,
    "test_acc": 0.4858
  },
  {
    "epoch": 216,
    "k": 1,
    "seed": 46,
    "train_loss": 1.3950659503107485,
    "train_acc": 0.4985174232736573,
    "test_loss": 1.4283547401428223,
    "test_acc": 0.4866
  },
  {
    "epoch": 217,
    "k": 1,
    "seed": 46,
    "train_loss": 1.3960020593974902,
    "train_acc": 0.49792998721227627,
    "test_loss": 1.427312970161438,
    "test_acc": 0.4841
  },
  {
    "epoch": 218,
    "k": 1,
    "seed": 46,
    "train_loss": 1.3931365689963027,
    "train_acc": 0.4990648976982097,
    "test_loss": 1.4264733791351318,
    "test_acc": 0.4853
  },
  {
    "epoch": 219,
    "k": 1,
    "seed": 46,
    "train_loss": 1.3952724738499087,
    "train_acc": 0.49846946930946295,
    "test_loss": 1.4273535013198853,
    "test_acc": 0.4855
  },
  {
    "epoch": 220,
    "k": 1,
    "seed": 46,
    "train_loss": 1.3935623580537488,
    "train_acc": 0.4984295076726343,
    "test_loss": 1.4291373491287231,
    "test_acc": 0.4852
  },
  {
    "epoch": 221,
    "k": 1,
    "seed": 46,
    "train_loss": 1.3922545915979254,
    "train_acc": 0.49945252557544756,
    "test_loss": 1.425580382347107,
    "test_acc": 0.4876
  },
  {
    "epoch": 222,
    "k": 1,
    "seed": 46,
    "train_loss": 1.3925736139497489,
    "train_acc": 0.49745843989769817,
    "test_loss": 1.424776315689087,
    "test_acc": 0.4871
  },
  {
    "epoch": 223,
    "k": 1,
    "seed": 46,
    "train_loss": 1.3911889514045033,
    "train_acc": 0.4994605179028133,
    "test_loss": 1.4227076768875122,
    "test_acc": 0.4894
  },
  {
    "epoch": 224,
    "k": 1,
    "seed": 46,
    "train_loss": 1.3895697657714414,
    "train_acc": 0.5010150255754475,
    "test_loss": 1.4248689413070679,
    "test_acc": 0.4874
  },
  {
    "epoch": 225,
    "k": 1,
    "seed": 46,
    "train_loss": 1.390432530961683,
    "train_acc": 0.5002277813299233,
    "test_loss": 1.4264150857925415,
    "test_acc": 0.4899
  },
  {
    "epoch": 226,
    "k": 1,
    "seed": 46,
    "train_loss": 1.3920231353291466,
    "train_acc": 0.4997242647058824,
    "test_loss": 1.4237279891967773,
    "test_acc": 0.4896
  },
  {
    "epoch": 227,
    "k": 1,
    "seed": 46,
    "train_loss": 1.3900326959922185,
    "train_acc": 0.5002117966751918,
    "test_loss": 1.4243566989898682,
    "test_acc": 0.4897
  },
  {
    "epoch": 228,
    "k": 1,
    "seed": 46,
    "train_loss": 1.3909701453450392,
    "train_acc": 0.4990009590792839,
    "test_loss": 1.4253554344177246,
    "test_acc": 0.49
  },
  {
    "epoch": 229,
    "k": 1,
    "seed": 46,
    "train_loss": 1.3908768145324628,
    "train_acc": 0.49830962276214835,
    "test_loss": 1.4247320890426636,
    "test_acc": 0.4885
  },
  {
    "epoch": 230,
    "k": 1,
    "seed": 46,
    "train_loss": 1.387478555559807,
    "train_acc": 0.49987611892583117,
    "test_loss": 1.4237555265426636,
    "test_acc": 0.4873
  },
  {
    "epoch": 231,
    "k": 1,
    "seed": 46,
    "train_loss": 1.3887697595464603,
    "train_acc": 0.4989530051150895,
    "test_loss": 1.4212985038757324,
    "test_acc": 0.4903
  },
  {
    "epoch": 232,
    "k": 1,
    "seed": 46,
    "train_loss": 1.3877811355663991,
    "train_acc": 0.49983216112531964,
    "test_loss": 1.4202237129211426,
    "test_acc": 0.492
  },
  {
    "epoch": 233,
    "k": 1,
    "seed": 46,
    "train_loss": 1.3863616867748367,
    "train_acc": 0.5011269181585678,
    "test_loss": 1.421517252922058,
    "test_acc": 0.4907
  },
  {
    "epoch": 234,
    "k": 1,
    "seed": 46,
    "train_loss": 1.3865267282251812,
    "train_acc": 0.5014785805626598,
    "test_loss": 1.4213576316833496,
    "test_acc": 0.4888
  },
  {
    "epoch": 235,
    "k": 1,
    "seed": 46,
    "train_loss": 1.3865571976317774,
    "train_acc": 0.501502557544757,
    "test_loss": 1.4199448823928833,
    "test_acc": 0.4887
  },
  {
    "epoch": 236,
    "k": 1,
    "seed": 46,
    "train_loss": 1.3852714065395657,
    "train_acc": 0.5017543158567774,
    "test_loss": 1.4193496704101562,
    "test_acc": 0.4921
  },
  {
    "epoch": 237,
    "k": 1,
    "seed": 46,
    "train_loss": 1.3852976676448228,
    "train_acc": 0.501770300511509,
    "test_loss": 1.4193894863128662,
    "test_acc": 0.492
  },
  {
    "epoch": 238,
    "k": 1,
    "seed": 46,
    "train_loss": 1.3848932521117618,
    "train_acc": 0.5027293797953963,
    "test_loss": 1.4191330671310425,
    "test_acc": 0.4934
  },
  {
    "epoch": 239,
    "k": 1,
    "seed": 46,
    "train_loss": 1.3843073512587096,
    "train_acc": 0.5011988491048593,
    "test_loss": 1.4186302423477173,
    "test_acc": 0.493
  },
  {
    "epoch": 240,
    "k": 1,
    "seed": 46,
    "train_loss": 1.3821238197024217,
    "train_acc": 0.5025935102301791,
    "test_loss": 1.419547438621521,
    "test_acc": 0.4915
  },
  {
    "epoch": 241,
    "k": 1,
    "seed": 46,
    "train_loss": 1.38411129252685,
    "train_acc": 0.501710358056266,
    "test_loss": 1.4208784103393555,
    "test_acc": 0.4902
  },
  {
    "epoch": 242,
    "k": 1,
    "seed": 46,
    "train_loss": 1.3810006114832885,
    "train_acc": 0.5033967391304348,
    "test_loss": 1.4178014993667603,
    "test_acc": 0.4926
  },
  {
    "epoch": 243,
    "k": 1,
    "seed": 46,
    "train_loss": 1.383383475910977,
    "train_acc": 0.502685421994885,
    "test_loss": 1.419881820678711,
    "test_acc": 0.4914
  },
  {
    "epoch": 244,
    "k": 1,
    "seed": 46,
    "train_loss": 1.3819030517202509,
    "train_acc": 0.5031409846547314,
    "test_loss": 1.416351079940796,
    "test_acc": 0.4934
  },
  {
    "epoch": 245,
    "k": 1,
    "seed": 46,
    "train_loss": 1.3817504241948237,
    "train_acc": 0.5014985613810742,
    "test_loss": 1.417279601097107,
    "test_acc": 0.4951
  },
  {
    "epoch": 246,
    "k": 1,
    "seed": 46,
    "train_loss": 1.3814433279549678,
    "train_acc": 0.5033367966751918,
    "test_loss": 1.4171514511108398,
    "test_acc": 0.4926
  },
  {
    "epoch": 247,
    "k": 1,
    "seed": 46,
    "train_loss": 1.3813848440604442,
    "train_acc": 0.5037603900255755,
    "test_loss": 1.4173234701156616,
    "test_acc": 0.4954
  },
  {
    "epoch": 248,
    "k": 1,
    "seed": 46,
    "train_loss": 1.378776877432528,
    "train_acc": 0.5032968350383632,
    "test_loss": 1.4156056642532349,
    "test_acc": 0.4907
  },
  {
    "epoch": 249,
    "k": 1,
    "seed": 46,
    "train_loss": 1.3798588392374767,
    "train_acc": 0.5040760869565217,
    "test_loss": 1.4157512187957764,
    "test_acc": 0.4914
  },
  {
    "epoch": 250,
    "k": 1,
    "seed": 46,
    "train_loss": 1.3784387873871553,
    "train_acc": 0.5073129795396419,
    "test_loss": 1.4136073589324951,
    "test_acc": 0.4957
  },
  {
    "epoch": 251,
    "k": 1,
    "seed": 46,
    "train_loss": 1.37848584273892,
    "train_acc": 0.5055906329923273,
    "test_loss": 1.4173232316970825,
    "test_acc": 0.4938
  },
  {
    "epoch": 252,
    "k": 1,
    "seed": 46,
    "train_loss": 1.377464611512011,
    "train_acc": 0.5057344948849105,
    "test_loss": 1.4150301218032837,
    "test_acc": 0.4961
  },
  {
    "epoch": 253,
    "k": 1,
    "seed": 46,
    "train_loss": 1.3765098710194268,
    "train_acc": 0.5063818734015345,
    "test_loss": 1.4143917560577393,
    "test_acc": 0.4939
  },
  {
    "epoch": 254,
    "k": 1,
    "seed": 46,
    "train_loss": 1.3770618926533653,
    "train_acc": 0.5069653132992327,
    "test_loss": 1.4137498140335083,
    "test_acc": 0.4943
  },
  {
    "epoch": 255,
    "k": 1,
    "seed": 46,
    "train_loss": 1.3771261312162784,
    "train_acc": 0.505778452685422,
    "test_loss": 1.415277123451233,
    "test_acc": 0.4939
  },
  {
    "epoch": 256,
    "k": 1,
    "seed": 46,
    "train_loss": 1.3738230503428623,
    "train_acc": 0.5073769181585678,
    "test_loss": 1.4134811162948608,
    "test_acc": 0.495
  },
  {
    "epoch": 257,
    "k": 1,
    "seed": 46,
    "train_loss": 1.3757192856820344,
    "train_acc": 0.5058463874680307,
    "test_loss": 1.4147498607635498,
    "test_acc": 0.4953
  },
  {
    "epoch": 258,
    "k": 1,
    "seed": 46,
    "train_loss": 1.3770794539195497,
    "train_acc": 0.5063618925831203,
    "test_loss": 1.4154812097549438,
    "test_acc": 0.4958
  },
  {
    "epoch": 259,
    "k": 1,
    "seed": 46,
    "train_loss": 1.373631944131973,
    "train_acc": 0.5083320012787724,
    "test_loss": 1.4119247198104858,
    "test_acc": 0.4947
  },
  {
    "epoch": 260,
    "k": 1,
    "seed": 46,
    "train_loss": 1.3747117973654472,
    "train_acc": 0.5076046994884911,
    "test_loss": 1.4119925498962402,
    "test_acc": 0.494
  },
  {
    "epoch": 261,
    "k": 1,
    "seed": 46,
    "train_loss": 1.3750048482509525,
    "train_acc": 0.5069453324808184,
    "test_loss": 1.4099652767181396,
    "test_acc": 0.4976
  },
  {
    "epoch": 262,
    "k": 1,
    "seed": 46,
    "train_loss": 1.3719818028037811,
    "train_acc": 0.5062619884910486,
    "test_loss": 1.4130096435546875,
    "test_acc": 0.4946
  },
  {
    "epoch": 263,
    "k": 1,
    "seed": 46,
    "train_loss": 1.3722000350732633,
    "train_acc": 0.5065217391304349,
    "test_loss": 1.4122767448425293,
    "test_acc": 0.4966
  },
  {
    "epoch": 264,
    "k": 1,
    "seed": 46,
    "train_loss": 1.3727006662227308,
    "train_acc": 0.5086596867007673,
    "test_loss": 1.4103626012802124,
    "test_acc": 0.4974
  },
  {
    "epoch": 265,
    "k": 1,
    "seed": 46,
    "train_loss": 1.3718375406606729,
    "train_acc": 0.5080682544757034,
    "test_loss": 1.4110612869262695,
    "test_acc": 0.497
  },
  {
    "epoch": 266,
    "k": 1,
    "seed": 46,
    "train_loss": 1.371811886882538,
    "train_acc": 0.507636668797954,
    "test_loss": 1.4109132289886475,
    "test_acc": 0.4974
  },
  {
    "epoch": 267,
    "k": 1,
    "seed": 46,
    "train_loss": 1.3711307012211635,
    "train_acc": 0.5070292519181585,
    "test_loss": 1.4099693298339844,
    "test_acc": 0.4946
  },
  {
    "epoch": 268,
    "k": 1,
    "seed": 46,
    "train_loss": 1.370720265466539,
    "train_acc": 0.5081561700767263,
    "test_loss": 1.411635160446167,
    "test_acc": 0.4959
  },
  {
    "epoch": 269,
    "k": 1,
    "seed": 46,
    "train_loss": 1.3707893001453957,
    "train_acc": 0.5076246803069053,
    "test_loss": 1.4110647439956665,
    "test_acc": 0.4944
  },
  {
    "epoch": 270,
    "k": 1,
    "seed": 46,
    "train_loss": 1.3693084997289322,
    "train_acc": 0.5071970907928389,
    "test_loss": 1.4095675945281982,
    "test_acc": 0.4952
  },
  {
    "epoch": 271,
    "k": 1,
    "seed": 46,
    "train_loss": 1.3692072651270406,
    "train_acc": 0.509287084398977,
    "test_loss": 1.4087632894515991,
    "test_acc": 0.4954
  },
  {
    "epoch": 272,
    "k": 1,
    "seed": 46,
    "train_loss": 1.369101787162254,
    "train_acc": 0.5085158248081841,
    "test_loss": 1.410146951675415,
    "test_acc": 0.4984
  },
  {
    "epoch": 273,
    "k": 1,
    "seed": 46,
    "train_loss": 1.3689988272269364,
    "train_acc": 0.509846547314578,
    "test_loss": 1.4065937995910645,
    "test_acc": 0.4982
  },
  {
    "epoch": 274,
    "k": 1,
    "seed": 46,
    "train_loss": 1.3699394257172295,
    "train_acc": 0.5073569373401534,
    "test_loss": 1.4087293148040771,
    "test_acc": 0.4975
  },
  {
    "epoch": 275,
    "k": 1,
    "seed": 46,
    "train_loss": 1.3684144074959523,
    "train_acc": 0.5086796675191816,
    "test_loss": 1.4091191291809082,
    "test_acc": 0.4986
  },
  {
    "epoch": 276,
    "k": 1,
    "seed": 46,
    "train_loss": 1.3681286375236024,
    "train_acc": 0.5085917519181585,
    "test_loss": 1.4074605703353882,
    "test_acc": 0.4986
  },
  {
    "epoch": 277,
    "k": 1,
    "seed": 46,
    "train_loss": 1.3675116492659234,
    "train_acc": 0.5087436061381074,
    "test_loss": 1.4075589179992676,
    "test_acc": 0.4952
  },
  {
    "epoch": 278,
    "k": 1,
    "seed": 46,
    "train_loss": 1.3673337454076313,
    "train_acc": 0.5077006074168798,
    "test_loss": 1.4062981605529785,
    "test_acc": 0.4961
  },
  {
    "epoch": 279,
    "k": 1,
    "seed": 46,
    "train_loss": 1.3670488504497595,
    "train_acc": 0.5101222826086956,
    "test_loss": 1.4070143699645996,
    "test_acc": 0.4975
  },
  {
    "epoch": 280,
    "k": 1,
    "seed": 46,
    "train_loss": 1.3674712235970266,
    "train_acc": 0.5095068734015346,
    "test_loss": 1.4077061414718628,
    "test_acc": 0.5003
  },
  {
    "epoch": 281,
    "k": 1,
    "seed": 46,
    "train_loss": 1.3650463212786428,
    "train_acc": 0.5096227621483376,
    "test_loss": 1.4074019193649292,
    "test_acc": 0.501
  },
  {
    "epoch": 282,
    "k": 1,
    "seed": 46,
    "train_loss": 1.3656901368094831,
    "train_acc": 0.5097985933503837,
    "test_loss": 1.4036617279052734,
    "test_acc": 0.5023
  },
  {
    "epoch": 283,
    "k": 1,
    "seed": 46,
    "train_loss": 1.3646813323125815,
    "train_acc": 0.5103380754475704,
    "test_loss": 1.4054025411605835,
    "test_acc": 0.5012
  },
  {
    "epoch": 284,
    "k": 1,
    "seed": 46,
    "train_loss": 1.363374760083835,
    "train_acc": 0.5122082800511509,
    "test_loss": 1.404593825340271,
    "test_acc": 0.4992
  },
  {
    "epoch": 285,
    "k": 1,
    "seed": 46,
    "train_loss": 1.3648209096220754,
    "train_acc": 0.5094389386189259,
    "test_loss": 1.4039474725723267,
    "test_acc": 0.5023
  },
  {
    "epoch": 286,
    "k": 1,
    "seed": 46,
    "train_loss": 1.3631300377418927,
    "train_acc": 0.5104699488491049,
    "test_loss": 1.40284264087677,
    "test_acc": 0.5022
  },
  {
    "epoch": 287,
    "k": 1,
    "seed": 46,
    "train_loss": 1.3628538136591997,
    "train_acc": 0.51252797314578,
    "test_loss": 1.4026708602905273,
    "test_acc": 0.5007
  },
  {
    "epoch": 288,
    "k": 1,
    "seed": 46,
    "train_loss": 1.364278757968522,
    "train_acc": 0.5098785166240409,
    "test_loss": 1.4018659591674805,
    "test_acc": 0.4998
  },
  {
    "epoch": 289,
    "k": 1,
    "seed": 46,
    "train_loss": 1.3627217291566112,
    "train_acc": 0.5111972506393863,
    "test_loss": 1.4026191234588623,
    "test_acc": 0.4986
  },
  {
    "epoch": 290,
    "k": 1,
    "seed": 46,
    "train_loss": 1.3609054472745228,
    "train_acc": 0.5111013427109974,
    "test_loss": 1.4033687114715576,
    "test_acc": 0.4988
  },
  {
    "epoch": 291,
    "k": 1,
    "seed": 46,
    "train_loss": 1.3606524580275006,
    "train_acc": 0.5108575767263427,
    "test_loss": 1.4013577699661255,
    "test_acc": 0.5022
  },
  {
    "epoch": 292,
    "k": 1,
    "seed": 46,
    "train_loss": 1.3601313073311925,
    "train_acc": 0.5125239769820972,
    "test_loss": 1.4011303186416626,
    "test_acc": 0.5003
  },
  {
    "epoch": 293,
    "k": 1,
    "seed": 46,
    "train_loss": 1.3598312069387997,
    "train_acc": 0.5129595588235294,
    "test_loss": 1.400620937347412,
    "test_acc": 0.5004
  },
  {
    "epoch": 294,
    "k": 1,
    "seed": 46,
    "train_loss": 1.3601349269032783,
    "train_acc": 0.5118885869565217,
    "test_loss": 1.4013869762420654,
    "test_acc": 0.5014
  },
  {
    "epoch": 295,
    "k": 1,
    "seed": 46,
    "train_loss": 1.3580527079989537,
    "train_acc": 0.5123721227621484,
    "test_loss": 1.399370789527893,
    "test_acc": 0.5027
  },
  {
    "epoch": 296,
    "k": 1,
    "seed": 46,
    "train_loss": 1.359282677740697,
    "train_acc": 0.5127837276214834,
    "test_loss": 1.3981866836547852,
    "test_acc": 0.5
  },
  {
    "epoch": 297,
    "k": 1,
    "seed": 46,
    "train_loss": 1.3583820924124754,
    "train_acc": 0.5118286445012787,
    "test_loss": 1.398918867111206,
    "test_acc": 0.499
  },
  {
    "epoch": 298,
    "k": 1,
    "seed": 46,
    "train_loss": 1.357303809936699,
    "train_acc": 0.5147418478260869,
    "test_loss": 1.3979653120040894,
    "test_acc": 0.502
  },
  {
    "epoch": 299,
    "k": 1,
    "seed": 46,
    "train_loss": 1.3580943949692084,
    "train_acc": 0.5126278772378516,
    "test_loss": 1.398608922958374,
    "test_acc": 0.4994
  },
  {
    "epoch": 300,
    "k": 1,
    "seed": 46,
    "train_loss": 1.356583491310744,
    "train_acc": 0.5133591751918158,
    "test_loss": 1.3978192806243896,
    "test_acc": 0.5035
  },
  {
    "epoch": 301,
    "k": 1,
    "seed": 46,
    "train_loss": 1.356104867537613,
    "train_acc": 0.512236253196931,
    "test_loss": 1.3977859020233154,
    "test_acc": 0.5014
  },
  {
    "epoch": 302,
    "k": 1,
    "seed": 46,
    "train_loss": 1.3559879357247706,
    "train_acc": 0.5118606138107417,
    "test_loss": 1.3959922790527344,
    "test_acc": 0.5017
  },
  {
    "epoch": 303,
    "k": 1,
    "seed": 46,
    "train_loss": 1.355648362118265,
    "train_acc": 0.5127317774936061,
    "test_loss": 1.4000331163406372,
    "test_acc": 0.4998
  },
  {
    "epoch": 304,
    "k": 1,
    "seed": 46,
    "train_loss": 1.3556459934815117,
    "train_acc": 0.5140744884910486,
    "test_loss": 1.395996332168579,
    "test_acc": 0.501
  },
  {
    "epoch": 305,
    "k": 1,
    "seed": 46,
    "train_loss": 1.3548297534513352,
    "train_acc": 0.5132872442455243,
    "test_loss": 1.3953198194503784,
    "test_acc": 0.5015
  },
  {
    "epoch": 306,
    "k": 1,
    "seed": 46,
    "train_loss": 1.3538969306994582,
    "train_acc": 0.515153452685422,
    "test_loss": 1.3956550359725952,
    "test_acc": 0.5007
  },
  {
    "epoch": 307,
    "k": 1,
    "seed": 46,
    "train_loss": 1.35305327893523,
    "train_acc": 0.5146259590792839,
    "test_loss": 1.3964242935180664,
    "test_acc": 0.5039
  },
  {
    "epoch": 308,
    "k": 1,
    "seed": 46,
    "train_loss": 1.3540080169887494,
    "train_acc": 0.514446131713555,
    "test_loss": 1.3967448472976685,
    "test_acc": 0.5028
  },
  {
    "epoch": 309,
    "k": 1,
    "seed": 46,
    "train_loss": 1.3516410278237385,
    "train_acc": 0.5148857097186701,
    "test_loss": 1.3944034576416016,
    "test_acc": 0.5001
  },
  {
    "epoch": 310,
    "k": 1,
    "seed": 46,
    "train_loss": 1.3510710717467092,
    "train_acc": 0.515509111253197,
    "test_loss": 1.3919999599456787,
    "test_acc": 0.504
  },
  {
    "epoch": 311,
    "k": 1,
    "seed": 46,
    "train_loss": 1.3512530698800636,
    "train_acc": 0.5155450767263428,
    "test_loss": 1.3941221237182617,
    "test_acc": 0.5018
  },
  {
    "epoch": 312,
    "k": 1,
    "seed": 46,
    "train_loss": 1.3515681924722385,
    "train_acc": 0.5155290920716112,
    "test_loss": 1.3915855884552002,
    "test_acc": 0.504
  },
  {
    "epoch": 313,
    "k": 1,
    "seed": 46,
    "train_loss": 1.3516805928076625,
    "train_acc": 0.5154012148337596,
    "test_loss": 1.3923496007919312,
    "test_acc": 0.5023
  },
  {
    "epoch": 314,
    "k": 1,
    "seed": 46,
    "train_loss": 1.3506404152306755,
    "train_acc": 0.516156489769821,
    "test_loss": 1.3914403915405273,
    "test_acc": 0.5037
  },
  {
    "epoch": 315,
    "k": 1,
    "seed": 46,
    "train_loss": 1.3503085731545372,
    "train_acc": 0.51400655370844,
    "test_loss": 1.3897967338562012,
    "test_acc": 0.5042
  },
  {
    "epoch": 316,
    "k": 1,
    "seed": 46,
    "train_loss": 1.3485206499733888,
    "train_acc": 0.5162124360613811,
    "test_loss": 1.3920830488204956,
    "test_acc": 0.5057
  },
  {
    "epoch": 317,
    "k": 1,
    "seed": 46,
    "train_loss": 1.3493274194200326,
    "train_acc": 0.5158407928388746,
    "test_loss": 1.3907108306884766,
    "test_acc": 0.5044
  },
  {
    "epoch": 318,
    "k": 1,
    "seed": 46,
    "train_loss": 1.347614050216382,
    "train_acc": 0.515153452685422,
    "test_loss": 1.3917169570922852,
    "test_acc": 0.5014
  },
  {
    "epoch": 319,
    "k": 1,
    "seed": 46,
    "train_loss": 1.349056122553013,
    "train_acc": 0.5164402173913043,
    "test_loss": 1.388567566871643,
    "test_acc": 0.5029
  },
  {
    "epoch": 320,
    "k": 1,
    "seed": 46,
    "train_loss": 1.3489156156549673,
    "train_acc": 0.5164921675191816,
    "test_loss": 1.389391303062439,
    "test_acc": 0.5032
  },
  {
    "epoch": 321,
    "k": 1,
    "seed": 46,
    "train_loss": 1.3495589866662574,
    "train_acc": 0.5154411764705882,
    "test_loss": 1.3892474174499512,
    "test_acc": 0.5075
  },
  {
    "epoch": 322,
    "k": 1,
    "seed": 46,
    "train_loss": 1.3472070337256508,
    "train_acc": 0.5168598145780051,
    "test_loss": 1.3930124044418335,
    "test_acc": 0.502
  },
  {
    "epoch": 323,
    "k": 1,
    "seed": 46,
    "train_loss": 1.3461754062901372,
    "train_acc": 0.5163483056265985,
    "test_loss": 1.3874508142471313,
    "test_acc": 0.5034
  },
  {
    "epoch": 324,
    "k": 1,
    "seed": 46,
    "train_loss": 1.3461482201695747,
    "train_acc": 0.5141584079283887,
    "test_loss": 1.3884819746017456,
    "test_acc": 0.5045
  },
  {
    "epoch": 325,
    "k": 1,
    "seed": 46,
    "train_loss": 1.3460050473737595,
    "train_acc": 0.5170835997442456,
    "test_loss": 1.386020541191101,
    "test_acc": 0.5086
  },
  {
    "epoch": 326,
    "k": 1,
    "seed": 46,
    "train_loss": 1.3462321050941486,
    "train_acc": 0.5169996803069054,
    "test_loss": 1.38628351688385,
    "test_acc": 0.5075
  },
  {
    "epoch": 327,
    "k": 1,
    "seed": 46,
    "train_loss": 1.3455983683886126,
    "train_acc": 0.5166400255754475,
    "test_loss": 1.385482907295227,
    "test_acc": 0.505
  },
  {
    "epoch": 328,
    "k": 1,
    "seed": 46,
    "train_loss": 1.3438506239210553,
    "train_acc": 0.51724344629156,
    "test_loss": 1.385966181755066,
    "test_acc": 0.5094
  },
  {
    "epoch": 329,
    "k": 1,
    "seed": 46,
    "train_loss": 1.344400983332368,
    "train_acc": 0.516983695652174,
    "test_loss": 1.3852821588516235,
    "test_acc": 0.507
  },
  {
    "epoch": 330,
    "k": 1,
    "seed": 46,
    "train_loss": 1.3440254002885745,
    "train_acc": 0.5185661764705882,
    "test_loss": 1.3863478899002075,
    "test_acc": 0.507
  },
  {
    "epoch": 331,
    "k": 1,
    "seed": 46,
    "train_loss": 1.3431930212718446,
    "train_acc": 0.5180826406649617,
    "test_loss": 1.384769082069397,
    "test_acc": 0.5066
  },
  {
    "epoch": 332,
    "k": 1,
    "seed": 46,
    "train_loss": 1.3430400638629103,
    "train_acc": 0.517335358056266,
    "test_loss": 1.3837400674819946,
    "test_acc": 0.5089
  },
  {
    "epoch": 333,
    "k": 1,
    "seed": 46,
    "train_loss": 1.3424501306260639,
    "train_acc": 0.518542199488491,
    "test_loss": 1.3837618827819824,
    "test_acc": 0.5068
  },
  {
    "epoch": 334,
    "k": 1,
    "seed": 46,
    "train_loss": 1.3425373750574447,
    "train_acc": 0.5177429667519181,
    "test_loss": 1.3828539848327637,
    "test_acc": 0.5062
  },
  {
    "epoch": 335,
    "k": 1,
    "seed": 46,
    "train_loss": 1.3431989402722215,
    "train_acc": 0.5166959718670077,
    "test_loss": 1.3826547861099243,
    "test_acc": 0.5083
  },
  {
    "epoch": 336,
    "k": 1,
    "seed": 46,
    "train_loss": 1.3420582046289273,
    "train_acc": 0.519900895140665,
    "test_loss": 1.3845304250717163,
    "test_acc": 0.5084
  },
  {
    "epoch": 337,
    "k": 1,
    "seed": 46,
    "train_loss": 1.3404557031133901,
    "train_acc": 0.5203045076726343,
    "test_loss": 1.3833891153335571,
    "test_acc": 0.5096
  },
  {
    "epoch": 338,
    "k": 1,
    "seed": 46,
    "train_loss": 1.341337470447316,
    "train_acc": 0.5180266943734015,
    "test_loss": 1.3843202590942383,
    "test_acc": 0.5059
  },
  {
    "epoch": 339,
    "k": 1,
    "seed": 46,
    "train_loss": 1.3407310418155798,
    "train_acc": 0.5194852941176471,
    "test_loss": 1.3824903964996338,
    "test_acc": 0.5077
  },
  {
    "epoch": 340,
    "k": 1,
    "seed": 46,
    "train_loss": 1.3406892088063234,
    "train_acc": 0.5211956521739131,
    "test_loss": 1.3838162422180176,
    "test_acc": 0.5083
  },
  {
    "epoch": 341,
    "k": 1,
    "seed": 46,
    "train_loss": 1.3404433809582839,
    "train_acc": 0.520076726342711,
    "test_loss": 1.3830337524414062,
    "test_acc": 0.5086
  },
  {
    "epoch": 342,
    "k": 1,
    "seed": 46,
    "train_loss": 1.3393981670174757,
    "train_acc": 0.519693094629156,
    "test_loss": 1.3837382793426514,
    "test_acc": 0.5068
  },
  {
    "epoch": 343,
    "k": 1,
    "seed": 46,
    "train_loss": 1.3391368825112462,
    "train_acc": 0.519988810741688,
    "test_loss": 1.3827253580093384,
    "test_acc": 0.5083
  },
  {
    "epoch": 344,
    "k": 1,
    "seed": 46,
    "train_loss": 1.3371784726677038,
    "train_acc": 0.5205402813299232,
    "test_loss": 1.382736086845398,
    "test_acc": 0.5094
  },
  {
    "epoch": 345,
    "k": 1,
    "seed": 46,
    "train_loss": 1.3394760756236512,
    "train_acc": 0.5198569373401535,
    "test_loss": 1.3795385360717773,
    "test_acc": 0.5082
  },
  {
    "epoch": 346,
    "k": 1,
    "seed": 46,
    "train_loss": 1.3376387205270246,
    "train_acc": 0.5201806265984654,
    "test_loss": 1.3791378736495972,
    "test_acc": 0.5094
  },
  {
    "epoch": 347,
    "k": 1,
    "seed": 46,
    "train_loss": 1.336677224434855,
    "train_acc": 0.5195572250639386,
    "test_loss": 1.3811936378479004,
    "test_acc": 0.5052
  },
  {
    "epoch": 348,
    "k": 1,
    "seed": 46,
    "train_loss": 1.33833903516345,
    "train_acc": 0.5204124040920716,
    "test_loss": 1.3817386627197266,
    "test_acc": 0.5068
  },
  {
    "epoch": 349,
    "k": 1,
    "seed": 46,
    "train_loss": 1.3377119717390642,
    "train_acc": 0.5215632992327366,
    "test_loss": 1.3798723220825195,
    "test_acc": 0.5094
  },
  {
    "epoch": 350,
    "k": 1,
    "seed": 46,
    "train_loss": 1.337296806028127,
    "train_acc": 0.5201446611253198,
    "test_loss": 1.3809152841567993,
    "test_acc": 0.5078
  },
  {
    "epoch": 351,
    "k": 1,
    "seed": 46,
    "train_loss": 1.3362240709002366,
    "train_acc": 0.5210278132992328,
    "test_loss": 1.3788936138153076,
    "test_acc": 0.5079
  },
  {
    "epoch": 352,
    "k": 1,
    "seed": 46,
    "train_loss": 1.3356535148132793,
    "train_acc": 0.5201886189258312,
    "test_loss": 1.3801466226577759,
    "test_acc": 0.5084
  },
  {
    "epoch": 353,
    "k": 1,
    "seed": 46,
    "train_loss": 1.3347153660586424,
    "train_acc": 0.5206281969309463,
    "test_loss": 1.3786206245422363,
    "test_acc": 0.5087
  },
  {
    "epoch": 354,
    "k": 1,
    "seed": 46,
    "train_loss": 1.3345754680121342,
    "train_acc": 0.5211357097186701,
    "test_loss": 1.3809733390808105,
    "test_acc": 0.5105
  },
  {
    "epoch": 355,
    "k": 1,
    "seed": 46,
    "train_loss": 1.3352397597964158,
    "train_acc": 0.5225143861892583,
    "test_loss": 1.3778835535049438,
    "test_acc": 0.5083
  },
  {
    "epoch": 356,
    "k": 1,
    "seed": 46,
    "train_loss": 1.3364087315776465,
    "train_acc": 0.5217111572890025,
    "test_loss": 1.377683401107788,
    "test_acc": 0.5125
  },
  {
    "epoch": 357,
    "k": 1,
    "seed": 46,
    "train_loss": 1.3344496384910915,
    "train_acc": 0.5217111572890025,
    "test_loss": 1.3809247016906738,
    "test_acc": 0.5078
  },
  {
    "epoch": 358,
    "k": 1,
    "seed": 46,
    "train_loss": 1.3328194224925907,
    "train_acc": 0.5221747122762148,
    "test_loss": 1.3778812885284424,
    "test_acc": 0.5095
  },
  {
    "epoch": 359,
    "k": 1,
    "seed": 46,
    "train_loss": 1.3328926651679036,
    "train_acc": 0.522022858056266,
    "test_loss": 1.377305030822754,
    "test_acc": 0.5096
  },
  {
    "epoch": 360,
    "k": 1,
    "seed": 46,
    "train_loss": 1.3337626945027306,
    "train_acc": 0.5221027813299233,
    "test_loss": 1.3779873847961426,
    "test_acc": 0.5102
  },
  {
    "epoch": 361,
    "k": 1,
    "seed": 46,
    "train_loss": 1.333199013224648,
    "train_acc": 0.5229339833759591,
    "test_loss": 1.3770478963851929,
    "test_acc": 0.5093
  },
  {
    "epoch": 362,
    "k": 1,
    "seed": 46,
    "train_loss": 1.3333457473598782,
    "train_acc": 0.5211796675191815,
    "test_loss": 1.3774070739746094,
    "test_acc": 0.5087
  },
  {
    "epoch": 363,
    "k": 1,
    "seed": 46,
    "train_loss": 1.332184265336722,
    "train_acc": 0.5224184782608695,
    "test_loss": 1.378958821296692,
    "test_acc": 0.5099
  },
  {
    "epoch": 364,
    "k": 1,
    "seed": 46,
    "train_loss": 1.3325444508696456,
    "train_acc": 0.5214833759590793,
    "test_loss": 1.3803200721740723,
    "test_acc": 0.5103
  },
  {
    "epoch": 365,
    "k": 1,
    "seed": 46,
    "train_loss": 1.3321596588320135,
    "train_acc": 0.5248041879795396,
    "test_loss": 1.3778479099273682,
    "test_acc": 0.5105
  },
  {
    "epoch": 366,
    "k": 1,
    "seed": 46,
    "train_loss": 1.3336646925762792,
    "train_acc": 0.5218030690537084,
    "test_loss": 1.3772051334381104,
    "test_acc": 0.5098
  },
  {
    "epoch": 367,
    "k": 1,
    "seed": 46,
    "train_loss": 1.3295460049148715,
    "train_acc": 0.5232217071611254,
    "test_loss": 1.3769179582595825,
    "test_acc": 0.5084
  },
  {
    "epoch": 368,
    "k": 1,
    "seed": 46,
    "train_loss": 1.331433367241374,
    "train_acc": 0.5222106777493606,
    "test_loss": 1.3770452737808228,
    "test_acc": 0.5084
  },
  {
    "epoch": 369,
    "k": 1,
    "seed": 46,
    "train_loss": 1.3311096771293893,
    "train_acc": 0.5241008631713555,
    "test_loss": 1.3775604963302612,
    "test_acc": 0.5092
  },
  {
    "epoch": 370,
    "k": 1,
    "seed": 46,
    "train_loss": 1.3298581362990163,
    "train_acc": 0.5224824168797955,
    "test_loss": 1.376357078552246,
    "test_acc": 0.5135
  },
  {
    "epoch": 371,
    "k": 1,
    "seed": 46,
    "train_loss": 1.3281700775751373,
    "train_acc": 0.5251878196930946,
    "test_loss": 1.3776081800460815,
    "test_acc": 0.5101
  },
  {
    "epoch": 372,
    "k": 1,
    "seed": 46,
    "train_loss": 1.328104798751109,
    "train_acc": 0.5233735613810742,
    "test_loss": 1.3771445751190186,
    "test_acc": 0.5091
  },
  {
    "epoch": 373,
    "k": 1,
    "seed": 46,
    "train_loss": 1.3275423138342854,
    "train_acc": 0.5242447250639386,
    "test_loss": 1.380356788635254,
    "test_acc": 0.5096
  },
  {
    "epoch": 374,
    "k": 1,
    "seed": 46,
    "train_loss": 1.3275026988495342,
    "train_acc": 0.5240768861892583,
    "test_loss": 1.3779488801956177,
    "test_acc": 0.5118
  },
  {
    "epoch": 375,
    "k": 1,
    "seed": 46,
    "train_loss": 1.3294662487171496,
    "train_acc": 0.523025895140665,
    "test_loss": 1.3758381605148315,
    "test_acc": 0.5097
  },
  {
    "epoch": 376,
    "k": 1,
    "seed": 46,
    "train_loss": 1.3267395331731537,
    "train_acc": 0.5248561381074168,
    "test_loss": 1.3756946325302124,
    "test_acc": 0.5082
  },
  {
    "epoch": 377,
    "k": 1,
    "seed": 46,
    "train_loss": 1.3269581218509723,
    "train_acc": 0.5243006713554987,
    "test_loss": 1.3767688274383545,
    "test_acc": 0.5084
  },
  {
    "epoch": 378,
    "k": 1,
    "seed": 46,
    "train_loss": 1.326585272693878,
    "train_acc": 0.524500479539642,
    "test_loss": 1.37740957736969,
    "test_acc": 0.5088
  },
  {
    "epoch": 379,
    "k": 1,
    "seed": 46,
    "train_loss": 1.32753454998631,
    "train_acc": 0.5234934462915601,
    "test_loss": 1.3744298219680786,
    "test_acc": 0.5102
  },
  {
    "epoch": 380,
    "k": 1,
    "seed": 46,
    "train_loss": 1.3281879412853503,
    "train_acc": 0.5234614769820972,
    "test_loss": 1.3752634525299072,
    "test_acc": 0.5102
  },
  {
    "epoch": 381,
    "k": 1,
    "seed": 46,
    "train_loss": 1.3269655731937768,
    "train_acc": 0.5256114130434782,
    "test_loss": 1.3752968311309814,
    "test_acc": 0.5083
  },
  {
    "epoch": 382,
    "k": 1,
    "seed": 46,
    "train_loss": 1.3248676564687354,
    "train_acc": 0.5255514705882353,
    "test_loss": 1.3771363496780396,
    "test_acc": 0.5075
  },
  {
    "epoch": 383,
    "k": 1,
    "seed": 46,
    "train_loss": 1.3252809675758148,
    "train_acc": 0.5240968670076727,
    "test_loss": 1.373518705368042,
    "test_acc": 0.5098
  },
  {
    "epoch": 384,
    "k": 1,
    "seed": 46,
    "train_loss": 1.3262323906354587,
    "train_acc": 0.5253236892583121,
    "test_loss": 1.3772056102752686,
    "test_acc": 0.5045
  },
  {
    "epoch": 385,
    "k": 1,
    "seed": 46,
    "train_loss": 1.325630288294819,
    "train_acc": 0.524468510230179,
    "test_loss": 1.3761718273162842,
    "test_acc": 0.5091
  },
  {
    "epoch": 386,
    "k": 1,
    "seed": 46,
    "train_loss": 1.3257303448284374,
    "train_acc": 0.5251678388746803,
    "test_loss": 1.373958706855774,
    "test_acc": 0.5119
  },
  {
    "epoch": 387,
    "k": 1,
    "seed": 46,
    "train_loss": 1.3228462589976122,
    "train_acc": 0.5254755434782609,
    "test_loss": 1.376529574394226,
    "test_acc": 0.509
  },
  {
    "epoch": 388,
    "k": 1,
    "seed": 46,
    "train_loss": 1.3243789151501473,
    "train_acc": 0.5261868606138107,
    "test_loss": 1.374389410018921,
    "test_acc": 0.5085
  },
  {
    "epoch": 389,
    "k": 1,
    "seed": 46,
    "train_loss": 1.3247416333469284,
    "train_acc": 0.5244804987212276,
    "test_loss": 1.3743289709091187,
    "test_acc": 0.5106
  },
  {
    "epoch": 390,
    "k": 1,
    "seed": 46,
    "train_loss": 1.3232105238663265,
    "train_acc": 0.5271978900255755,
    "test_loss": 1.3738874197006226,
    "test_acc": 0.5104
  },
  {
    "epoch": 391,
    "k": 1,
    "seed": 46,
    "train_loss": 1.3229409316006828,
    "train_acc": 0.5258591751918159,
    "test_loss": 1.372739315032959,
    "test_acc": 0.5121
  },
  {
    "epoch": 392,
    "k": 1,
    "seed": 46,
    "train_loss": 1.323131231700673,
    "train_acc": 0.5256353900255755,
    "test_loss": 1.3736428022384644,
    "test_acc": 0.5087
  },
  {
    "epoch": 393,
    "k": 1,
    "seed": 46,
    "train_loss": 1.323269205629978,
    "train_acc": 0.5260749680306905,
    "test_loss": 1.3775347471237183,
    "test_acc": 0.508
  },
  {
    "epoch": 394,
    "k": 1,
    "seed": 46,
    "train_loss": 1.3238859152245095,
    "train_acc": 0.526594469309463,
    "test_loss": 1.374482274055481,
    "test_acc": 0.5105
  },
  {
    "epoch": 395,
    "k": 1,
    "seed": 46,
    "train_loss": 1.3213560413521575,
    "train_acc": 0.5265465153452685,
    "test_loss": 1.3744747638702393,
    "test_acc": 0.5114
  }
]