[
  {
    "epoch": 1,
    "k": 53,
    "seed": 95,
    "train_loss": 1.3543179911725662,
    "train_acc": 0.49885709718670074,
    "test_loss": 1.1224110126495361,
    "test_acc": 0.5944
  },
  {
    "epoch": 2,
    "k": 53,
    "seed": 95,
    "train_loss": 0.8686702562415082,
    "train_acc": 0.6893941815856778,
    "test_loss": 0.9165595769882202,
    "test_acc": 0.6812
  },
  {
    "epoch": 3,
    "k": 53,
    "seed": 95,
    "train_loss": 0.6215082573921175,
    "train_acc": 0.7813898657289002,
    "test_loss": 0.8644956350326538,
    "test_acc": 0.7109
  },
  {
    "epoch": 4,
    "k": 53,
    "seed": 95,
    "train_loss": 0.42503505762275834,
    "train_acc": 0.8504715473145781,
    "test_loss": 0.8701704144477844,
    "test_acc": 0.7232
  },
  {
    "epoch": 5,
    "k": 53,
    "seed": 95,
    "train_loss": 0.26433602339395174,
    "train_acc": 0.9073769181585678,
    "test_loss": 0.969764232635498,
    "test_acc": 0.7266
  },
  {
    "epoch": 6,
    "k": 53,
    "seed": 95,
    "train_loss": 0.1588969612232102,
    "train_acc": 0.9436460997442455,
    "test_loss": 1.256060004234314,
    "test_acc": 0.7086
  },
  {
    "epoch": 7,
    "k": 53,
    "seed": 95,
    "train_loss": 0.11998875636388273,
    "train_acc": 0.9575247762148337,
    "test_loss": 1.4982362985610962,
    "test_acc": 0.6967
  },
  {
    "epoch": 8,
    "k": 53,
    "seed": 95,
    "train_loss": 0.08609799657712507,
    "train_acc": 0.9708839514066496,
    "test_loss": 1.3504589796066284,
    "test_acc": 0.7207
  },
  {
    "epoch": 9,
    "k": 53,
    "seed": 95,
    "train_loss": 0.08989528324121557,
    "train_acc": 0.9676550511508951,
    "test_loss": 1.2612783908843994,
    "test_acc": 0.7449
  },
  {
    "epoch": 10,
    "k": 53,
    "seed": 95,
    "train_loss": 0.0774604694612915,
    "train_acc": 0.9735014386189259,
    "test_loss": 1.3188503980636597,
    "test_acc": 0.7341
  },
  {
    "epoch": 11,
    "k": 53,
    "seed": 95,
    "train_loss": 0.06758313324264324,
    "train_acc": 0.9759630754475703,
    "test_loss": 1.4398504495620728,
    "test_acc": 0.7346
  },
  {
    "epoch": 12,
    "k": 53,
    "seed": 95,
    "train_loss": 0.06741002894213895,
    "train_acc": 0.9767303388746803,
    "test_loss": 1.491327166557312,
    "test_acc": 0.7263
  },
  {
    "epoch": 13,
    "k": 53,
    "seed": 95,
    "train_loss": 0.05339076406443897,
    "train_acc": 0.9816216432225063,
    "test_loss": 1.3382707834243774,
    "test_acc": 0.75
  },
  {
    "epoch": 14,
    "k": 53,
    "seed": 95,
    "train_loss": 0.05158502258874876,
    "train_acc": 0.982193094629156,
    "test_loss": 1.3557168245315552,
    "test_acc": 0.7516
  },
  {
    "epoch": 15,
    "k": 53,
    "seed": 95,
    "train_loss": 0.061699215360843315,
    "train_acc": 0.978596547314578,
    "test_loss": 1.3856083154678345,
    "test_acc": 0.7375
  },
  {
    "epoch": 16,
    "k": 53,
    "seed": 95,
    "train_loss": 0.04311817028747914,
    "train_acc": 0.9851182864450128,
    "test_loss": 1.6749001741409302,
    "test_acc": 0.7243
  },
  {
    "epoch": 17,
    "k": 53,
    "seed": 95,
    "train_loss": 0.05170436722495596,
    "train_acc": 0.9820052749360614,
    "test_loss": 1.5085344314575195,
    "test_acc": 0.7353
  },
  {
    "epoch": 18,
    "k": 53,
    "seed": 95,
    "train_loss": 0.0495533458102504,
    "train_acc": 0.9830362851662404,
    "test_loss": 1.3239790201187134,
    "test_acc": 0.7576
  },
  {
    "epoch": 19,
    "k": 53,
    "seed": 95,
    "train_loss": 0.042826028842040724,
    "train_acc": 0.9853740409207161,
    "test_loss": 1.353244662284851,
    "test_acc": 0.7598
  },
  {
    "epoch": 20,
    "k": 53,
    "seed": 95,
    "train_loss": 0.03767635996939967,
    "train_acc": 0.9870404411764706,
    "test_loss": 1.491336464881897,
    "test_acc": 0.7459
  },
  {
    "epoch": 21,
    "k": 53,
    "seed": 95,
    "train_loss": 0.047368011935768874,
    "train_acc": 0.9842511189258313,
    "test_loss": 1.4842840433120728,
    "test_acc": 0.7421
  },
  {
    "epoch": 22,
    "k": 53,
    "seed": 95,
    "train_loss": 0.037497566259332725,
    "train_acc": 0.9871523337595908,
    "test_loss": 1.4933570623397827,
    "test_acc": 0.7505
  },
  {
    "epoch": 23,
    "k": 53,
    "seed": 95,
    "train_loss": 0.03702464899318555,
    "train_acc": 0.9874000959079284,
    "test_loss": 1.6029751300811768,
    "test_acc": 0.7426
  },
  {
    "epoch": 24,
    "k": 53,
    "seed": 95,
    "train_loss": 0.03909802423073146,
    "train_acc": 0.9863890664961638,
    "test_loss": 1.3800967931747437,
    "test_acc": 0.7547
  },
  {
    "epoch": 25,
    "k": 53,
    "seed": 95,
    "train_loss": 0.03396059793647607,
    "train_acc": 0.9881114130434783,
    "test_loss": 1.3075543642044067,
    "test_acc": 0.774
  },
  {
    "epoch": 26,
    "k": 53,
    "seed": 95,
    "train_loss": 0.03612683292450335,
    "train_acc": 0.9874000959079284,
    "test_loss": 1.5407384634017944,
    "test_acc": 0.7552
  },
  {
    "epoch": 27,
    "k": 53,
    "seed": 95,
    "train_loss": 0.02970783837625514,
    "train_acc": 0.9897378516624041,
    "test_loss": 1.5093415975570679,
    "test_acc": 0.7579
  },
  {
    "epoch": 28,
    "k": 53,
    "seed": 95,
    "train_loss": 0.035190035080503855,
    "train_acc": 0.9885589833759592,
    "test_loss": 1.605628490447998,
    "test_acc": 0.7482
  },
  {
    "epoch": 29,
    "k": 53,
    "seed": 95,
    "train_loss": 0.040852872469305246,
    "train_acc": 0.9860414002557545,
    "test_loss": 1.5359790325164795,
    "test_acc": 0.7553
  },
  {
    "epoch": 30,
    "k": 53,
    "seed": 95,
    "train_loss": 0.02946249316351207,
    "train_acc": 0.9899896099744245,
    "test_loss": 1.4339903593063354,
    "test_acc": 0.7609
  },
  {
    "epoch": 31,
    "k": 53,
    "seed": 95,
    "train_loss": 0.02935330103249158,
    "train_acc": 0.98991368286445,
    "test_loss": 1.4337618350982666,
    "test_acc": 0.7609
  },
  {
    "epoch": 32,
    "k": 53,
    "seed": 95,
    "train_loss": 0.03028938477433732,
    "train_acc": 0.9895859974424553,
    "test_loss": 1.484292984008789,
    "test_acc": 0.7512
  },
  {
    "epoch": 33,
    "k": 53,
    "seed": 95,
    "train_loss": 0.025822572010394205,
    "train_acc": 0.9913163363171356,
    "test_loss": 1.6087907552719116,
    "test_acc": 0.7507
  },
  {
    "epoch": 34,
    "k": 53,
    "seed": 95,
    "train_loss": 0.026471578191978918,
    "train_acc": 0.991156489769821,
    "test_loss": 1.4376013278961182,
    "test_acc": 0.7704
  },
  {
    "epoch": 35,
    "k": 53,
    "seed": 95,
    "train_loss": 0.030839049181117274,
    "train_acc": 0.9898857097186702,
    "test_loss": 1.4315639734268188,
    "test_acc": 0.7626
  },
  {
    "epoch": 36,
    "k": 53,
    "seed": 95,
    "train_loss": 0.025627435303514686,
    "train_acc": 0.9912364130434783,
    "test_loss": 1.4208511114120483,
    "test_acc": 0.7709
  },
  {
    "epoch": 37,
    "k": 53,
    "seed": 95,
    "train_loss": 0.02792602411710688,
    "train_acc": 0.990509111253197,
    "test_loss": 1.4137320518493652,
    "test_acc": 0.7648
  },
  {
    "epoch": 38,
    "k": 53,
    "seed": 95,
    "train_loss": 0.022683567437760132,
    "train_acc": 0.9920036764705883,
    "test_loss": 1.558350682258606,
    "test_acc": 0.7641
  },
  {
    "epoch": 39,
    "k": 53,
    "seed": 95,
    "train_loss": 0.030394791597750544,
    "train_acc": 0.9892583120204604,
    "test_loss": 1.3357561826705933,
    "test_acc": 0.7758
  },
  {
    "epoch": 40,
    "k": 53,
    "seed": 95,
    "train_loss": 0.021329190942262002,
    "train_acc": 0.9928668478260869,
    "test_loss": 1.4062927961349487,
    "test_acc": 0.7802
  },
  {
    "epoch": 41,
    "k": 53,
    "seed": 95,
    "train_loss": 0.01862617777294272,
    "train_acc": 0.9937260230179028,
    "test_loss": 1.903374195098877,
    "test_acc": 0.7436
  },
  {
    "epoch": 42,
    "k": 53,
    "seed": 95,
    "train_loss": 0.030339748166767103,
    "train_acc": 0.9898097826086957,
    "test_loss": 1.4543565511703491,
    "test_acc": 0.7781
  },
  {
    "epoch": 43,
    "k": 53,
    "seed": 95,
    "train_loss": 0.019594619532733264,
    "train_acc": 0.9932664641943734,
    "test_loss": 1.457198977470398,
    "test_acc": 0.782
  },
  {
    "epoch": 44,
    "k": 53,
    "seed": 95,
    "train_loss": 0.027527780158777514,
    "train_acc": 0.9902173913043478,
    "test_loss": 1.5155330896377563,
    "test_acc": 0.7706
  },
  {
    "epoch": 45,
    "k": 53,
    "seed": 95,
    "train_loss": 0.02801899575536637,
    "train_acc": 0.9903372762148338,
    "test_loss": 1.4120287895202637,
    "test_acc": 0.7793
  },
  {
    "epoch": 46,
    "k": 53,
    "seed": 95,
    "train_loss": 0.017839405161161583,
    "train_acc": 0.9940337276214835,
    "test_loss": 1.478790283203125,
    "test_acc": 0.7779
  },
  {
    "epoch": 47,
    "k": 53,
    "seed": 95,
    "train_loss": 0.01587150188367171,
    "train_acc": 0.9948049872122762,
    "test_loss": 1.6075732707977295,
    "test_acc": 0.77
  },
  {
    "epoch": 48,
    "k": 53,
    "seed": 95,
    "train_loss": 0.019878961495868146,
    "train_acc": 0.9934143222506394,
    "test_loss": 1.4599652290344238,
    "test_acc": 0.7798
  },
  {
    "epoch": 49,
    "k": 53,
    "seed": 95,
    "train_loss": 0.02328320978963545,
    "train_acc": 0.9924672314578005,
    "test_loss": 1.4754114151000977,
    "test_acc": 0.7762
  },
  {
    "epoch": 50,
    "k": 53,
    "seed": 95,
    "train_loss": 0.01723380027333801,
    "train_acc": 0.993985773657289,
    "test_loss": 1.5492795705795288,
    "test_acc": 0.766
  },
  {
    "epoch": 51,
    "k": 53,
    "seed": 95,
    "train_loss": 0.024076519719333344,
    "train_acc": 0.9913443094629156,
    "test_loss": 1.5761798620224,
    "test_acc": 0.7712
  },
  {
    "epoch": 52,
    "k": 53,
    "seed": 95,
    "train_loss": 0.025907438766905596,
    "train_acc": 0.991008631713555,
    "test_loss": 1.5166442394256592,
    "test_acc": 0.7732
  },
  {
    "epoch": 53,
    "k": 53,
    "seed": 95,
    "train_loss": 0.01702487295841985,
    "train_acc": 0.993865888746803,
    "test_loss": 1.4841676950454712,
    "test_acc": 0.7782
  },
  {
    "epoch": 54,
    "k": 53,
    "seed": 95,
    "train_loss": 0.015109356449437006,
    "train_acc": 0.9948449488491049,
    "test_loss": 1.5715773105621338,
    "test_acc": 0.7787
  },
  {
    "epoch": 55,
    "k": 53,
    "seed": 95,
    "train_loss": 0.016035420652193107,
    "train_acc": 0.9940537084398977,
    "test_loss": 1.5475437641143799,
    "test_acc": 0.7737
  },
  {
    "epoch": 56,
    "k": 53,
    "seed": 95,
    "train_loss": 0.023534386144394813,
    "train_acc": 0.9917559143222506,
    "test_loss": 1.4364843368530273,
    "test_acc": 0.783
  },
  {
    "epoch": 57,
    "k": 53,
    "seed": 95,
    "train_loss": 0.0194908816477104,
    "train_acc": 0.9929867327365729,
    "test_loss": 1.4913833141326904,
    "test_acc": 0.7786
  },
  {
    "epoch": 58,
    "k": 53,
    "seed": 95,
    "train_loss": 0.016714745499987138,
    "train_acc": 0.9942535166240409,
    "test_loss": 1.5359210968017578,
    "test_acc": 0.7804
  },
  {
    "epoch": 59,
    "k": 53,
    "seed": 95,
    "train_loss": 0.013463667298205938,
    "train_acc": 0.9954243925831202,
    "test_loss": 1.3677902221679688,
    "test_acc": 0.7901
  },
  {
    "epoch": 60,
    "k": 53,
    "seed": 95,
    "train_loss": 0.016258819853542182,
    "train_acc": 0.9941456202046036,
    "test_loss": 1.5581063032150269,
    "test_acc": 0.7693
  },
  {
    "epoch": 61,
    "k": 53,
    "seed": 95,
    "train_loss": 0.024465845582527086,
    "train_acc": 0.9919477301790282,
    "test_loss": 1.4760518074035645,
    "test_acc": 0.7766
  },
  {
    "epoch": 62,
    "k": 53,
    "seed": 95,
    "train_loss": 0.010386606023781692,
    "train_acc": 0.9963834718670077,
    "test_loss": 1.4743492603302002,
    "test_acc": 0.7914
  },
  {
    "epoch": 63,
    "k": 53,
    "seed": 95,
    "train_loss": 0.016129751946158406,
    "train_acc": 0.9945452365728901,
    "test_loss": 2.217737913131714,
    "test_acc": 0.7299
  },
  {
    "epoch": 64,
    "k": 53,
    "seed": 95,
    "train_loss": 0.025486733878666745,
    "train_acc": 0.9908527813299232,
    "test_loss": 1.4093139171600342,
    "test_acc": 0.7883
  },
  {
    "epoch": 65,
    "k": 53,
    "seed": 95,
    "train_loss": 0.011811268627127012,
    "train_acc": 0.9958240089514067,
    "test_loss": 1.4367948770523071,
    "test_acc": 0.7861
  },
  {
    "epoch": 66,
    "k": 53,
    "seed": 95,
    "train_loss": 0.01039401747838176,
    "train_acc": 0.9966432225063938,
    "test_loss": 1.489923357963562,
    "test_acc": 0.7768
  },
  {
    "epoch": 67,
    "k": 53,
    "seed": 95,
    "train_loss": 0.014440389461763998,
    "train_acc": 0.9948049872122762,
    "test_loss": 1.6180012226104736,
    "test_acc": 0.7713
  },
  {
    "epoch": 68,
    "k": 53,
    "seed": 95,
    "train_loss": 0.027246152410311076,
    "train_acc": 0.9909287084398977,
    "test_loss": 1.4682363271713257,
    "test_acc": 0.7766
  },
  {
    "epoch": 69,
    "k": 53,
    "seed": 95,
    "train_loss": 0.015994137599468057,
    "train_acc": 0.9942055626598465,
    "test_loss": 1.493705153465271,
    "test_acc": 0.777
  },
  {
    "epoch": 70,
    "k": 53,
    "seed": 95,
    "train_loss": 0.012140892786503819,
    "train_acc": 0.9959119245524297,
    "test_loss": 1.4401684999465942,
    "test_acc": 0.7949
  },
  {
    "epoch": 71,
    "k": 53,
    "seed": 95,
    "train_loss": 0.010473969229727762,
    "train_acc": 0.9965233375959079,
    "test_loss": 1.5246217250823975,
    "test_acc": 0.7804
  },
  {
    "epoch": 72,
    "k": 53,
    "seed": 95,
    "train_loss": 0.015163415084172295,
    "train_acc": 0.9949048913043478,
    "test_loss": 1.5723477602005005,
    "test_acc": 0.7792
  },
  {
    "epoch": 73,
    "k": 53,
    "seed": 95,
    "train_loss": 0.015308303695437505,
    "train_acc": 0.9947610294117648,
    "test_loss": 1.6066722869873047,
    "test_acc": 0.7755
  },
  {
    "epoch": 74,
    "k": 53,
    "seed": 95,
    "train_loss": 0.019123599885086363,
    "train_acc": 0.9931146099744246,
    "test_loss": 1.4618300199508667,
    "test_acc": 0.7854
  },
  {
    "epoch": 75,
    "k": 53,
    "seed": 95,
    "train_loss": 0.012568913732522556,
    "train_acc": 0.9958200127877238,
    "test_loss": 1.4838780164718628,
    "test_acc": 0.7854
  },
  {
    "epoch": 76,
    "k": 53,
    "seed": 95,
    "train_loss": 0.013612119721474207,
    "train_acc": 0.9956921355498721,
    "test_loss": 1.5326321125030518,
    "test_acc": 0.7747
  },
  {
    "epoch": 77,
    "k": 53,
    "seed": 95,
    "train_loss": 0.016606849440171913,
    "train_acc": 0.9944053708439897,
    "test_loss": 1.495752215385437,
    "test_acc": 0.7819
  },
  {
    "epoch": 78,
    "k": 53,
    "seed": 95,
    "train_loss": 0.012421001248773844,
    "train_acc": 0.9957201086956522,
    "test_loss": 1.4212584495544434,
    "test_acc": 0.7952
  },
  {
    "epoch": 79,
    "k": 53,
    "seed": 95,
    "train_loss": 0.007556136966182921,
    "train_acc": 0.9973225703324808,
    "test_loss": 1.4369323253631592,
    "test_acc": 0.7885
  },
  {
    "epoch": 80,
    "k": 53,
    "seed": 95,
    "train_loss": 0.01710488721418678,
    "train_acc": 0.9941336317135551,
    "test_loss": 1.51436185836792,
    "test_acc": 0.7798
  },
  {
    "epoch": 81,
    "k": 53,
    "seed": 95,
    "train_loss": 0.016678664531513197,
    "train_acc": 0.9936660805626598,
    "test_loss": 1.4770197868347168,
    "test_acc": 0.7892
  },
  {
    "epoch": 82,
    "k": 53,
    "seed": 95,
    "train_loss": 0.008760960599099173,
    "train_acc": 0.997022858056266,
    "test_loss": 1.445074439048767,
    "test_acc": 0.8007
  },
  {
    "epoch": 83,
    "k": 53,
    "seed": 95,
    "train_loss": 0.006962069509648215,
    "train_acc": 0.99767023657289,
    "test_loss": 1.7182185649871826,
    "test_acc": 0.7785
  },
  {
    "epoch": 84,
    "k": 53,
    "seed": 95,
    "train_loss": 0.014675417152481138,
    "train_acc": 0.9950007992327367,
    "test_loss": 1.559056043624878,
    "test_acc": 0.7862
  },
  {
    "epoch": 85,
    "k": 53,
    "seed": 95,
    "train_loss": 0.019119046457834445,
    "train_acc": 0.9938738810741689,
    "test_loss": 1.6599777936935425,
    "test_acc": 0.7665
  },
  {
    "epoch": 86,
    "k": 53,
    "seed": 95,
    "train_loss": 0.01658430121259724,
    "train_acc": 0.9946731138107417,
    "test_loss": 1.5433006286621094,
    "test_acc": 0.7877
  },
  {
    "epoch": 87,
    "k": 53,
    "seed": 95,
    "train_loss": 0.009864620630313908,
    "train_acc": 0.996463395140665,
    "test_loss": 1.6718957424163818,
    "test_acc": 0.7813
  },
  {
    "epoch": 88,
    "k": 53,
    "seed": 95,
    "train_loss": 0.004673429815022497,
    "train_acc": 0.9983096227621484,
    "test_loss": 1.5440665483474731,
    "test_acc": 0.7921
  },
  {
    "epoch": 89,
    "k": 53,
    "seed": 95,
    "train_loss": 0.01732831734466403,
    "train_acc": 0.9941656010230179,
    "test_loss": 1.6683714389801025,
    "test_acc": 0.7783
  },
  {
    "epoch": 90,
    "k": 53,
    "seed": 95,
    "train_loss": 0.0143684256997387,
    "train_acc": 0.9950127877237852,
    "test_loss": 1.6604046821594238,
    "test_acc": 0.7847
  },
  {
    "epoch": 91,
    "k": 53,
    "seed": 95,
    "train_loss": 0.011917094299730504,
    "train_acc": 0.9956641624040921,
    "test_loss": 1.4817761182785034,
    "test_acc": 0.7931
  },
  {
    "epoch": 92,
    "k": 53,
    "seed": 95,
    "train_loss": 0.010891032564114956,
    "train_acc": 0.9962236253196931,
    "test_loss": 1.5312659740447998,
    "test_acc": 0.7876
  },
  {
    "epoch": 93,
    "k": 53,
    "seed": 95,
    "train_loss": 0.01037835712045389,
    "train_acc": 0.9966032608695652,
    "test_loss": 1.6140354871749878,
    "test_acc": 0.7818
  },
  {
    "epoch": 94,
    "k": 53,
    "seed": 95,
    "train_loss": 0.014154326444210531,
    "train_acc": 0.9951846227621484,
    "test_loss": 1.4772330522537231,
    "test_acc": 0.7966
  },
  {
    "epoch": 95,
    "k": 53,
    "seed": 95,
    "train_loss": 0.010437829836337653,
    "train_acc": 0.9964833759590793,
    "test_loss": 1.548426866531372,
    "test_acc": 0.7922
  },
  {
    "epoch": 96,
    "k": 53,
    "seed": 95,
    "train_loss": 0.008145448118255473,
    "train_acc": 0.9971027813299232,
    "test_loss": 1.5371350049972534,
    "test_acc": 0.7931
  },
  {
    "epoch": 97,
    "k": 53,
    "seed": 95,
    "train_loss": 0.01016789663392786,
    "train_acc": 0.9964514066496164,
    "test_loss": 1.7196745872497559,
    "test_acc": 0.7845
  },
  {
    "epoch": 98,
    "k": 53,
    "seed": 95,
    "train_loss": 0.01547955897170157,
    "train_acc": 0.9947650255754475,
    "test_loss": 1.6669328212738037,
    "test_acc": 0.7804
  },
  {
    "epoch": 99,
    "k": 53,
    "seed": 95,
    "train_loss": 0.010021467089357214,
    "train_acc": 0.9967631074168798,
    "test_loss": 1.5002093315124512,
    "test_acc": 0.7983
  },
  {
    "epoch": 100,
    "k": 53,
    "seed": 95,
    "train_loss": 0.010057275750158254,
    "train_acc": 0.9966392263427111,
    "test_loss": 1.4741952419281006,
    "test_acc": 0.7992
  },
  {
    "epoch": 101,
    "k": 53,
    "seed": 95,
    "train_loss": 0.009840775089541032,
    "train_acc": 0.9966831841432225,
    "test_loss": 1.571965217590332,
    "test_acc": 0.7855
  },
  {
    "epoch": 102,
    "k": 53,
    "seed": 95,
    "train_loss": 0.01396505152181019,
    "train_acc": 0.9956801470588236,
    "test_loss": 1.4602851867675781,
    "test_acc": 0.798
  },
  {
    "epoch": 103,
    "k": 53,
    "seed": 95,
    "train_loss": 0.008086465889486916,
    "train_acc": 0.9976023017902813,
    "test_loss": 1.5404093265533447,
    "test_acc": 0.7953
  },
  {
    "epoch": 104,
    "k": 53,
    "seed": 95,
    "train_loss": 0.008328097096541698,
    "train_acc": 0.9972826086956522,
    "test_loss": 1.540055751800537,
    "test_acc": 0.7904
  },
  {
    "epoch": 105,
    "k": 53,
    "seed": 95,
    "train_loss": 0.008613249949200468,
    "train_acc": 0.9970628196930946,
    "test_loss": 1.5114976167678833,
    "test_acc": 0.7944
  },
  {
    "epoch": 106,
    "k": 53,
    "seed": 95,
    "train_loss": 0.01230773686756366,
    "train_acc": 0.9958599744245525,
    "test_loss": 1.553618311882019,
    "test_acc": 0.7865
  },
  {
    "epoch": 107,
    "k": 53,
    "seed": 95,
    "train_loss": 0.015137495182230837,
    "train_acc": 0.9946251598465473,
    "test_loss": 1.4871054887771606,
    "test_acc": 0.7945
  },
  {
    "epoch": 108,
    "k": 53,
    "seed": 95,
    "train_loss": 0.007160715066207498,
    "train_acc": 0.9975623401534527,
    "test_loss": 1.5244845151901245,
    "test_acc": 0.7938
  },
  {
    "epoch": 109,
    "k": 53,
    "seed": 95,
    "train_loss": 0.009630954867434342,
    "train_acc": 0.997082800511509,
    "test_loss": 1.4894965887069702,
    "test_acc": 0.8024
  },
  {
    "epoch": 110,
    "k": 53,
    "seed": 95,
    "train_loss": 0.0051334759545312416,
    "train_acc": 0.9983415920716112,
    "test_loss": 1.5570306777954102,
    "test_acc": 0.79
  },
  {
    "epoch": 111,
    "k": 53,
    "seed": 95,
    "train_loss": 0.004421943854207865,
    "train_acc": 0.9986013427109974,
    "test_loss": 1.5699394941329956,
    "test_acc": 0.7962
  },
  {
    "epoch": 112,
    "k": 53,
    "seed": 95,
    "train_loss": 0.014740779195972326,
    "train_acc": 0.995344469309463,
    "test_loss": 1.6429985761642456,
    "test_acc": 0.7913
  },
  {
    "epoch": 113,
    "k": 53,
    "seed": 95,
    "train_loss": 0.01657907715467501,
    "train_acc": 0.994401374680307,
    "test_loss": 1.5202943086624146,
    "test_acc": 0.7895
  },
  {
    "epoch": 114,
    "k": 53,
    "seed": 95,
    "train_loss": 0.009757686584272071,
    "train_acc": 0.9965632992327366,
    "test_loss": 1.431637167930603,
    "test_acc": 0.8011
  },
  {
    "epoch": 115,
    "k": 53,
    "seed": 95,
    "train_loss": 0.0052299426733161845,
    "train_acc": 0.9983415920716112,
    "test_loss": 1.5275136232376099,
    "test_acc": 0.7933
  },
  {
    "epoch": 116,
    "k": 53,
    "seed": 95,
    "train_loss": 0.009561222578167989,
    "train_acc": 0.9967710997442456,
    "test_loss": 1.5134875774383545,
    "test_acc": 0.7961
  },
  {
    "epoch": 117,
    "k": 53,
    "seed": 95,
    "train_loss": 0.00900434432257156,
    "train_acc": 0.99690297314578,
    "test_loss": 1.5468194484710693,
    "test_acc": 0.793
  },
  {
    "epoch": 118,
    "k": 53,
    "seed": 95,
    "train_loss": 0.013206910943817003,
    "train_acc": 0.9958040281329923,
    "test_loss": 1.4963289499282837,
    "test_acc": 0.7983
  },
  {
    "epoch": 119,
    "k": 53,
    "seed": 95,
    "train_loss": 0.007421295148232626,
    "train_acc": 0.9973425511508951,
    "test_loss": 1.6176490783691406,
    "test_acc": 0.7909
  },
  {
    "epoch": 120,
    "k": 53,
    "seed": 95,
    "train_loss": 0.005875031237242311,
    "train_acc": 0.9979819373401535,
    "test_loss": 1.4564205408096313,
    "test_acc": 0.7982
  },
  {
    "epoch": 121,
    "k": 53,
    "seed": 95,
    "train_loss": 0.008358325356842325,
    "train_acc": 0.9972985933503837,
    "test_loss": 1.6032147407531738,
    "test_acc": 0.7904
  },
  {
    "epoch": 122,
    "k": 53,
    "seed": 95,
    "train_loss": 0.011799905934087125,
    "train_acc": 0.99605179028133,
    "test_loss": 1.439813256263733,
    "test_acc": 0.8044
  },
  {
    "epoch": 123,
    "k": 53,
    "seed": 95,
    "train_loss": 0.010754668189890517,
    "train_acc": 0.9964833759590793,
    "test_loss": 1.5247480869293213,
    "test_acc": 0.7932
  },
  {
    "epoch": 124,
    "k": 53,
    "seed": 95,
    "train_loss": 0.006802864472686281,
    "train_acc": 0.9977022058823529,
    "test_loss": 1.4637863636016846,
    "test_acc": 0.8008
  },
  {
    "epoch": 125,
    "k": 53,
    "seed": 95,
    "train_loss": 0.006079766851681409,
    "train_acc": 0.9981018222506394,
    "test_loss": 1.4252307415008545,
    "test_acc": 0.8026
  },
  {
    "epoch": 126,
    "k": 53,
    "seed": 95,
    "train_loss": 0.011384282582308105,
    "train_acc": 0.9962436061381074,
    "test_loss": 1.612824559211731,
    "test_acc": 0.7867
  },
  {
    "epoch": 127,
    "k": 53,
    "seed": 95,
    "train_loss": 0.012748491255041865,
    "train_acc": 0.995843989769821,
    "test_loss": 1.6622304916381836,
    "test_acc": 0.7939
  },
  {
    "epoch": 128,
    "k": 53,
    "seed": 95,
    "train_loss": 0.006759083780863289,
    "train_acc": 0.9975623401534527,
    "test_loss": 1.3609988689422607,
    "test_acc": 0.808
  },
  {
    "epoch": 129,
    "k": 53,
    "seed": 95,
    "train_loss": 0.001425566012129567,
    "train_acc": 0.9996803069053708,
    "test_loss": 1.3816343545913696,
    "test_acc": 0.8139
  },
  {
    "epoch": 130,
    "k": 53,
    "seed": 95,
    "train_loss": 0.000967072060992977,
    "train_acc": 0.9997202685421995,
    "test_loss": 1.3891717195510864,
    "test_acc": 0.8166
  },
  {
    "epoch": 131,
    "k": 53,
    "seed": 95,
    "train_loss": 0.01511246948526172,
    "train_acc": 0.9953804347826087,
    "test_loss": 1.7125072479248047,
    "test_acc": 0.7761
  },
  {
    "epoch": 132,
    "k": 53,
    "seed": 95,
    "train_loss": 0.017240105384873385,
    "train_acc": 0.9941656010230179,
    "test_loss": 1.4236533641815186,
    "test_acc": 0.8018
  },
  {
    "epoch": 133,
    "k": 53,
    "seed": 95,
    "train_loss": 0.006988739916103725,
    "train_acc": 0.9978420716112532,
    "test_loss": 1.341386318206787,
    "test_acc": 0.8086
  },
  {
    "epoch": 134,
    "k": 53,
    "seed": 95,
    "train_loss": 0.003492627954978966,
    "train_acc": 0.9987811700767263,
    "test_loss": 1.374530553817749,
    "test_acc": 0.8068
  },
  {
    "epoch": 135,
    "k": 53,
    "seed": 95,
    "train_loss": 0.003670397035688545,
    "train_acc": 0.9986812659846548,
    "test_loss": 1.4533467292785645,
    "test_acc": 0.8012
  },
  {
    "epoch": 136,
    "k": 53,
    "seed": 95,
    "train_loss": 0.004098951788327285,
    "train_acc": 0.9986093350383632,
    "test_loss": 1.5603467226028442,
    "test_acc": 0.7979
  },
  {
    "epoch": 137,
    "k": 53,
    "seed": 95,
    "train_loss": 0.01485831020943671,
    "train_acc": 0.9949648337595908,
    "test_loss": 1.5841679573059082,
    "test_acc": 0.7941
  },
  {
    "epoch": 138,
    "k": 53,
    "seed": 95,
    "train_loss": 0.010484823151817604,
    "train_acc": 0.9966632033248082,
    "test_loss": 1.4494301080703735,
    "test_acc": 0.8071
  },
  {
    "epoch": 139,
    "k": 53,
    "seed": 95,
    "train_loss": 0.006091267409491735,
    "train_acc": 0.998141783887468,
    "test_loss": 1.416620135307312,
    "test_acc": 0.8074
  },
  {
    "epoch": 140,
    "k": 53,
    "seed": 95,
    "train_loss": 0.008800455848653228,
    "train_acc": 0.9972306585677749,
    "test_loss": 1.570273518562317,
    "test_acc": 0.7946
  },
  {
    "epoch": 141,
    "k": 53,
    "seed": 95,
    "train_loss": 0.009472089383382964,
    "train_acc": 0.9967431265984654,
    "test_loss": 1.5254768133163452,
    "test_acc": 0.8043
  },
  {
    "epoch": 142,
    "k": 53,
    "seed": 95,
    "train_loss": 0.004721063409224813,
    "train_acc": 0.9983296035805627,
    "test_loss": 1.4631820917129517,
    "test_acc": 0.8098
  },
  {
    "epoch": 143,
    "k": 53,
    "seed": 95,
    "train_loss": 0.006811600830578545,
    "train_acc": 0.9977221867007673,
    "test_loss": 1.615104079246521,
    "test_acc": 0.8016
  },
  {
    "epoch": 144,
    "k": 53,
    "seed": 95,
    "train_loss": 0.010860323808426523,
    "train_acc": 0.9966432225063938,
    "test_loss": 1.473704218864441,
    "test_acc": 0.7982
  },
  {
    "epoch": 145,
    "k": 53,
    "seed": 95,
    "train_loss": 0.0036833053734164675,
    "train_acc": 0.9989210358056266,
    "test_loss": 1.431062936782837,
    "test_acc": 0.8054
  },
  {
    "epoch": 146,
    "k": 53,
    "seed": 95,
    "train_loss": 0.0026955394352458696,
    "train_acc": 0.9991208439897699,
    "test_loss": 1.562705636024475,
    "test_acc": 0.8034
  },
  {
    "epoch": 147,
    "k": 53,
    "seed": 95,
    "train_loss": 0.00963775350203174,
    "train_acc": 0.9969229539641944,
    "test_loss": 1.6607414484024048,
    "test_acc": 0.7859
  },
  {
    "epoch": 148,
    "k": 53,
    "seed": 95,
    "train_loss": 0.011686950170374273,
    "train_acc": 0.9961237212276215,
    "test_loss": 1.452617883682251,
    "test_acc": 0.805
  },
  {
    "epoch": 149,
    "k": 53,
    "seed": 95,
    "train_loss": 0.004526161755577673,
    "train_acc": 0.9985214194373402,
    "test_loss": 1.718193769454956,
    "test_acc": 0.7947
  },
  {
    "epoch": 150,
    "k": 53,
    "seed": 95,
    "train_loss": 0.008522327002303143,
    "train_acc": 0.9974704283887468,
    "test_loss": 1.5172523260116577,
    "test_acc": 0.8091
  },
  {
    "epoch": 151,
    "k": 53,
    "seed": 95,
    "train_loss": 0.005869149946213854,
    "train_acc": 0.9979219948849105,
    "test_loss": 1.5330169200897217,
    "test_acc": 0.802
  },
  {
    "epoch": 152,
    "k": 53,
    "seed": 95,
    "train_loss": 0.006354643534907662,
    "train_acc": 0.9977621483375959,
    "test_loss": 1.5325005054473877,
    "test_acc": 0.807
  },
  {
    "epoch": 153,
    "k": 53,
    "seed": 95,
    "train_loss": 0.0049953479419297024,
    "train_acc": 0.9986612851662404,
    "test_loss": 1.5465829372406006,
    "test_acc": 0.8051
  },
  {
    "epoch": 154,
    "k": 53,
    "seed": 95,
    "train_loss": 0.010414964716031547,
    "train_acc": 0.9964434143222506,
    "test_loss": 1.571731686592102,
    "test_acc": 0.7965
  },
  {
    "epoch": 155,
    "k": 53,
    "seed": 95,
    "train_loss": 0.005984057976032549,
    "train_acc": 0.9980418797953964,
    "test_loss": 1.5194964408874512,
    "test_acc": 0.8073
  },
  {
    "epoch": 156,
    "k": 53,
    "seed": 95,
    "train_loss": 0.005158375141373512,
    "train_acc": 0.9982217071611253,
    "test_loss": 1.5647035837173462,
    "test_acc": 0.7952
  },
  {
    "epoch": 157,
    "k": 53,
    "seed": 95,
    "train_loss": 0.007632822484262698,
    "train_acc": 0.9976222826086957,
    "test_loss": 1.5250420570373535,
    "test_acc": 0.7992
  },
  {
    "epoch": 158,
    "k": 53,
    "seed": 95,
    "train_loss": 0.006186213725297532,
    "train_acc": 0.9980618606138107,
    "test_loss": 1.544877529144287,
    "test_acc": 0.8031
  },
  {
    "epoch": 159,
    "k": 53,
    "seed": 95,
    "train_loss": 0.007015216669467528,
    "train_acc": 0.9978021099744245,
    "test_loss": 1.5652402639389038,
    "test_acc": 0.7931
  },
  {
    "epoch": 160,
    "k": 53,
    "seed": 95,
    "train_loss": 0.01364031981266051,
    "train_acc": 0.9954044117647058,
    "test_loss": 1.4635298252105713,
    "test_acc": 0.808
  },
  {
    "epoch": 161,
    "k": 53,
    "seed": 95,
    "train_loss": 0.004298133773047126,
    "train_acc": 0.9985414002557544,
    "test_loss": 1.47611665725708,
    "test_acc": 0.8114
  },
  {
    "epoch": 162,
    "k": 53,
    "seed": 95,
    "train_loss": 0.003467414006479285,
    "train_acc": 0.9989090473145781,
    "test_loss": 1.5784231424331665,
    "test_acc": 0.8039
  },
  {
    "epoch": 163,
    "k": 53,
    "seed": 95,
    "train_loss": 0.006917736308477127,
    "train_acc": 0.9977022058823529,
    "test_loss": 1.5919694900512695,
    "test_acc": 0.806
  },
  {
    "epoch": 164,
    "k": 53,
    "seed": 95,
    "train_loss": 0.007340822209145066,
    "train_acc": 0.9977421675191815,
    "test_loss": 1.6054236888885498,
    "test_acc": 0.7986
  },
  {
    "epoch": 165,
    "k": 53,
    "seed": 95,
    "train_loss": 0.006131528733654388,
    "train_acc": 0.9979020140664961,
    "test_loss": 1.6197359561920166,
    "test_acc": 0.8009
  },
  {
    "epoch": 166,
    "k": 53,
    "seed": 95,
    "train_loss": 0.006424400438757232,
    "train_acc": 0.9979819373401535,
    "test_loss": 1.542678713798523,
    "test_acc": 0.8034
  },
  {
    "epoch": 167,
    "k": 53,
    "seed": 95,
    "train_loss": 0.008185169476620915,
    "train_acc": 0.9969229539641944,
    "test_loss": 1.5395199060440063,
    "test_acc": 0.803
  },
  {
    "epoch": 168,
    "k": 53,
    "seed": 95,
    "train_loss": 0.004857963841647835,
    "train_acc": 0.9982217071611253,
    "test_loss": 1.5829226970672607,
    "test_acc": 0.8025
  },
  {
    "epoch": 169,
    "k": 53,
    "seed": 95,
    "train_loss": 0.005655358122806417,
    "train_acc": 0.9981218030690537,
    "test_loss": 1.5977712869644165,
    "test_acc": 0.8007
  },
  {
    "epoch": 170,
    "k": 53,
    "seed": 95,
    "train_loss": 0.005292199319654202,
    "train_acc": 0.9982496803069054,
    "test_loss": 1.6186223030090332,
    "test_acc": 0.8056
  },
  {
    "epoch": 171,
    "k": 53,
    "seed": 95,
    "train_loss": 0.00677221207815191,
    "train_acc": 0.9980019181585678,
    "test_loss": 1.580947995185852,
    "test_acc": 0.8001
  },
  {
    "epoch": 172,
    "k": 53,
    "seed": 95,
    "train_loss": 0.003976376299128195,
    "train_acc": 0.9986612851662404,
    "test_loss": 1.49382746219635,
    "test_acc": 0.8083
  },
  {
    "epoch": 173,
    "k": 53,
    "seed": 95,
    "train_loss": 0.0031788790358243434,
    "train_acc": 0.9990009590792839,
    "test_loss": 1.663812279701233,
    "test_acc": 0.8029
  },
  {
    "epoch": 174,
    "k": 53,
    "seed": 95,
    "train_loss": 0.009709864867475765,
    "train_acc": 0.9969109654731458,
    "test_loss": 1.541000485420227,
    "test_acc": 0.8057
  },
  {
    "epoch": 175,
    "k": 53,
    "seed": 95,
    "train_loss": 0.009350092465991208,
    "train_acc": 0.9969429347826086,
    "test_loss": 1.5678305625915527,
    "test_acc": 0.7973
  },
  {
    "epoch": 176,
    "k": 53,
    "seed": 95,
    "train_loss": 0.006076270316708776,
    "train_acc": 0.9977821291560103,
    "test_loss": 1.574047327041626,
    "test_acc": 0.806
  },
  {
    "epoch": 177,
    "k": 53,
    "seed": 95,
    "train_loss": 0.006191839650317984,
    "train_acc": 0.997910006393862,
    "test_loss": 1.6093695163726807,
    "test_acc": 0.8056
  },
  {
    "epoch": 178,
    "k": 53,
    "seed": 95,
    "train_loss": 0.0032044688951104582,
    "train_acc": 0.9990209398976982,
    "test_loss": 1.5837132930755615,
    "test_acc": 0.8097
  },
  {
    "epoch": 179,
    "k": 53,
    "seed": 95,
    "train_loss": 0.0014036540308894436,
    "train_acc": 0.9994485294117648,
    "test_loss": 1.525221347808838,
    "test_acc": 0.8165
  },
  {
    "epoch": 180,
    "k": 53,
    "seed": 95,
    "train_loss": 0.0022028901866817875,
    "train_acc": 0.9992207480818415,
    "test_loss": 1.5853403806686401,
    "test_acc": 0.8108
  },
  {
    "epoch": 181,
    "k": 53,
    "seed": 95,
    "train_loss": 0.017886224069013648,
    "train_acc": 0.9943454283887468,
    "test_loss": 1.5912184715270996,
    "test_acc": 0.7956
  },
  {
    "epoch": 182,
    "k": 53,
    "seed": 95,
    "train_loss": 0.006318196467173201,
    "train_acc": 0.9978220907928389,
    "test_loss": 1.4854243993759155,
    "test_acc": 0.8066
  },
  {
    "epoch": 183,
    "k": 53,
    "seed": 95,
    "train_loss": 0.0022768695402194277,
    "train_acc": 0.9993006713554987,
    "test_loss": 1.4823189973831177,
    "test_acc": 0.8149
  },
  {
    "epoch": 184,
    "k": 53,
    "seed": 95,
    "train_loss": 0.0008181811862021073,
    "train_acc": 0.9997602301790282,
    "test_loss": 1.4886808395385742,
    "test_acc": 0.8122
  },
  {
    "epoch": 185,
    "k": 53,
    "seed": 95,
    "train_loss": 0.0013394403509322185,
    "train_acc": 0.9995204603580563,
    "test_loss": 1.5414543151855469,
    "test_acc": 0.813
  },
  {
    "epoch": 186,
    "k": 53,
    "seed": 95,
    "train_loss": 0.017546211088041268,
    "train_acc": 0.9947650255754475,
    "test_loss": 1.5273867845535278,
    "test_acc": 0.8006
  },
  {
    "epoch": 187,
    "k": 53,
    "seed": 95,
    "train_loss": 0.0074693261460216,
    "train_acc": 0.9976422634271099,
    "test_loss": 1.455529808998108,
    "test_acc": 0.8112
  },
  {
    "epoch": 188,
    "k": 53,
    "seed": 95,
    "train_loss": 0.004563238943981215,
    "train_acc": 0.9985414002557544,
    "test_loss": 1.4356951713562012,
    "test_acc": 0.8095
  },
  {
    "epoch": 189,
    "k": 53,
    "seed": 95,
    "train_loss": 0.004232930838237912,
    "train_acc": 0.9986213235294118,
    "test_loss": 1.5033763647079468,
    "test_acc": 0.8099
  },
  {
    "epoch": 190,
    "k": 53,
    "seed": 95,
    "train_loss": 0.004728437832345476,
    "train_acc": 0.9983415920716112,
    "test_loss": 1.4843698740005493,
    "test_acc": 0.8111
  },
  {
    "epoch": 191,
    "k": 53,
    "seed": 95,
    "train_loss": 0.0028688226436366336,
    "train_acc": 0.9991208439897699,
    "test_loss": 1.4910880327224731,
    "test_acc": 0.815
  },
  {
    "epoch": 192,
    "k": 53,
    "seed": 95,
    "train_loss": 0.0027133218989947544,
    "train_acc": 0.9989609974424553,
    "test_loss": 1.5679707527160645,
    "test_acc": 0.8075
  },
  {
    "epoch": 193,
    "k": 53,
    "seed": 95,
    "train_loss": 0.007340343641576661,
    "train_acc": 0.9975503516624041,
    "test_loss": 1.6465308666229248,
    "test_acc": 0.8034
  },
  {
    "epoch": 194,
    "k": 53,
    "seed": 95,
    "train_loss": 0.009098891700159118,
    "train_acc": 0.9971027813299232,
    "test_loss": 1.7179092168807983,
    "test_acc": 0.7914
  },
  {
    "epoch": 195,
    "k": 53,
    "seed": 95,
    "train_loss": 0.006502089021186435,
    "train_acc": 0.99767023657289,
    "test_loss": 1.523453950881958,
    "test_acc": 0.8061
  },
  {
    "epoch": 196,
    "k": 53,
    "seed": 95,
    "train_loss": 0.005130044981563484,
    "train_acc": 0.9982217071611253,
    "test_loss": 1.5443332195281982,
    "test_acc": 0.8132
  },
  {
    "epoch": 197,
    "k": 53,
    "seed": 95,
    "train_loss": 0.003280843156819829,
    "train_acc": 0.9989410166240409,
    "test_loss": 1.596721887588501,
    "test_acc": 0.8078
  },
  {
    "epoch": 198,
    "k": 53,
    "seed": 95,
    "train_loss": 0.003389738870141872,
    "train_acc": 0.9988411125319693,
    "test_loss": 1.6256803274154663,
    "test_acc": 0.8025
  },
  {
    "epoch": 199,
    "k": 53,
    "seed": 95,
    "train_loss": 0.007702735246537561,
    "train_acc": 0.9974304667519182,
    "test_loss": 1.5918008089065552,
    "test_acc": 0.8091
  },
  {
    "epoch": 200,
    "k": 53,
    "seed": 95,
    "train_loss": 0.005340061164087136,
    "train_acc": 0.9982217071611253,
    "test_loss": 1.5802451372146606,
    "test_acc": 0.8069
  },
  {
    "epoch": 201,
    "k": 53,
    "seed": 95,
    "train_loss": 0.004301014104507222,
    "train_acc": 0.9984015345268542,
    "test_loss": 1.5429576635360718,
    "test_acc": 0.8111
  },
  {
    "epoch": 202,
    "k": 53,
    "seed": 95,
    "train_loss": 0.0023461347793910505,
    "train_acc": 0.9992407289002557,
    "test_loss": 1.5658081769943237,
    "test_acc": 0.8133
  },
  {
    "epoch": 203,
    "k": 53,
    "seed": 95,
    "train_loss": 0.005334231463205904,
    "train_acc": 0.9982416879795396,
    "test_loss": 1.696048617362976,
    "test_acc": 0.8012
  },
  {
    "epoch": 204,
    "k": 53,
    "seed": 95,
    "train_loss": 0.0067167695599489475,
    "train_acc": 0.9973825127877238,
    "test_loss": 1.6290631294250488,
    "test_acc": 0.809
  },
  {
    "epoch": 205,
    "k": 53,
    "seed": 95,
    "train_loss": 0.004413434066187303,
    "train_acc": 0.9984414961636828,
    "test_loss": 1.580051064491272,
    "test_acc": 0.8093
  },
  {
    "epoch": 206,
    "k": 53,
    "seed": 95,
    "train_loss": 0.005699460239118526,
    "train_acc": 0.998201726342711,
    "test_loss": 1.6290122270584106,
    "test_acc": 0.8045
  },
  {
    "epoch": 207,
    "k": 53,
    "seed": 95,
    "train_loss": 0.008506272109872226,
    "train_acc": 0.9973425511508951,
    "test_loss": 1.5619393587112427,
    "test_acc": 0.8075
  },
  {
    "epoch": 208,
    "k": 53,
    "seed": 95,
    "train_loss": 0.0036884850958166684,
    "train_acc": 0.9988491048593351,
    "test_loss": 1.6256064176559448,
    "test_acc": 0.806
  },
  {
    "epoch": 209,
    "k": 53,
    "seed": 95,
    "train_loss": 0.003434496194624044,
    "train_acc": 0.9987691815856777,
    "test_loss": 1.5947482585906982,
    "test_acc": 0.8093
  },
  {
    "epoch": 210,
    "k": 53,
    "seed": 95,
    "train_loss": 0.005725954587584856,
    "train_acc": 0.9979819373401535,
    "test_loss": 1.6702550649642944,
    "test_acc": 0.8063
  },
  {
    "epoch": 211,
    "k": 53,
    "seed": 95,
    "train_loss": 0.005228091730520141,
    "train_acc": 0.9984215153452686,
    "test_loss": 1.5496073961257935,
    "test_acc": 0.8129
  },
  {
    "epoch": 212,
    "k": 53,
    "seed": 95,
    "train_loss": 0.0027373959179313456,
    "train_acc": 0.9990808823529411,
    "test_loss": 1.5905193090438843,
    "test_acc": 0.8192
  },
  {
    "epoch": 213,
    "k": 53,
    "seed": 95,
    "train_loss": 0.0013521239031920383,
    "train_acc": 0.9995604219948849,
    "test_loss": 1.5755672454833984,
    "test_acc": 0.8178
  },
  {
    "epoch": 214,
    "k": 53,
    "seed": 95,
    "train_loss": 0.005061236011750148,
    "train_acc": 0.9983016304347826,
    "test_loss": 1.8158562183380127,
    "test_acc": 0.8004
  },
  {
    "epoch": 215,
    "k": 53,
    "seed": 95,
    "train_loss": 0.010045953194063942,
    "train_acc": 0.9969109654731458,
    "test_loss": 1.5662060976028442,
    "test_acc": 0.8119
  },
  {
    "epoch": 216,
    "k": 53,
    "seed": 95,
    "train_loss": 0.004305438812936044,
    "train_acc": 0.9986293158567775,
    "test_loss": 1.6459712982177734,
    "test_acc": 0.8103
  },
  {
    "epoch": 217,
    "k": 53,
    "seed": 95,
    "train_loss": 0.0057902800121181035,
    "train_acc": 0.9980618606138107,
    "test_loss": 1.5948351621627808,
    "test_acc": 0.8089
  },
  {
    "epoch": 218,
    "k": 53,
    "seed": 95,
    "train_loss": 0.0036403784465404375,
    "train_acc": 0.9987811700767263,
    "test_loss": 1.7509273290634155,
    "test_acc": 0.8035
  },
  {
    "epoch": 219,
    "k": 53,
    "seed": 95,
    "train_loss": 0.0033658145707954586,
    "train_acc": 0.9986692774936061,
    "test_loss": 1.5534392595291138,
    "test_acc": 0.8156
  },
  {
    "epoch": 220,
    "k": 53,
    "seed": 95,
    "train_loss": 0.005499525153882039,
    "train_acc": 0.9981817455242967,
    "test_loss": 1.5922783613204956,
    "test_acc": 0.8103
  }
]