[
  {
    "epoch": 1,
    "k": 51,
    "seed": 93,
    "train_loss": 1.328513341639048,
    "train_acc": 0.5103220907928389,
    "test_loss": 1.0551202297210693,
    "test_acc": 0.6258
  },
  {
    "epoch": 2,
    "k": 51,
    "seed": 93,
    "train_loss": 0.85573182828591,
    "train_acc": 0.6966352301790281,
    "test_loss": 0.8774083256721497,
    "test_acc": 0.6839
  },
  {
    "epoch": 3,
    "k": 51,
    "seed": 93,
    "train_loss": 0.5978249486754922,
    "train_acc": 0.7878396739130435,
    "test_loss": 0.8376743197441101,
    "test_acc": 0.7166
  },
  {
    "epoch": 4,
    "k": 51,
    "seed": 93,
    "train_loss": 0.40028294147280474,
    "train_acc": 0.8583479859335038,
    "test_loss": 0.9110599756240845,
    "test_acc": 0.7126
  },
  {
    "epoch": 5,
    "k": 51,
    "seed": 93,
    "train_loss": 0.24468778001377955,
    "train_acc": 0.9136269181585677,
    "test_loss": 1.0946036577224731,
    "test_acc": 0.7085
  },
  {
    "epoch": 6,
    "k": 51,
    "seed": 93,
    "train_loss": 0.1570882164799344,
    "train_acc": 0.9455163043478261,
    "test_loss": 1.186358094215393,
    "test_acc": 0.7235
  },
  {
    "epoch": 7,
    "k": 51,
    "seed": 93,
    "train_loss": 0.11424095068326996,
    "train_acc": 0.9598545396419438,
    "test_loss": 1.201254963874817,
    "test_acc": 0.7207
  },
  {
    "epoch": 8,
    "k": 51,
    "seed": 93,
    "train_loss": 0.10112582873124296,
    "train_acc": 0.9657528772378516,
    "test_loss": 1.279233694076538,
    "test_acc": 0.7242
  },
  {
    "epoch": 9,
    "k": 51,
    "seed": 93,
    "train_loss": 0.06911164794660285,
    "train_acc": 0.97576726342711,
    "test_loss": 1.6959925889968872,
    "test_acc": 0.6979
  },
  {
    "epoch": 10,
    "k": 51,
    "seed": 93,
    "train_loss": 0.07122206069348032,
    "train_acc": 0.97502797314578,
    "test_loss": 1.5210281610488892,
    "test_acc": 0.7087
  },
  {
    "epoch": 11,
    "k": 51,
    "seed": 93,
    "train_loss": 0.07123483099576915,
    "train_acc": 0.9752597506393863,
    "test_loss": 1.308445930480957,
    "test_acc": 0.7409
  },
  {
    "epoch": 12,
    "k": 51,
    "seed": 93,
    "train_loss": 0.06867516000786096,
    "train_acc": 0.9756313938618926,
    "test_loss": 1.3392502069473267,
    "test_acc": 0.7428
  },
  {
    "epoch": 13,
    "k": 51,
    "seed": 93,
    "train_loss": 0.05227346501439391,
    "train_acc": 0.9821411445012788,
    "test_loss": 1.6634427309036255,
    "test_acc": 0.7175
  },
  {
    "epoch": 14,
    "k": 51,
    "seed": 93,
    "train_loss": 0.05525693563563402,
    "train_acc": 0.9808264066496164,
    "test_loss": 1.4379119873046875,
    "test_acc": 0.7464
  },
  {
    "epoch": 15,
    "k": 51,
    "seed": 93,
    "train_loss": 0.04984354736674053,
    "train_acc": 0.9827605498721227,
    "test_loss": 1.5688334703445435,
    "test_acc": 0.7303
  },
  {
    "epoch": 16,
    "k": 51,
    "seed": 93,
    "train_loss": 0.05443882971348198,
    "train_acc": 0.9807384910485933,
    "test_loss": 1.4069215059280396,
    "test_acc": 0.7495
  },
  {
    "epoch": 17,
    "k": 51,
    "seed": 93,
    "train_loss": 0.04858523142962333,
    "train_acc": 0.9827165920716112,
    "test_loss": 1.4261000156402588,
    "test_acc": 0.7509
  },
  {
    "epoch": 18,
    "k": 51,
    "seed": 93,
    "train_loss": 0.04155655202986982,
    "train_acc": 0.985817615089514,
    "test_loss": 1.40366792678833,
    "test_acc": 0.7519
  },
  {
    "epoch": 19,
    "k": 51,
    "seed": 93,
    "train_loss": 0.051078054164310015,
    "train_acc": 0.9826926150895141,
    "test_loss": 1.3174852132797241,
    "test_acc": 0.754
  },
  {
    "epoch": 20,
    "k": 51,
    "seed": 93,
    "train_loss": 0.04125690080708993,
    "train_acc": 0.9859694693094629,
    "test_loss": 1.4116740226745605,
    "test_acc": 0.7548
  },
  {
    "epoch": 21,
    "k": 51,
    "seed": 93,
    "train_loss": 0.029471079265112842,
    "train_acc": 0.9899376598465474,
    "test_loss": 1.8169547319412231,
    "test_acc": 0.7266
  },
  {
    "epoch": 22,
    "k": 51,
    "seed": 93,
    "train_loss": 0.04632017563681935,
    "train_acc": 0.9843110613810743,
    "test_loss": 1.4159445762634277,
    "test_acc": 0.7548
  },
  {
    "epoch": 23,
    "k": 51,
    "seed": 93,
    "train_loss": 0.04243573896072405,
    "train_acc": 0.9854299872122763,
    "test_loss": 1.4661530256271362,
    "test_acc": 0.7562
  },
  {
    "epoch": 24,
    "k": 51,
    "seed": 93,
    "train_loss": 0.03036206380596332,
    "train_acc": 0.9898817135549872,
    "test_loss": 1.6155728101730347,
    "test_acc": 0.7454
  },
  {
    "epoch": 25,
    "k": 51,
    "seed": 93,
    "train_loss": 0.047170700390746965,
    "train_acc": 0.9839114450127878,
    "test_loss": 1.598981499671936,
    "test_acc": 0.7369
  },
  {
    "epoch": 26,
    "k": 51,
    "seed": 93,
    "train_loss": 0.027543331291574193,
    "train_acc": 0.9908367966751919,
    "test_loss": 1.3705986738204956,
    "test_acc": 0.7641
  },
  {
    "epoch": 27,
    "k": 51,
    "seed": 93,
    "train_loss": 0.031229361693081242,
    "train_acc": 0.989270300511509,
    "test_loss": 1.3293203115463257,
    "test_acc": 0.765
  },
  {
    "epoch": 28,
    "k": 51,
    "seed": 93,
    "train_loss": 0.02989296803055593,
    "train_acc": 0.9895780051150895,
    "test_loss": 1.582807183265686,
    "test_acc": 0.7442
  },
  {
    "epoch": 29,
    "k": 51,
    "seed": 93,
    "train_loss": 0.038013128042125796,
    "train_acc": 0.9870724104859335,
    "test_loss": 1.465881109237671,
    "test_acc": 0.7518
  },
  {
    "epoch": 30,
    "k": 51,
    "seed": 93,
    "train_loss": 0.03738338510890532,
    "train_acc": 0.9866128516624041,
    "test_loss": 1.4096368551254272,
    "test_acc": 0.7631
  },
  {
    "epoch": 31,
    "k": 51,
    "seed": 93,
    "train_loss": 0.02492824110903365,
    "train_acc": 0.991212436061381,
    "test_loss": 1.5023746490478516,
    "test_acc": 0.7593
  },
  {
    "epoch": 32,
    "k": 51,
    "seed": 93,
    "train_loss": 0.030430067137813866,
    "train_acc": 0.9893062659846548,
    "test_loss": 1.6088215112686157,
    "test_acc": 0.7424
  },
  {
    "epoch": 33,
    "k": 51,
    "seed": 93,
    "train_loss": 0.03195045162778338,
    "train_acc": 0.9891304347826086,
    "test_loss": 1.5262318849563599,
    "test_acc": 0.7484
  },
  {
    "epoch": 34,
    "k": 51,
    "seed": 93,
    "train_loss": 0.0335894398610977,
    "train_acc": 0.9886988491048594,
    "test_loss": 1.4325922727584839,
    "test_acc": 0.7536
  },
  {
    "epoch": 35,
    "k": 51,
    "seed": 93,
    "train_loss": 0.02235385672772265,
    "train_acc": 0.992335358056266,
    "test_loss": 1.4671454429626465,
    "test_acc": 0.7617
  },
  {
    "epoch": 36,
    "k": 51,
    "seed": 93,
    "train_loss": 0.027845792439834708,
    "train_acc": 0.9908367966751919,
    "test_loss": 1.5258342027664185,
    "test_acc": 0.763
  },
  {
    "epoch": 37,
    "k": 51,
    "seed": 93,
    "train_loss": 0.02886731634089185,
    "train_acc": 0.990449168797954,
    "test_loss": 1.4321931600570679,
    "test_acc": 0.7635
  },
  {
    "epoch": 38,
    "k": 51,
    "seed": 93,
    "train_loss": 0.027101988869342866,
    "train_acc": 0.990449168797954,
    "test_loss": 1.386454463005066,
    "test_acc": 0.7709
  },
  {
    "epoch": 39,
    "k": 51,
    "seed": 93,
    "train_loss": 0.024986996382559457,
    "train_acc": 0.9917559143222506,
    "test_loss": 1.471463918685913,
    "test_acc": 0.7677
  },
  {
    "epoch": 40,
    "k": 51,
    "seed": 93,
    "train_loss": 0.026253835344865747,
    "train_acc": 0.9911684782608695,
    "test_loss": 1.3736680746078491,
    "test_acc": 0.7701
  },
  {
    "epoch": 41,
    "k": 51,
    "seed": 93,
    "train_loss": 0.021824678990577856,
    "train_acc": 0.9924672314578005,
    "test_loss": 1.4938631057739258,
    "test_acc": 0.7688
  },
  {
    "epoch": 42,
    "k": 51,
    "seed": 93,
    "train_loss": 0.02392071159318318,
    "train_acc": 0.9918278452685422,
    "test_loss": 1.507705807685852,
    "test_acc": 0.7659
  },
  {
    "epoch": 43,
    "k": 51,
    "seed": 93,
    "train_loss": 0.028316471762621722,
    "train_acc": 0.9903093030690537,
    "test_loss": 1.5135948657989502,
    "test_acc": 0.7679
  },
  {
    "epoch": 44,
    "k": 51,
    "seed": 93,
    "train_loss": 0.025883914143575923,
    "train_acc": 0.9910485933503836,
    "test_loss": 1.5233137607574463,
    "test_acc": 0.7594
  },
  {
    "epoch": 45,
    "k": 51,
    "seed": 93,
    "train_loss": 0.015808364566121683,
    "train_acc": 0.9950647378516624,
    "test_loss": 1.5678280591964722,
    "test_acc": 0.779
  },
  {
    "epoch": 46,
    "k": 51,
    "seed": 93,
    "train_loss": 0.022151865747921308,
    "train_acc": 0.9926350703324809,
    "test_loss": 1.528799295425415,
    "test_acc": 0.7603
  },
  {
    "epoch": 47,
    "k": 51,
    "seed": 93,
    "train_loss": 0.023910070740310548,
    "train_acc": 0.9917878836317136,
    "test_loss": 2.195021629333496,
    "test_acc": 0.7183
  },
  {
    "epoch": 48,
    "k": 51,
    "seed": 93,
    "train_loss": 0.026026082619273787,
    "train_acc": 0.9915840792838875,
    "test_loss": 1.3977888822555542,
    "test_acc": 0.7821
  },
  {
    "epoch": 49,
    "k": 51,
    "seed": 93,
    "train_loss": 0.017504400153972786,
    "train_acc": 0.9944133631713555,
    "test_loss": 1.442097544670105,
    "test_acc": 0.7674
  },
  {
    "epoch": 50,
    "k": 51,
    "seed": 93,
    "train_loss": 0.021811701007672085,
    "train_acc": 0.9924152813299233,
    "test_loss": 1.5415754318237305,
    "test_acc": 0.7694
  },
  {
    "epoch": 51,
    "k": 51,
    "seed": 93,
    "train_loss": 0.02228829455371384,
    "train_acc": 0.9925271739130435,
    "test_loss": 1.4812408685684204,
    "test_acc": 0.7712
  },
  {
    "epoch": 52,
    "k": 51,
    "seed": 93,
    "train_loss": 0.01687949228752077,
    "train_acc": 0.9939737851662405,
    "test_loss": 1.5663611888885498,
    "test_acc": 0.7709
  },
  {
    "epoch": 53,
    "k": 51,
    "seed": 93,
    "train_loss": 0.017447191055158757,
    "train_acc": 0.9941256393861893,
    "test_loss": 1.4627726078033447,
    "test_acc": 0.7789
  },
  {
    "epoch": 54,
    "k": 51,
    "seed": 93,
    "train_loss": 0.023873698383913903,
    "train_acc": 0.9918718030690536,
    "test_loss": 1.408469796180725,
    "test_acc": 0.7795
  },
  {
    "epoch": 55,
    "k": 51,
    "seed": 93,
    "train_loss": 0.012631305224297014,
    "train_acc": 0.995344469309463,
    "test_loss": 1.6247633695602417,
    "test_acc": 0.7677
  },
  {
    "epoch": 56,
    "k": 51,
    "seed": 93,
    "train_loss": 0.022939019353666983,
    "train_acc": 0.9921675191815856,
    "test_loss": 1.5727643966674805,
    "test_acc": 0.7743
  },
  {
    "epoch": 57,
    "k": 51,
    "seed": 93,
    "train_loss": 0.022193431954064508,
    "train_acc": 0.9920476342710998,
    "test_loss": 1.4328334331512451,
    "test_acc": 0.785
  },
  {
    "epoch": 58,
    "k": 51,
    "seed": 93,
    "train_loss": 0.014931591809764468,
    "train_acc": 0.9948649296675192,
    "test_loss": 1.4951895475387573,
    "test_acc": 0.781
  },
  {
    "epoch": 59,
    "k": 51,
    "seed": 93,
    "train_loss": 0.012189632961693246,
    "train_acc": 0.9956441815856778,
    "test_loss": 1.4736326932907104,
    "test_acc": 0.7819
  },
  {
    "epoch": 60,
    "k": 51,
    "seed": 93,
    "train_loss": 0.023049125326913483,
    "train_acc": 0.9923673273657289,
    "test_loss": 1.6391974687576294,
    "test_acc": 0.7749
  },
  {
    "epoch": 61,
    "k": 51,
    "seed": 93,
    "train_loss": 0.017058690735067494,
    "train_acc": 0.994401374680307,
    "test_loss": 1.5146089792251587,
    "test_acc": 0.7769
  },
  {
    "epoch": 62,
    "k": 51,
    "seed": 93,
    "train_loss": 0.016025663286958442,
    "train_acc": 0.9943254475703325,
    "test_loss": 1.7535574436187744,
    "test_acc": 0.7573
  },
  {
    "epoch": 63,
    "k": 51,
    "seed": 93,
    "train_loss": 0.016814210966238818,
    "train_acc": 0.9943734015345269,
    "test_loss": 1.653834342956543,
    "test_acc": 0.7661
  },
  {
    "epoch": 64,
    "k": 51,
    "seed": 93,
    "train_loss": 0.019049843417449624,
    "train_acc": 0.993865888746803,
    "test_loss": 1.4960811138153076,
    "test_acc": 0.7789
  },
  {
    "epoch": 65,
    "k": 51,
    "seed": 93,
    "train_loss": 0.012184630178351728,
    "train_acc": 0.9958040281329923,
    "test_loss": 1.7194132804870605,
    "test_acc": 0.7688
  },
  {
    "epoch": 66,
    "k": 51,
    "seed": 93,
    "train_loss": 0.01730006934968931,
    "train_acc": 0.9940656969309463,
    "test_loss": 1.5942277908325195,
    "test_acc": 0.78
  },
  {
    "epoch": 67,
    "k": 51,
    "seed": 93,
    "train_loss": 0.015395322776585044,
    "train_acc": 0.9947330562659847,
    "test_loss": 1.5149197578430176,
    "test_acc": 0.7739
  },
  {
    "epoch": 68,
    "k": 51,
    "seed": 93,
    "train_loss": 0.01261471851033342,
    "train_acc": 0.9958200127877238,
    "test_loss": 1.5131233930587769,
    "test_acc": 0.7848
  },
  {
    "epoch": 69,
    "k": 51,
    "seed": 93,
    "train_loss": 0.019091404339470475,
    "train_acc": 0.9936460997442456,
    "test_loss": 1.5736607313156128,
    "test_acc": 0.7734
  },
  {
    "epoch": 70,
    "k": 51,
    "seed": 93,
    "train_loss": 0.01793190516909445,
    "train_acc": 0.9941256393861893,
    "test_loss": 1.6250606775283813,
    "test_acc": 0.7765
  },
  {
    "epoch": 71,
    "k": 51,
    "seed": 93,
    "train_loss": 0.01210514064362023,
    "train_acc": 0.9954723465473146,
    "test_loss": 1.6283072233200073,
    "test_acc": 0.7786
  },
  {
    "epoch": 72,
    "k": 51,
    "seed": 93,
    "train_loss": 0.020602461058803347,
    "train_acc": 0.9930067135549873,
    "test_loss": 1.5664918422698975,
    "test_acc": 0.7799
  },
  {
    "epoch": 73,
    "k": 51,
    "seed": 93,
    "train_loss": 0.010771481375417807,
    "train_acc": 0.9964074488491048,
    "test_loss": 1.3815134763717651,
    "test_acc": 0.7939
  },
  {
    "epoch": 74,
    "k": 51,
    "seed": 93,
    "train_loss": 0.019320549511369224,
    "train_acc": 0.9940816815856778,
    "test_loss": 1.5838031768798828,
    "test_acc": 0.7727
  },
  {
    "epoch": 75,
    "k": 51,
    "seed": 93,
    "train_loss": 0.014343294651632237,
    "train_acc": 0.9953244884910486,
    "test_loss": 1.6203972101211548,
    "test_acc": 0.778
  },
  {
    "epoch": 76,
    "k": 51,
    "seed": 93,
    "train_loss": 0.013202178538893796,
    "train_acc": 0.9956641624040921,
    "test_loss": 1.4779812097549438,
    "test_acc": 0.7861
  },
  {
    "epoch": 77,
    "k": 51,
    "seed": 93,
    "train_loss": 0.008833232249737397,
    "train_acc": 0.9973025895140665,
    "test_loss": 1.413743495941162,
    "test_acc": 0.7909
  },
  {
    "epoch": 78,
    "k": 51,
    "seed": 93,
    "train_loss": 0.009420001502892034,
    "train_acc": 0.9968110613810742,
    "test_loss": 1.6138510704040527,
    "test_acc": 0.77
  },
  {
    "epoch": 79,
    "k": 51,
    "seed": 93,
    "train_loss": 0.01841102093168626,
    "train_acc": 0.9935901534526853,
    "test_loss": 1.6236439943313599,
    "test_acc": 0.7693
  },
  {
    "epoch": 80,
    "k": 51,
    "seed": 93,
    "train_loss": 0.022701766905560167,
    "train_acc": 0.9924152813299233,
    "test_loss": 1.3751001358032227,
    "test_acc": 0.7897
  },
  {
    "epoch": 81,
    "k": 51,
    "seed": 93,
    "train_loss": 0.01094176634770843,
    "train_acc": 0.9961916560102302,
    "test_loss": 1.6909335851669312,
    "test_acc": 0.7658
  },
  {
    "epoch": 82,
    "k": 51,
    "seed": 93,
    "train_loss": 0.008465195650180593,
    "train_acc": 0.99690297314578,
    "test_loss": 1.5044432878494263,
    "test_acc": 0.7899
  },
  {
    "epoch": 83,
    "k": 51,
    "seed": 93,
    "train_loss": 0.013245371189471597,
    "train_acc": 0.9954203964194374,
    "test_loss": 1.577152967453003,
    "test_acc": 0.775
  },
  {
    "epoch": 84,
    "k": 51,
    "seed": 93,
    "train_loss": 0.019398332354822554,
    "train_acc": 0.993634111253197,
    "test_loss": 1.4164637327194214,
    "test_acc": 0.7857
  },
  {
    "epoch": 85,
    "k": 51,
    "seed": 93,
    "train_loss": 0.00928386815647875,
    "train_acc": 0.9966032608695652,
    "test_loss": 1.6241720914840698,
    "test_acc": 0.7746
  },
  {
    "epoch": 86,
    "k": 51,
    "seed": 93,
    "train_loss": 0.007107243017677073,
    "train_acc": 0.997582320971867,
    "test_loss": 1.4430537223815918,
    "test_acc": 0.7923
  },
  {
    "epoch": 87,
    "k": 51,
    "seed": 93,
    "train_loss": 0.007099744388172665,
    "train_acc": 0.9976023017902813,
    "test_loss": 1.658941388130188,
    "test_acc": 0.7853
  },
  {
    "epoch": 88,
    "k": 51,
    "seed": 93,
    "train_loss": 0.024001932794698918,
    "train_acc": 0.9919956841432226,
    "test_loss": 1.4387977123260498,
    "test_acc": 0.7839
  },
  {
    "epoch": 89,
    "k": 51,
    "seed": 93,
    "train_loss": 0.012632639086025957,
    "train_acc": 0.9959199168797954,
    "test_loss": 1.6222285032272339,
    "test_acc": 0.7733
  },
  {
    "epoch": 90,
    "k": 51,
    "seed": 93,
    "train_loss": 0.008481789257634854,
    "train_acc": 0.9973425511508951,
    "test_loss": 1.4609754085540771,
    "test_acc": 0.7976
  },
  {
    "epoch": 91,
    "k": 51,
    "seed": 93,
    "train_loss": 0.005388703449964053,
    "train_acc": 0.9982217071611253,
    "test_loss": 1.418103575706482,
    "test_acc": 0.7962
  },
  {
    "epoch": 92,
    "k": 51,
    "seed": 93,
    "train_loss": 0.013078224179954977,
    "train_acc": 0.9956721547314579,
    "test_loss": 1.5722934007644653,
    "test_acc": 0.7771
  },
  {
    "epoch": 93,
    "k": 51,
    "seed": 93,
    "train_loss": 0.02014813061087223,
    "train_acc": 0.9929267902813299,
    "test_loss": 1.3709428310394287,
    "test_acc": 0.7921
  },
  {
    "epoch": 94,
    "k": 51,
    "seed": 93,
    "train_loss": 0.010834238684532689,
    "train_acc": 0.996551310741688,
    "test_loss": 1.3961063623428345,
    "test_acc": 0.7955
  },
  {
    "epoch": 95,
    "k": 51,
    "seed": 93,
    "train_loss": 0.008569854924453722,
    "train_acc": 0.996962915601023,
    "test_loss": 1.438591718673706,
    "test_acc": 0.8019
  },
  {
    "epoch": 96,
    "k": 51,
    "seed": 93,
    "train_loss": 0.009905980805161118,
    "train_acc": 0.996611253196931,
    "test_loss": 1.5300170183181763,
    "test_acc": 0.7947
  },
  {
    "epoch": 97,
    "k": 51,
    "seed": 93,
    "train_loss": 0.011508627919444252,
    "train_acc": 0.9962236253196931,
    "test_loss": 1.6520839929580688,
    "test_acc": 0.7807
  },
  {
    "epoch": 98,
    "k": 51,
    "seed": 93,
    "train_loss": 0.013777338501876261,
    "train_acc": 0.9953244884910486,
    "test_loss": 1.5098692178726196,
    "test_acc": 0.7881
  },
  {
    "epoch": 99,
    "k": 51,
    "seed": 93,
    "train_loss": 0.008073455852452222,
    "train_acc": 0.9974424552429667,
    "test_loss": 1.5892456769943237,
    "test_acc": 0.7912
  },
  {
    "epoch": 100,
    "k": 51,
    "seed": 93,
    "train_loss": 0.012340867559576932,
    "train_acc": 0.995843989769821,
    "test_loss": 1.6147639751434326,
    "test_acc": 0.7875
  },
  {
    "epoch": 101,
    "k": 51,
    "seed": 93,
    "train_loss": 0.014252755405285897,
    "train_acc": 0.9955642583120204,
    "test_loss": 1.8266934156417847,
    "test_acc": 0.7761
  },
  {
    "epoch": 102,
    "k": 51,
    "seed": 93,
    "train_loss": 0.011641958460543434,
    "train_acc": 0.9960238171355499,
    "test_loss": 1.4923171997070312,
    "test_acc": 0.7916
  },
  {
    "epoch": 103,
    "k": 51,
    "seed": 93,
    "train_loss": 0.005037418483547545,
    "train_acc": 0.9984814578005116,
    "test_loss": 1.480820894241333,
    "test_acc": 0.7929
  },
  {
    "epoch": 104,
    "k": 51,
    "seed": 93,
    "train_loss": 0.006810282921370389,
    "train_acc": 0.9978820332480819,
    "test_loss": 1.5555884838104248,
    "test_acc": 0.788
  },
  {
    "epoch": 105,
    "k": 51,
    "seed": 93,
    "train_loss": 0.015858871398082473,
    "train_acc": 0.9945332480818415,
    "test_loss": 1.609304666519165,
    "test_acc": 0.7808
  },
  {
    "epoch": 106,
    "k": 51,
    "seed": 93,
    "train_loss": 0.013190714950433455,
    "train_acc": 0.9956441815856778,
    "test_loss": 1.5062917470932007,
    "test_acc": 0.7898
  },
  {
    "epoch": 107,
    "k": 51,
    "seed": 93,
    "train_loss": 0.005890811365155076,
    "train_acc": 0.9980818414322251,
    "test_loss": 1.3930517435073853,
    "test_acc": 0.7983
  },
  {
    "epoch": 108,
    "k": 51,
    "seed": 93,
    "train_loss": 0.007041424332152843,
    "train_acc": 0.9976262787723784,
    "test_loss": 1.5450881719589233,
    "test_acc": 0.7929
  },
  {
    "epoch": 109,
    "k": 51,
    "seed": 93,
    "train_loss": 0.01006728755035515,
    "train_acc": 0.9967231457800512,
    "test_loss": 1.586586356163025,
    "test_acc": 0.7894
  },
  {
    "epoch": 110,
    "k": 51,
    "seed": 93,
    "train_loss": 0.012338844192013114,
    "train_acc": 0.9961237212276215,
    "test_loss": 1.6581881046295166,
    "test_acc": 0.7838
  },
  {
    "epoch": 111,
    "k": 51,
    "seed": 93,
    "train_loss": 0.011011401097240869,
    "train_acc": 0.9962236253196931,
    "test_loss": 1.5048778057098389,
    "test_acc": 0.79
  },
  {
    "epoch": 112,
    "k": 51,
    "seed": 93,
    "train_loss": 0.007733079432972821,
    "train_acc": 0.9974224744245525,
    "test_loss": 1.5299917459487915,
    "test_acc": 0.7972
  },
  {
    "epoch": 113,
    "k": 51,
    "seed": 93,
    "train_loss": 0.008207767590391695,
    "train_acc": 0.9971427429667519,
    "test_loss": 1.5986530780792236,
    "test_acc": 0.7937
  },
  {
    "epoch": 114,
    "k": 51,
    "seed": 93,
    "train_loss": 0.009178826328874042,
    "train_acc": 0.9970108695652175,
    "test_loss": 1.5256690979003906,
    "test_acc": 0.7943
  },
  {
    "epoch": 115,
    "k": 51,
    "seed": 93,
    "train_loss": 0.01398345573055421,
    "train_acc": 0.9954443734015346,
    "test_loss": 1.603022575378418,
    "test_acc": 0.7869
  },
  {
    "epoch": 116,
    "k": 51,
    "seed": 93,
    "train_loss": 0.00783108294187986,
    "train_acc": 0.9973825127877238,
    "test_loss": 1.4717748165130615,
    "test_acc": 0.795
  },
  {
    "epoch": 117,
    "k": 51,
    "seed": 93,
    "train_loss": 0.004584028435962917,
    "train_acc": 0.9985414002557544,
    "test_loss": 1.5806541442871094,
    "test_acc": 0.7932
  },
  {
    "epoch": 118,
    "k": 51,
    "seed": 93,
    "train_loss": 0.011394243090632496,
    "train_acc": 0.9961437020460358,
    "test_loss": 1.5000817775726318,
    "test_acc": 0.7937
  },
  {
    "epoch": 119,
    "k": 51,
    "seed": 93,
    "train_loss": 0.010956268017313501,
    "train_acc": 0.9963634910485933,
    "test_loss": 1.6536544561386108,
    "test_acc": 0.7785
  },
  {
    "epoch": 120,
    "k": 51,
    "seed": 93,
    "train_loss": 0.009451554498633073,
    "train_acc": 0.9971827046035806,
    "test_loss": 1.7589775323867798,
    "test_acc": 0.7776
  },
  {
    "epoch": 121,
    "k": 51,
    "seed": 93,
    "train_loss": 0.009422987501420255,
    "train_acc": 0.996962915601023,
    "test_loss": 1.6333861351013184,
    "test_acc": 0.7903
  },
  {
    "epoch": 122,
    "k": 51,
    "seed": 93,
    "train_loss": 0.008589767595351166,
    "train_acc": 0.9971827046035806,
    "test_loss": 1.617262601852417,
    "test_acc": 0.7924
  },
  {
    "epoch": 123,
    "k": 51,
    "seed": 93,
    "train_loss": 0.004753216939025616,
    "train_acc": 0.9981617647058824,
    "test_loss": 1.5242846012115479,
    "test_acc": 0.7962
  },
  {
    "epoch": 124,
    "k": 51,
    "seed": 93,
    "train_loss": 0.00686050401631073,
    "train_acc": 0.9976302749360614,
    "test_loss": 1.7047234773635864,
    "test_acc": 0.7848
  },
  {
    "epoch": 125,
    "k": 51,
    "seed": 93,
    "train_loss": 0.017541480390109356,
    "train_acc": 0.9940537084398977,
    "test_loss": 1.4904215335845947,
    "test_acc": 0.7965
  },
  {
    "epoch": 126,
    "k": 51,
    "seed": 93,
    "train_loss": 0.008228445952357308,
    "train_acc": 0.9971627237851662,
    "test_loss": 1.4751229286193848,
    "test_acc": 0.797
  },
  {
    "epoch": 127,
    "k": 51,
    "seed": 93,
    "train_loss": 0.005513728168463316,
    "train_acc": 0.9982416879795396,
    "test_loss": 1.5147919654846191,
    "test_acc": 0.7995
  },
  {
    "epoch": 128,
    "k": 51,
    "seed": 93,
    "train_loss": 0.007948367188257408,
    "train_acc": 0.9972306585677749,
    "test_loss": 1.5088235139846802,
    "test_acc": 0.8008
  },
  {
    "epoch": 129,
    "k": 51,
    "seed": 93,
    "train_loss": 0.006821796674320585,
    "train_acc": 0.9978820332480819,
    "test_loss": 1.6250064373016357,
    "test_acc": 0.79
  },
  {
    "epoch": 130,
    "k": 51,
    "seed": 93,
    "train_loss": 0.01471488176075977,
    "train_acc": 0.9955322890025575,
    "test_loss": 1.6796804666519165,
    "test_acc": 0.7877
  },
  {
    "epoch": 131,
    "k": 51,
    "seed": 93,
    "train_loss": 0.008043858238597006,
    "train_acc": 0.9973625319693095,
    "test_loss": 1.5296647548675537,
    "test_acc": 0.7995
  },
  {
    "epoch": 132,
    "k": 51,
    "seed": 93,
    "train_loss": 0.0054735335449324265,
    "train_acc": 0.9982416879795396,
    "test_loss": 1.5326331853866577,
    "test_acc": 0.7959
  },
  {
    "epoch": 133,
    "k": 51,
    "seed": 93,
    "train_loss": 0.006378126200999755,
    "train_acc": 0.9978900255754476,
    "test_loss": 1.5281776189804077,
    "test_acc": 0.7954
  },
  {
    "epoch": 134,
    "k": 51,
    "seed": 93,
    "train_loss": 0.008251401526221717,
    "train_acc": 0.9973825127877238,
    "test_loss": 1.5171902179718018,
    "test_acc": 0.7964
  },
  {
    "epoch": 135,
    "k": 51,
    "seed": 93,
    "train_loss": 0.009452301785052481,
    "train_acc": 0.9968829923273658,
    "test_loss": 1.718764305114746,
    "test_acc": 0.7827
  },
  {
    "epoch": 136,
    "k": 51,
    "seed": 93,
    "train_loss": 0.010424458465366679,
    "train_acc": 0.9964514066496164,
    "test_loss": 1.5562814474105835,
    "test_acc": 0.793
  },
  {
    "epoch": 137,
    "k": 51,
    "seed": 93,
    "train_loss": 0.007328395110927462,
    "train_acc": 0.9975223785166241,
    "test_loss": 1.562393069267273,
    "test_acc": 0.7973
  },
  {
    "epoch": 138,
    "k": 51,
    "seed": 93,
    "train_loss": 0.005866210687448765,
    "train_acc": 0.9979619565217391,
    "test_loss": 1.7050625085830688,
    "test_acc": 0.7905
  },
  {
    "epoch": 139,
    "k": 51,
    "seed": 93,
    "train_loss": 0.009999442127719492,
    "train_acc": 0.9967511189258312,
    "test_loss": 1.767012357711792,
    "test_acc": 0.7752
  },
  {
    "epoch": 140,
    "k": 51,
    "seed": 93,
    "train_loss": 0.011066209097370192,
    "train_acc": 0.9963515025575448,
    "test_loss": 1.4927351474761963,
    "test_acc": 0.7984
  },
  {
    "epoch": 141,
    "k": 51,
    "seed": 93,
    "train_loss": 0.00585939394254626,
    "train_acc": 0.9981018222506394,
    "test_loss": 1.540617823600769,
    "test_acc": 0.7984
  },
  {
    "epoch": 142,
    "k": 51,
    "seed": 93,
    "train_loss": 0.006280999809501862,
    "train_acc": 0.9976422634271099,
    "test_loss": 1.5467168092727661,
    "test_acc": 0.8005
  },
  {
    "epoch": 143,
    "k": 51,
    "seed": 93,
    "train_loss": 0.009110810207367065,
    "train_acc": 0.9970108695652175,
    "test_loss": 1.6484769582748413,
    "test_acc": 0.7853
  },
  {
    "epoch": 144,
    "k": 51,
    "seed": 93,
    "train_loss": 0.009944300916853666,
    "train_acc": 0.996962915601023,
    "test_loss": 1.4996103048324585,
    "test_acc": 0.8055
  },
  {
    "epoch": 145,
    "k": 51,
    "seed": 93,
    "train_loss": 0.004827499320945533,
    "train_acc": 0.9985813618925832,
    "test_loss": 1.4495636224746704,
    "test_acc": 0.8072
  },
  {
    "epoch": 146,
    "k": 51,
    "seed": 93,
    "train_loss": 0.0034420955102191643,
    "train_acc": 0.9989210358056266,
    "test_loss": 1.6701099872589111,
    "test_acc": 0.7936
  },
  {
    "epoch": 147,
    "k": 51,
    "seed": 93,
    "train_loss": 0.01192710610129048,
    "train_acc": 0.9958719629156011,
    "test_loss": 1.5324954986572266,
    "test_acc": 0.797
  },
  {
    "epoch": 148,
    "k": 51,
    "seed": 93,
    "train_loss": 0.011904590631114416,
    "train_acc": 0.9961237212276215,
    "test_loss": 1.6368266344070435,
    "test_acc": 0.7869
  },
  {
    "epoch": 149,
    "k": 51,
    "seed": 93,
    "train_loss": 0.005683502433387328,
    "train_acc": 0.9980218989769821,
    "test_loss": 1.4437447786331177,
    "test_acc": 0.8063
  },
  {
    "epoch": 150,
    "k": 51,
    "seed": 93,
    "train_loss": 0.003366759372046082,
    "train_acc": 0.9989010549872123,
    "test_loss": 1.443497896194458,
    "test_acc": 0.8102
  },
  {
    "epoch": 151,
    "k": 51,
    "seed": 93,
    "train_loss": 0.0036244346345930397,
    "train_acc": 0.998761189258312,
    "test_loss": 1.58330237865448,
    "test_acc": 0.8002
  },
  {
    "epoch": 152,
    "k": 51,
    "seed": 93,
    "train_loss": 0.007170476845644457,
    "train_acc": 0.9976222826086957,
    "test_loss": 1.782328724861145,
    "test_acc": 0.7853
  },
  {
    "epoch": 153,
    "k": 51,
    "seed": 93,
    "train_loss": 0.0147410904030174,
    "train_acc": 0.9951246803069054,
    "test_loss": 1.6036523580551147,
    "test_acc": 0.7998
  },
  {
    "epoch": 154,
    "k": 51,
    "seed": 93,
    "train_loss": 0.008698669582581878,
    "train_acc": 0.997082800511509,
    "test_loss": 1.4844685792922974,
    "test_acc": 0.8053
  },
  {
    "epoch": 155,
    "k": 51,
    "seed": 93,
    "train_loss": 0.003090122995681877,
    "train_acc": 0.9990609015345269,
    "test_loss": 1.591719627380371,
    "test_acc": 0.7993
  },
  {
    "epoch": 156,
    "k": 51,
    "seed": 93,
    "train_loss": 0.004625698656754374,
    "train_acc": 0.9983415920716112,
    "test_loss": 1.583984613418579,
    "test_acc": 0.801
  },
  {
    "epoch": 157,
    "k": 51,
    "seed": 93,
    "train_loss": 0.006835004482990233,
    "train_acc": 0.997910006393862,
    "test_loss": 1.7508636713027954,
    "test_acc": 0.7926
  },
  {
    "epoch": 158,
    "k": 51,
    "seed": 93,
    "train_loss": 0.007502845180028079,
    "train_acc": 0.9974024936061381,
    "test_loss": 1.5657113790512085,
    "test_acc": 0.7996
  },
  {
    "epoch": 159,
    "k": 51,
    "seed": 93,
    "train_loss": 0.007737325771755478,
    "train_acc": 0.9972106777493607,
    "test_loss": 1.5526397228240967,
    "test_acc": 0.798
  },
  {
    "epoch": 160,
    "k": 51,
    "seed": 93,
    "train_loss": 0.005575529351052402,
    "train_acc": 0.9980418797953964,
    "test_loss": 1.6051267385482788,
    "test_acc": 0.7984
  },
  {
    "epoch": 161,
    "k": 51,
    "seed": 93,
    "train_loss": 0.003280092468149165,
    "train_acc": 0.9989809782608695,
    "test_loss": 1.6246696710586548,
    "test_acc": 0.7983
  },
  {
    "epoch": 162,
    "k": 51,
    "seed": 93,
    "train_loss": 0.007855136727083127,
    "train_acc": 0.9975703324808184,
    "test_loss": 1.8431583642959595,
    "test_acc": 0.7837
  },
  {
    "epoch": 163,
    "k": 51,
    "seed": 93,
    "train_loss": 0.011730332456598663,
    "train_acc": 0.9965593030690537,
    "test_loss": 1.596855640411377,
    "test_acc": 0.7976
  },
  {
    "epoch": 164,
    "k": 51,
    "seed": 93,
    "train_loss": 0.0059572200478864796,
    "train_acc": 0.9979219948849105,
    "test_loss": 1.6679421663284302,
    "test_acc": 0.7942
  },
  {
    "epoch": 165,
    "k": 51,
    "seed": 93,
    "train_loss": 0.00486971086012844,
    "train_acc": 0.9982816496163683,
    "test_loss": 1.5637344121932983,
    "test_acc": 0.8009
  },
  {
    "epoch": 166,
    "k": 51,
    "seed": 93,
    "train_loss": 0.003653489628409389,
    "train_acc": 0.998821131713555,
    "test_loss": 1.6114823818206787,
    "test_acc": 0.8004
  },
  {
    "epoch": 167,
    "k": 51,
    "seed": 93,
    "train_loss": 0.006446357270011932,
    "train_acc": 0.997790121483376,
    "test_loss": 1.67940092086792,
    "test_acc": 0.7984
  },
  {
    "epoch": 168,
    "k": 51,
    "seed": 93,
    "train_loss": 0.012140075995941045,
    "train_acc": 0.9961437020460358,
    "test_loss": 1.655059576034546,
    "test_acc": 0.7885
  },
  {
    "epoch": 169,
    "k": 51,
    "seed": 93,
    "train_loss": 0.005885807664317164,
    "train_acc": 0.9978620524296675,
    "test_loss": 1.602176308631897,
    "test_acc": 0.7998
  },
  {
    "epoch": 170,
    "k": 51,
    "seed": 93,
    "train_loss": 0.004616426599482448,
    "train_acc": 0.9981617647058824,
    "test_loss": 1.5453429222106934,
    "test_acc": 0.8013
  },
  {
    "epoch": 171,
    "k": 51,
    "seed": 93,
    "train_loss": 0.0033969988049517975,
    "train_acc": 0.9989609974424553,
    "test_loss": 1.6453863382339478,
    "test_acc": 0.7991
  },
  {
    "epoch": 172,
    "k": 51,
    "seed": 93,
    "train_loss": 0.007514017918360866,
    "train_acc": 0.9974224744245525,
    "test_loss": 1.797173023223877,
    "test_acc": 0.7834
  },
  {
    "epoch": 173,
    "k": 51,
    "seed": 93,
    "train_loss": 0.010441449600631548,
    "train_acc": 0.9965433184143222,
    "test_loss": 1.554719090461731,
    "test_acc": 0.8059
  },
  {
    "epoch": 174,
    "k": 51,
    "seed": 93,
    "train_loss": 0.004447001157394882,
    "train_acc": 0.9985214194373402,
    "test_loss": 1.5734820365905762,
    "test_acc": 0.8059
  },
  {
    "epoch": 175,
    "k": 51,
    "seed": 93,
    "train_loss": 0.005413657663561854,
    "train_acc": 0.9983016304347826,
    "test_loss": 1.6356137990951538,
    "test_acc": 0.796
  },
  {
    "epoch": 176,
    "k": 51,
    "seed": 93,
    "train_loss": 0.005333093930092734,
    "train_acc": 0.99838155370844,
    "test_loss": 1.6266671419143677,
    "test_acc": 0.8
  },
  {
    "epoch": 177,
    "k": 51,
    "seed": 93,
    "train_loss": 0.0068737846418849245,
    "train_acc": 0.9977621483375959,
    "test_loss": 1.6955828666687012,
    "test_acc": 0.7952
  },
  {
    "epoch": 178,
    "k": 51,
    "seed": 93,
    "train_loss": 0.00604195551738678,
    "train_acc": 0.9979499680306906,
    "test_loss": 1.7148083448410034,
    "test_acc": 0.7958
  },
  {
    "epoch": 179,
    "k": 51,
    "seed": 93,
    "train_loss": 0.004493504066391217,
    "train_acc": 0.998141783887468,
    "test_loss": 1.6386363506317139,
    "test_acc": 0.7997
  },
  {
    "epoch": 180,
    "k": 51,
    "seed": 93,
    "train_loss": 0.005977852305954272,
    "train_acc": 0.9977821291560103,
    "test_loss": 1.6807048320770264,
    "test_acc": 0.7983
  },
  {
    "epoch": 181,
    "k": 51,
    "seed": 93,
    "train_loss": 0.009734716739184364,
    "train_acc": 0.9966632033248082,
    "test_loss": 1.5905436277389526,
    "test_acc": 0.8047
  },
  {
    "epoch": 182,
    "k": 51,
    "seed": 93,
    "train_loss": 0.0038315594893690345,
    "train_acc": 0.998701246803069,
    "test_loss": 1.4933345317840576,
    "test_acc": 0.8123
  },
  {
    "epoch": 183,
    "k": 51,
    "seed": 93,
    "train_loss": 0.0023571778872727364,
    "train_acc": 0.9993006713554987,
    "test_loss": 1.57969331741333,
    "test_acc": 0.8053
  },
  {
    "epoch": 184,
    "k": 51,
    "seed": 93,
    "train_loss": 0.005898073035177382,
    "train_acc": 0.9979899296675192,
    "test_loss": 1.618874430656433,
    "test_acc": 0.7959
  },
  {
    "epoch": 185,
    "k": 51,
    "seed": 93,
    "train_loss": 0.007103181054502821,
    "train_acc": 0.9976622442455243,
    "test_loss": 1.6740385293960571,
    "test_acc": 0.7997
  },
  {
    "epoch": 186,
    "k": 51,
    "seed": 93,
    "train_loss": 0.007513037760959041,
    "train_acc": 0.997582320971867,
    "test_loss": 1.5587177276611328,
    "test_acc": 0.8055
  },
  {
    "epoch": 187,
    "k": 51,
    "seed": 93,
    "train_loss": 0.006149279054259011,
    "train_acc": 0.9980818414322251,
    "test_loss": 1.640363097190857,
    "test_acc": 0.8015
  },
  {
    "epoch": 188,
    "k": 51,
    "seed": 93,
    "train_loss": 0.0039409815163694165,
    "train_acc": 0.998641304347826,
    "test_loss": 1.6479644775390625,
    "test_acc": 0.8022
  },
  {
    "epoch": 189,
    "k": 51,
    "seed": 93,
    "train_loss": 0.005712508293622577,
    "train_acc": 0.9980818414322251,
    "test_loss": 1.60962975025177,
    "test_acc": 0.7999
  },
  {
    "epoch": 190,
    "k": 51,
    "seed": 93,
    "train_loss": 0.005052076469030482,
    "train_acc": 0.9983615728900256,
    "test_loss": 1.522217869758606,
    "test_acc": 0.8081
  },
  {
    "epoch": 191,
    "k": 51,
    "seed": 93,
    "train_loss": 0.006172299447715446,
    "train_acc": 0.9979899296675192,
    "test_loss": 1.7036925554275513,
    "test_acc": 0.802
  },
  {
    "epoch": 192,
    "k": 51,
    "seed": 93,
    "train_loss": 0.007543847880171593,
    "train_acc": 0.9976622442455243,
    "test_loss": 1.5337847471237183,
    "test_acc": 0.8054
  },
  {
    "epoch": 193,
    "k": 51,
    "seed": 93,
    "train_loss": 0.005480940418741473,
    "train_acc": 0.9982097186700768,
    "test_loss": 1.5134176015853882,
    "test_acc": 0.8116
  },
  {
    "epoch": 194,
    "k": 51,
    "seed": 93,
    "train_loss": 0.0045629504487953824,
    "train_acc": 0.9986213235294118,
    "test_loss": 1.5269925594329834,
    "test_acc": 0.8116
  },
  {
    "epoch": 195,
    "k": 51,
    "seed": 93,
    "train_loss": 0.007447109846109708,
    "train_acc": 0.9975623401534527,
    "test_loss": 1.6960535049438477,
    "test_acc": 0.799
  },
  {
    "epoch": 196,
    "k": 51,
    "seed": 93,
    "train_loss": 0.005669258880490694,
    "train_acc": 0.9979819373401535,
    "test_loss": 1.4778767824172974,
    "test_acc": 0.812
  },
  {
    "epoch": 197,
    "k": 51,
    "seed": 93,
    "train_loss": 0.0017885351164046682,
    "train_acc": 0.9993606138107417,
    "test_loss": 1.5059021711349487,
    "test_acc": 0.8161
  },
  {
    "epoch": 198,
    "k": 51,
    "seed": 93,
    "train_loss": 0.0054902767233460095,
    "train_acc": 0.9983296035805627,
    "test_loss": 1.6863720417022705,
    "test_acc": 0.8021
  },
  {
    "epoch": 199,
    "k": 51,
    "seed": 93,
    "train_loss": 0.008924960647805968,
    "train_acc": 0.9969229539641944,
    "test_loss": 1.6989728212356567,
    "test_acc": 0.802
  },
  {
    "epoch": 200,
    "k": 51,
    "seed": 93,
    "train_loss": 0.006726160550035665,
    "train_acc": 0.9975783248081842,
    "test_loss": 1.5970510244369507,
    "test_acc": 0.8018
  },
  {
    "epoch": 201,
    "k": 51,
    "seed": 93,
    "train_loss": 0.0045892235306152366,
    "train_acc": 0.9985414002557544,
    "test_loss": 1.5870217084884644,
    "test_acc": 0.8104
  },
  {
    "epoch": 202,
    "k": 51,
    "seed": 93,
    "train_loss": 0.003395995675057694,
    "train_acc": 0.998821131713555,
    "test_loss": 1.5846844911575317,
    "test_acc": 0.8118
  },
  {
    "epoch": 203,
    "k": 51,
    "seed": 93,
    "train_loss": 0.006207561382326529,
    "train_acc": 0.9981018222506394,
    "test_loss": 1.551025629043579,
    "test_acc": 0.8058
  },
  {
    "epoch": 204,
    "k": 51,
    "seed": 93,
    "train_loss": 0.004222418436413713,
    "train_acc": 0.9987412084398977,
    "test_loss": 1.5916532278060913,
    "test_acc": 0.8134
  },
  {
    "epoch": 205,
    "k": 51,
    "seed": 93,
    "train_loss": 0.008026001623133328,
    "train_acc": 0.9976222826086957,
    "test_loss": 1.6740533113479614,
    "test_acc": 0.8019
  },
  {
    "epoch": 206,
    "k": 51,
    "seed": 93,
    "train_loss": 0.005228348510840673,
    "train_acc": 0.998321611253197,
    "test_loss": 1.6591647863388062,
    "test_acc": 0.8017
  },
  {
    "epoch": 207,
    "k": 51,
    "seed": 93,
    "train_loss": 0.0050599505890295176,
    "train_acc": 0.998261668797954,
    "test_loss": 1.6427910327911377,
    "test_acc": 0.8047
  },
  {
    "epoch": 208,
    "k": 51,
    "seed": 93,
    "train_loss": 0.005171886005567515,
    "train_acc": 0.9982816496163683,
    "test_loss": 1.5865546464920044,
    "test_acc": 0.8087
  },
  {
    "epoch": 209,
    "k": 51,
    "seed": 93,
    "train_loss": 0.0038546720345231985,
    "train_acc": 0.9986492966751919,
    "test_loss": 1.615476131439209,
    "test_acc": 0.8084
  },
  {
    "epoch": 210,
    "k": 51,
    "seed": 93,
    "train_loss": 0.006317430639476132,
    "train_acc": 0.997818094629156,
    "test_loss": 1.571710228919983,
    "test_acc": 0.8085
  },
  {
    "epoch": 211,
    "k": 51,
    "seed": 93,
    "train_loss": 0.005527392618582164,
    "train_acc": 0.9984814578005116,
    "test_loss": 1.5468924045562744,
    "test_acc": 0.8077
  },
  {
    "epoch": 212,
    "k": 51,
    "seed": 93,
    "train_loss": 0.002036791622607491,
    "train_acc": 0.9992886828644502,
    "test_loss": 1.5777442455291748,
    "test_acc": 0.8066
  },
  {
    "epoch": 213,
    "k": 51,
    "seed": 93,
    "train_loss": 0.0033521820269701926,
    "train_acc": 0.9986612851662404,
    "test_loss": 1.8543214797973633,
    "test_acc": 0.7924
  },
  {
    "epoch": 214,
    "k": 51,
    "seed": 93,
    "train_loss": 0.00966474198701136,
    "train_acc": 0.9968030690537084,
    "test_loss": 1.646140217781067,
    "test_acc": 0.8029
  },
  {
    "epoch": 215,
    "k": 51,
    "seed": 93,
    "train_loss": 0.004857697159200248,
    "train_acc": 0.9983415920716112,
    "test_loss": 1.4737156629562378,
    "test_acc": 0.8104
  },
  {
    "epoch": 216,
    "k": 51,
    "seed": 93,
    "train_loss": 0.0034586842166664166,
    "train_acc": 0.9989609974424553,
    "test_loss": 1.532632827758789,
    "test_acc": 0.8131
  },
  {
    "epoch": 217,
    "k": 51,
    "seed": 93,
    "train_loss": 0.0014463555321121047,
    "train_acc": 0.9996403452685422,
    "test_loss": 1.454679250717163,
    "test_acc": 0.8176
  },
  {
    "epoch": 218,
    "k": 51,
    "seed": 93,
    "train_loss": 0.0053139033772974945,
    "train_acc": 0.9985214194373402,
    "test_loss": 1.6851996183395386,
    "test_acc": 0.8038
  },
  {
    "epoch": 219,
    "k": 51,
    "seed": 93,
    "train_loss": 0.008322093414996146,
    "train_acc": 0.997170716112532,
    "test_loss": 1.6640187501907349,
    "test_acc": 0.8053
  },
  {
    "epoch": 220,
    "k": 51,
    "seed": 93,
    "train_loss": 0.006854171249348937,
    "train_acc": 0.9976422634271099,
    "test_loss": 1.651361346244812,
    "test_acc": 0.8063
  },
  {
    "epoch": 221,
    "k": 51,
    "seed": 93,
    "train_loss": 0.005722352913706978,
    "train_acc": 0.998261668797954,
    "test_loss": 1.628604769706726,
    "test_acc": 0.8035
  },
  {
    "epoch": 222,
    "k": 51,
    "seed": 93,
    "train_loss": 0.003854511435560305,
    "train_acc": 0.9986213235294118,
    "test_loss": 1.5671738386154175,
    "test_acc": 0.8097
  },
  {
    "epoch": 223,
    "k": 51,
    "seed": 93,
    "train_loss": 0.0030264269916701974,
    "train_acc": 0.9989290281329923,
    "test_loss": 1.5965960025787354,
    "test_acc": 0.8031
  },
  {
    "epoch": 224,
    "k": 51,
    "seed": 93,
    "train_loss": 0.004975089622751016,
    "train_acc": 0.9983695652173913,
    "test_loss": 1.6464810371398926,
    "test_acc": 0.8034
  },
  {
    "epoch": 225,
    "k": 51,
    "seed": 93,
    "train_loss": 0.005140595177834866,
    "train_acc": 0.9983016304347826,
    "test_loss": 1.578060507774353,
    "test_acc": 0.8142
  },
  {
    "epoch": 226,
    "k": 51,
    "seed": 93,
    "train_loss": 0.005639140324975041,
    "train_acc": 0.998201726342711,
    "test_loss": 1.5654245615005493,
    "test_acc": 0.8078
  },
  {
    "epoch": 227,
    "k": 51,
    "seed": 93,
    "train_loss": 0.005106635299742735,
    "train_acc": 0.99838155370844,
    "test_loss": 1.7398948669433594,
    "test_acc": 0.7979
  },
  {
    "epoch": 228,
    "k": 51,
    "seed": 93,
    "train_loss": 0.00438968224742454,
    "train_acc": 0.9984814578005116,
    "test_loss": 1.5690726041793823,
    "test_acc": 0.8124
  },
  {
    "epoch": 229,
    "k": 51,
    "seed": 93,
    "train_loss": 0.0030866086094740513,
    "train_acc": 0.9989609974424553,
    "test_loss": 1.6803412437438965,
    "test_acc": 0.7972
  },
  {
    "epoch": 230,
    "k": 51,
    "seed": 93,
    "train_loss": 0.006751503387978256,
    "train_acc": 0.9976422634271099,
    "test_loss": 1.587712049484253,
    "test_acc": 0.8087
  },
  {
    "epoch": 231,
    "k": 51,
    "seed": 93,
    "train_loss": 0.004960116999888699,
    "train_acc": 0.9983096227621484,
    "test_loss": 1.5379154682159424,
    "test_acc": 0.8082
  },
  {
    "epoch": 232,
    "k": 51,
    "seed": 93,
    "train_loss": 0.002482033887391106,
    "train_acc": 0.9992407289002557,
    "test_loss": 1.5132217407226562,
    "test_acc": 0.8148
  },
  {
    "epoch": 233,
    "k": 51,
    "seed": 93,
    "train_loss": 0.003754929566374594,
    "train_acc": 0.9988011508951407,
    "test_loss": 1.9466605186462402,
    "test_acc": 0.7879
  },
  {
    "epoch": 234,
    "k": 51,
    "seed": 93,
    "train_loss": 0.0014134884652629693,
    "train_acc": 0.9995804028132992,
    "test_loss": 1.6239408254623413,
    "test_acc": 0.8123
  },
  {
    "epoch": 235,
    "k": 51,
    "seed": 93,
    "train_loss": 0.006934490522178381,
    "train_acc": 0.9981098145780052,
    "test_loss": 1.6906009912490845,
    "test_acc": 0.8005
  },
  {
    "epoch": 236,
    "k": 51,
    "seed": 93,
    "train_loss": 0.00867299339238099,
    "train_acc": 0.9973305626598465,
    "test_loss": 1.5938187837600708,
    "test_acc": 0.8067
  },
  {
    "epoch": 237,
    "k": 51,
    "seed": 93,
    "train_loss": 0.00400011611110012,
    "train_acc": 0.9986013427109974,
    "test_loss": 1.5496786832809448,
    "test_acc": 0.8067
  },
  {
    "epoch": 238,
    "k": 51,
    "seed": 93,
    "train_loss": 0.0023397112996611834,
    "train_acc": 0.9993006713554987,
    "test_loss": 1.5809296369552612,
    "test_acc": 0.8074
  },
  {
    "epoch": 239,
    "k": 51,
    "seed": 93,
    "train_loss": 0.003298912234845433,
    "train_acc": 0.9990209398976982,
    "test_loss": 1.727712869644165,
    "test_acc": 0.8017
  },
  {
    "epoch": 240,
    "k": 51,
    "seed": 93,
    "train_loss": 0.0022427593148793565,
    "train_acc": 0.9991608056265985,
    "test_loss": 1.6426037549972534,
    "test_acc": 0.8106
  },
  {
    "epoch": 241,
    "k": 51,
    "seed": 93,
    "train_loss": 0.005940541215075711,
    "train_acc": 0.9981218030690537,
    "test_loss": 1.702582836151123,
    "test_acc": 0.797
  },
  {
    "epoch": 242,
    "k": 51,
    "seed": 93,
    "train_loss": 0.008053437968681562,
    "train_acc": 0.9974624360613811,
    "test_loss": 1.6433237791061401,
    "test_acc": 0.8068
  },
  {
    "epoch": 243,
    "k": 51,
    "seed": 93,
    "train_loss": 0.00481800112165287,
    "train_acc": 0.9984814578005116,
    "test_loss": 1.6184667348861694,
    "test_acc": 0.8076
  },
  {
    "epoch": 244,
    "k": 51,
    "seed": 93,
    "train_loss": 0.0035934914352465127,
    "train_acc": 0.9988810741687979,
    "test_loss": 1.589858889579773,
    "test_acc": 0.8112
  },
  {
    "epoch": 245,
    "k": 51,
    "seed": 93,
    "train_loss": 0.002652891781931279,
    "train_acc": 0.9990209398976982,
    "test_loss": 1.6078834533691406,
    "test_acc": 0.8149
  },
  {
    "epoch": 246,
    "k": 51,
    "seed": 93,
    "train_loss": 0.00416865365099938,
    "train_acc": 0.9988411125319693,
    "test_loss": 1.6833734512329102,
    "test_acc": 0.808
  },
  {
    "epoch": 247,
    "k": 51,
    "seed": 93,
    "train_loss": 0.005761772703913254,
    "train_acc": 0.9980218989769821,
    "test_loss": 1.6805095672607422,
    "test_acc": 0.8096
  },
  {
    "epoch": 248,
    "k": 51,
    "seed": 93,
    "train_loss": 0.004144793704985614,
    "train_acc": 0.9986013427109974,
    "test_loss": 1.6133588552474976,
    "test_acc": 0.8145
  },
  {
    "epoch": 249,
    "k": 51,
    "seed": 93,
    "train_loss": 0.002422034109801813,
    "train_acc": 0.9991608056265985,
    "test_loss": 1.6029107570648193,
    "test_acc": 0.8132
  },
  {
    "epoch": 250,
    "k": 51,
    "seed": 93,
    "train_loss": 0.0034869383206652923,
    "train_acc": 0.9990009590792839,
    "test_loss": 1.5911622047424316,
    "test_acc": 0.8118
  },
  {
    "epoch": 251,
    "k": 51,
    "seed": 93,
    "train_loss": 0.004407784724325353,
    "train_acc": 0.9984295076726343,
    "test_loss": 1.6595474481582642,
    "test_acc": 0.8072
  },
  {
    "epoch": 252,
    "k": 51,
    "seed": 93,
    "train_loss": 0.005542067291148239,
    "train_acc": 0.9980818414322251,
    "test_loss": 1.6850582361221313,
    "test_acc": 0.8047
  },
  {
    "epoch": 253,
    "k": 51,
    "seed": 93,
    "train_loss": 0.004891858925189283,
    "train_acc": 0.998289641943734,
    "test_loss": 1.5966501235961914,
    "test_acc": 0.8109
  },
  {
    "epoch": 254,
    "k": 51,
    "seed": 93,
    "train_loss": 0.006664109580879783,
    "train_acc": 0.9979219948849105,
    "test_loss": 1.6066186428070068,
    "test_acc": 0.8097
  },
  {
    "epoch": 255,
    "k": 51,
    "seed": 93,
    "train_loss": 0.0030217302371374666,
    "train_acc": 0.9989010549872123,
    "test_loss": 1.5907795429229736,
    "test_acc": 0.8097
  },
  {
    "epoch": 256,
    "k": 51,
    "seed": 93,
    "train_loss": 0.0020113466924347196,
    "train_acc": 0.9994205562659847,
    "test_loss": 1.5641493797302246,
    "test_acc": 0.8111
  },
  {
    "epoch": 257,
    "k": 51,
    "seed": 93,
    "train_loss": 0.003444528251466088,
    "train_acc": 0.998761189258312,
    "test_loss": 1.575532078742981,
    "test_acc": 0.8125
  },
  {
    "epoch": 258,
    "k": 51,
    "seed": 93,
    "train_loss": 0.004987086452590871,
    "train_acc": 0.9983415920716112,
    "test_loss": 1.6375298500061035,
    "test_acc": 0.8047
  },
  {
    "epoch": 259,
    "k": 51,
    "seed": 93,
    "train_loss": 0.004758320630786851,
    "train_acc": 0.9984215153452686,
    "test_loss": 1.6265039443969727,
    "test_acc": 0.811
  },
  {
    "epoch": 260,
    "k": 51,
    "seed": 93,
    "train_loss": 0.005637493481868739,
    "train_acc": 0.9980898337595908,
    "test_loss": 1.6421414613723755,
    "test_acc": 0.8042
  },
  {
    "epoch": 261,
    "k": 51,
    "seed": 93,
    "train_loss": 0.0034983450209252077,
    "train_acc": 0.9988011508951407,
    "test_loss": 1.7025434970855713,
    "test_acc": 0.8024
  },
  {
    "epoch": 262,
    "k": 51,
    "seed": 93,
    "train_loss": 0.002229644631015303,
    "train_acc": 0.9992207480818415,
    "test_loss": 1.663500428199768,
    "test_acc": 0.8079
  },
  {
    "epoch": 263,
    "k": 51,
    "seed": 93,
    "train_loss": 0.0028087843071893416,
    "train_acc": 0.9989809782608695,
    "test_loss": 1.6769466400146484,
    "test_acc": 0.8058
  },
  {
    "epoch": 264,
    "k": 51,
    "seed": 93,
    "train_loss": 0.0031884309350878265,
    "train_acc": 0.9987811700767263,
    "test_loss": 1.6998529434204102,
    "test_acc": 0.8095
  },
  {
    "epoch": 265,
    "k": 51,
    "seed": 93,
    "train_loss": 0.003558599520969521,
    "train_acc": 0.9988810741687979,
    "test_loss": 1.6526806354522705,
    "test_acc": 0.809
  },
  {
    "epoch": 266,
    "k": 51,
    "seed": 93,
    "train_loss": 0.005604200640207159,
    "train_acc": 0.9983016304347826,
    "test_loss": 1.7930619716644287,
    "test_acc": 0.802
  },
  {
    "epoch": 267,
    "k": 51,
    "seed": 93,
    "train_loss": 0.00561687563768756,
    "train_acc": 0.9981817455242967,
    "test_loss": 1.6664754152297974,
    "test_acc": 0.8074
  },
  {
    "epoch": 268,
    "k": 51,
    "seed": 93,
    "train_loss": 0.0029550799410648686,
    "train_acc": 0.9989210358056266,
    "test_loss": 1.6023222208023071,
    "test_acc": 0.8082
  },
  {
    "epoch": 269,
    "k": 51,
    "seed": 93,
    "train_loss": 0.0031882485051674264,
    "train_acc": 0.9990409207161125,
    "test_loss": 1.6649748086929321,
    "test_acc": 0.8085
  },
  {
    "epoch": 270,
    "k": 51,
    "seed": 93,
    "train_loss": 0.005679915265814449,
    "train_acc": 0.998261668797954,
    "test_loss": 1.6315855979919434,
    "test_acc": 0.8098
  },
  {
    "epoch": 271,
    "k": 51,
    "seed": 93,
    "train_loss": 0.003871984179213518,
    "train_acc": 0.9986612851662404,
    "test_loss": 1.760632038116455,
    "test_acc": 0.8003
  },
  {
    "epoch": 272,
    "k": 51,
    "seed": 93,
    "train_loss": 0.0038780351381737166,
    "train_acc": 0.9985094309462916,
    "test_loss": 1.7174787521362305,
    "test_acc": 0.805
  },
  {
    "epoch": 273,
    "k": 51,
    "seed": 93,
    "train_loss": 0.006358133791524972,
    "train_acc": 0.9981817455242967,
    "test_loss": 1.6895813941955566,
    "test_acc": 0.8091
  },
  {
    "epoch": 274,
    "k": 51,
    "seed": 93,
    "train_loss": 0.0017324487647893733,
    "train_acc": 0.9994804987212276,
    "test_loss": 1.618362307548523,
    "test_acc": 0.8138
  },
  {
    "epoch": 275,
    "k": 51,
    "seed": 93,
    "train_loss": 0.001647492032769923,
    "train_acc": 0.999440537084399,
    "test_loss": 1.6426713466644287,
    "test_acc": 0.8133
  },
  {
    "epoch": 276,
    "k": 51,
    "seed": 93,
    "train_loss": 0.0009521439427006561,
    "train_acc": 0.9997802109974424,
    "test_loss": 1.6268128156661987,
    "test_acc": 0.8138
  },
  {
    "epoch": 277,
    "k": 51,
    "seed": 93,
    "train_loss": 0.00994899281746173,
    "train_acc": 0.9967591112531969,
    "test_loss": 1.7417277097702026,
    "test_acc": 0.7994
  },
  {
    "epoch": 278,
    "k": 51,
    "seed": 93,
    "train_loss": 0.005505838167374301,
    "train_acc": 0.9984015345268542,
    "test_loss": 1.6311570405960083,
    "test_acc": 0.8123
  },
  {
    "epoch": 279,
    "k": 51,
    "seed": 93,
    "train_loss": 0.0017128181879342591,
    "train_acc": 0.9994005754475703,
    "test_loss": 1.6344716548919678,
    "test_acc": 0.8141
  },
  {
    "epoch": 280,
    "k": 51,
    "seed": 93,
    "train_loss": 0.002018226877425431,
    "train_acc": 0.9993006713554987,
    "test_loss": 1.6633741855621338,
    "test_acc": 0.8115
  },
  {
    "epoch": 281,
    "k": 51,
    "seed": 93,
    "train_loss": 0.002111995153482078,
    "train_acc": 0.9993006713554987,
    "test_loss": 1.6410058736801147,
    "test_acc": 0.8133
  },
  {
    "epoch": 282,
    "k": 51,
    "seed": 93,
    "train_loss": 0.003132849029848249,
    "train_acc": 0.9989809782608695,
    "test_loss": 1.685566782951355,
    "test_acc": 0.8047
  },
  {
    "epoch": 283,
    "k": 51,
    "seed": 93,
    "train_loss": 0.0034686365106096984,
    "train_acc": 0.9988411125319693,
    "test_loss": 1.7600078582763672,
    "test_acc": 0.8038
  },
  {
    "epoch": 284,
    "k": 51,
    "seed": 93,
    "train_loss": 0.0058297999801511895,
    "train_acc": 0.998201726342711,
    "test_loss": 1.6540886163711548,
    "test_acc": 0.8147
  },
  {
    "epoch": 285,
    "k": 51,
    "seed": 93,
    "train_loss": 0.004338377100925809,
    "train_acc": 0.9985014386189258,
    "test_loss": 1.7684518098831177,
    "test_acc": 0.807
  },
  {
    "epoch": 286,
    "k": 51,
    "seed": 93,
    "train_loss": 0.006318679513305191,
    "train_acc": 0.9981018222506394,
    "test_loss": 1.7423423528671265,
    "test_acc": 0.8087
  },
  {
    "epoch": 287,
    "k": 51,
    "seed": 93,
    "train_loss": 0.0031747436849678366,
    "train_acc": 0.9990089514066497,
    "test_loss": 1.833836555480957,
    "test_acc": 0.7999
  },
  {
    "epoch": 288,
    "k": 51,
    "seed": 93,
    "train_loss": 0.0032194630452930914,
    "train_acc": 0.9989410166240409,
    "test_loss": 1.6153422594070435,
    "test_acc": 0.8147
  },
  {
    "epoch": 289,
    "k": 51,
    "seed": 93,
    "train_loss": 0.0007419164770934124,
    "train_acc": 0.9997402493606138,
    "test_loss": 1.6625994443893433,
    "test_acc": 0.8156
  },
  {
    "epoch": 290,
    "k": 51,
    "seed": 93,
    "train_loss": 0.0013800778673792383,
    "train_acc": 0.9994605179028133,
    "test_loss": 1.7899680137634277,
    "test_acc": 0.8108
  },
  {
    "epoch": 291,
    "k": 51,
    "seed": 93,
    "train_loss": 0.008959174752529638,
    "train_acc": 0.9971627237851662,
    "test_loss": 1.762619972229004,
    "test_acc": 0.8083
  },
  {
    "epoch": 292,
    "k": 51,
    "seed": 93,
    "train_loss": 0.0046661161550881755,
    "train_acc": 0.9987212276214834,
    "test_loss": 1.6055874824523926,
    "test_acc": 0.8128
  },
  {
    "epoch": 293,
    "k": 51,
    "seed": 93,
    "train_loss": 0.0028561814923818056,
    "train_acc": 0.999028932225064,
    "test_loss": 1.716862678527832,
    "test_acc": 0.8149
  },
  {
    "epoch": 294,
    "k": 51,
    "seed": 93,
    "train_loss": 0.0024252010733809928,
    "train_acc": 0.9990409207161125,
    "test_loss": 1.6387232542037964,
    "test_acc": 0.8137
  },
  {
    "epoch": 295,
    "k": 51,
    "seed": 93,
    "train_loss": 0.0014249772108204085,
    "train_acc": 0.9996003836317136,
    "test_loss": 1.5980218648910522,
    "test_acc": 0.8186
  },
  {
    "epoch": 296,
    "k": 51,
    "seed": 93,
    "train_loss": 0.0012583231298873051,
    "train_acc": 0.9995404411764706,
    "test_loss": 1.7582435607910156,
    "test_acc": 0.8026
  },
  {
    "epoch": 297,
    "k": 51,
    "seed": 93,
    "train_loss": 0.0038847916881289695,
    "train_acc": 0.9986293158567775,
    "test_loss": 1.761047601699829,
    "test_acc": 0.8068
  },
  {
    "epoch": 298,
    "k": 51,
    "seed": 93,
    "train_loss": 0.006718179027138552,
    "train_acc": 0.9978820332480819,
    "test_loss": 1.8438252210617065,
    "test_acc": 0.8012
  },
  {
    "epoch": 299,
    "k": 51,
    "seed": 93,
    "train_loss": 0.005357775757217829,
    "train_acc": 0.9983296035805627,
    "test_loss": 1.6066553592681885,
    "test_acc": 0.8137
  },
  {
    "epoch": 300,
    "k": 51,
    "seed": 93,
    "train_loss": 0.0029955104938871337,
    "train_acc": 0.9991008631713555,
    "test_loss": 1.6032378673553467,
    "test_acc": 0.8157
  },
  {
    "epoch": 301,
    "k": 51,
    "seed": 93,
    "train_loss": 0.002569669447560329,
    "train_acc": 0.9990808823529411,
    "test_loss": 1.6251749992370605,
    "test_acc": 0.8153
  },
  {
    "epoch": 302,
    "k": 51,
    "seed": 93,
    "train_loss": 0.003189468306954729,
    "train_acc": 0.9989809782608695,
    "test_loss": 1.6757173538208008,
    "test_acc": 0.8124
  },
  {
    "epoch": 303,
    "k": 51,
    "seed": 93,
    "train_loss": 0.0046426292897593134,
    "train_acc": 0.9987212276214834,
    "test_loss": 1.6773937940597534,
    "test_acc": 0.8102
  },
  {
    "epoch": 304,
    "k": 51,
    "seed": 93,
    "train_loss": 0.004591682867035678,
    "train_acc": 0.9984215153452686,
    "test_loss": 1.612316370010376,
    "test_acc": 0.813
  },
  {
    "epoch": 305,
    "k": 51,
    "seed": 93,
    "train_loss": 0.0020714919815524816,
    "train_acc": 0.9994205562659847,
    "test_loss": 1.6528512239456177,
    "test_acc": 0.8195
  },
  {
    "epoch": 306,
    "k": 51,
    "seed": 93,
    "train_loss": 0.000704122601407905,
    "train_acc": 0.9998001918158568,
    "test_loss": 1.5938562154769897,
    "test_acc": 0.8216
  },
  {
    "epoch": 307,
    "k": 51,
    "seed": 93,
    "train_loss": 0.00021370594961210148,
    "train_acc": 0.9999600383631714,
    "test_loss": 1.5981080532073975,
    "test_acc": 0.8246
  },
  {
    "epoch": 308,
    "k": 51,
    "seed": 93,
    "train_loss": 0.00011506108087128309,
    "train_acc": 0.9999800191815856,
    "test_loss": 1.60055410861969,
    "test_acc": 0.8188
  },
  {
    "epoch": 309,
    "k": 51,
    "seed": 93,
    "train_loss": 0.00948259150250964,
    "train_acc": 0.9970788043478261,
    "test_loss": 1.7315753698349,
    "test_acc": 0.805
  },
  {
    "epoch": 310,
    "k": 51,
    "seed": 93,
    "train_loss": 0.00856084146410111,
    "train_acc": 0.997022858056266,
    "test_loss": 1.5658081769943237,
    "test_acc": 0.81
  },
  {
    "epoch": 311,
    "k": 51,
    "seed": 93,
    "train_loss": 0.0025603715306479363,
    "train_acc": 0.9990808823529411,
    "test_loss": 1.635635495185852,
    "test_acc": 0.8111
  },
  {
    "epoch": 312,
    "k": 51,
    "seed": 93,
    "train_loss": 0.0027293177429777576,
    "train_acc": 0.9989809782608695,
    "test_loss": 1.6159461736679077,
    "test_acc": 0.8117
  },
  {
    "epoch": 313,
    "k": 51,
    "seed": 93,
    "train_loss": 0.0011331179639065896,
    "train_acc": 0.9996003836317136,
    "test_loss": 1.558239221572876,
    "test_acc": 0.8164
  },
  {
    "epoch": 314,
    "k": 51,
    "seed": 93,
    "train_loss": 0.001323943317360721,
    "train_acc": 0.9995404411764706,
    "test_loss": 1.6304668188095093,
    "test_acc": 0.8141
  },
  {
    "epoch": 315,
    "k": 51,
    "seed": 93,
    "train_loss": 0.008571853091556328,
    "train_acc": 0.9973905051150895,
    "test_loss": 1.740326166152954,
    "test_acc": 0.8049
  },
  {
    "epoch": 316,
    "k": 51,
    "seed": 93,
    "train_loss": 0.004354366391333575,
    "train_acc": 0.9985613810741688,
    "test_loss": 1.6488171815872192,
    "test_acc": 0.8095
  },
  {
    "epoch": 317,
    "k": 51,
    "seed": 93,
    "train_loss": 0.0011521951923909352,
    "train_acc": 0.9995404411764706,
    "test_loss": 1.5817177295684814,
    "test_acc": 0.8177
  },
  {
    "epoch": 318,
    "k": 51,
    "seed": 93,
    "train_loss": 0.0007010589393675697,
    "train_acc": 0.9997402493606138,
    "test_loss": 1.585738182067871,
    "test_acc": 0.8204
  },
  {
    "epoch": 319,
    "k": 51,
    "seed": 93,
    "train_loss": 0.001143085413050846,
    "train_acc": 0.9996403452685422,
    "test_loss": 1.7121726274490356,
    "test_acc": 0.8119
  },
  {
    "epoch": 320,
    "k": 51,
    "seed": 93,
    "train_loss": 0.005943613300074995,
    "train_acc": 0.9979419757033248,
    "test_loss": 1.846543788909912,
    "test_acc": 0.7991
  },
  {
    "epoch": 321,
    "k": 51,
    "seed": 93,
    "train_loss": 0.0064198338864465436,
    "train_acc": 0.9977621483375959,
    "test_loss": 1.7131896018981934,
    "test_acc": 0.8091
  },
  {
    "epoch": 322,
    "k": 51,
    "seed": 93,
    "train_loss": 0.003139939110980749,
    "train_acc": 0.9988091432225065,
    "test_loss": 1.637325644493103,
    "test_acc": 0.8176
  },
  {
    "epoch": 323,
    "k": 51,
    "seed": 93,
    "train_loss": 0.002374475316595812,
    "train_acc": 0.9991408248081841,
    "test_loss": 1.6253207921981812,
    "test_acc": 0.8183
  },
  {
    "epoch": 324,
    "k": 51,
    "seed": 93,
    "train_loss": 0.0017064676119149457,
    "train_acc": 0.9994205562659847,
    "test_loss": 1.6322513818740845,
    "test_acc": 0.8139
  },
  {
    "epoch": 325,
    "k": 51,
    "seed": 93,
    "train_loss": 0.0016330731813819683,
    "train_acc": 0.9994005754475703,
    "test_loss": 1.7953320741653442,
    "test_acc": 0.8062
  },
  {
    "epoch": 326,
    "k": 51,
    "seed": 93,
    "train_loss": 0.007239173146018702,
    "train_acc": 0.9975423593350383,
    "test_loss": 1.9374369382858276,
    "test_acc": 0.7975
  },
  {
    "epoch": 327,
    "k": 51,
    "seed": 93,
    "train_loss": 0.002962522819684997,
    "train_acc": 0.9990409207161125,
    "test_loss": 1.6919682025909424,
    "test_acc": 0.8162
  },
  {
    "epoch": 328,
    "k": 51,
    "seed": 93,
    "train_loss": 0.0023515026494765954,
    "train_acc": 0.9992207480818415,
    "test_loss": 1.7195197343826294,
    "test_acc": 0.8129
  },
  {
    "epoch": 329,
    "k": 51,
    "seed": 93,
    "train_loss": 0.0016082224876505882,
    "train_acc": 0.9995004795396419,
    "test_loss": 1.7089117765426636,
    "test_acc": 0.8091
  },
  {
    "epoch": 330,
    "k": 51,
    "seed": 93,
    "train_loss": 0.0015160451968205119,
    "train_acc": 0.9994205562659847,
    "test_loss": 1.6774019002914429,
    "test_acc": 0.8131
  },
  {
    "epoch": 331,
    "k": 51,
    "seed": 93,
    "train_loss": 0.0026999774488125385,
    "train_acc": 0.9991608056265985,
    "test_loss": 1.7761508226394653,
    "test_acc": 0.8078
  },
  {
    "epoch": 332,
    "k": 51,
    "seed": 93,
    "train_loss": 0.006078492350824167,
    "train_acc": 0.9979619565217391,
    "test_loss": 1.67560875415802,
    "test_acc": 0.8139
  },
  {
    "epoch": 333,
    "k": 51,
    "seed": 93,
    "train_loss": 0.0053852471874133254,
    "train_acc": 0.9981018222506394,
    "test_loss": 1.6295279264450073,
    "test_acc": 0.8204
  },
  {
    "epoch": 334,
    "k": 51,
    "seed": 93,
    "train_loss": 0.0019420445549460515,
    "train_acc": 0.9994804987212276,
    "test_loss": 1.5774145126342773,
    "test_acc": 0.8214
  },
  {
    "epoch": 335,
    "k": 51,
    "seed": 93,
    "train_loss": 0.00042082420562881,
    "train_acc": 0.9998601342710998,
    "test_loss": 1.5953755378723145,
    "test_acc": 0.8231
  },
  {
    "epoch": 336,
    "k": 51,
    "seed": 93,
    "train_loss": 0.0008917824419980694,
    "train_acc": 0.9996803069053708,
    "test_loss": 1.6419283151626587,
    "test_acc": 0.8176
  },
  {
    "epoch": 337,
    "k": 51,
    "seed": 93,
    "train_loss": 0.003422281346153366,
    "train_acc": 0.9990009590792839,
    "test_loss": 1.7566089630126953,
    "test_acc": 0.8099
  },
  {
    "epoch": 338,
    "k": 51,
    "seed": 93,
    "train_loss": 0.006137252914865824,
    "train_acc": 0.9981218030690537,
    "test_loss": 1.7796272039413452,
    "test_acc": 0.8054
  },
  {
    "epoch": 339,
    "k": 51,
    "seed": 93,
    "train_loss": 0.0036444903212902928,
    "train_acc": 0.9989010549872123,
    "test_loss": 1.6490117311477661,
    "test_acc": 0.8173
  },
  {
    "epoch": 340,
    "k": 51,
    "seed": 93,
    "train_loss": 0.002877964502068047,
    "train_acc": 0.9990409207161125,
    "test_loss": 1.7877197265625,
    "test_acc": 0.8098
  },
  {
    "epoch": 341,
    "k": 51,
    "seed": 93,
    "train_loss": 0.0024416822647482985,
    "train_acc": 0.9991008631713555,
    "test_loss": 1.6799802780151367,
    "test_acc": 0.817
  },
  {
    "epoch": 342,
    "k": 51,
    "seed": 93,
    "train_loss": 0.0012795025356161826,
    "train_acc": 0.9995604219948849,
    "test_loss": 1.6842668056488037,
    "test_acc": 0.8228
  },
  {
    "epoch": 343,
    "k": 51,
    "seed": 93,
    "train_loss": 0.006422424808235805,
    "train_acc": 0.9979819373401535,
    "test_loss": 1.6571521759033203,
    "test_acc": 0.8155
  },
  {
    "epoch": 344,
    "k": 51,
    "seed": 93,
    "train_loss": 0.0034718502711053784,
    "train_acc": 0.9988810741687979,
    "test_loss": 1.6657732725143433,
    "test_acc": 0.8095
  },
  {
    "epoch": 345,
    "k": 51,
    "seed": 93,
    "train_loss": 0.0016769600494650925,
    "train_acc": 0.9994804987212276,
    "test_loss": 1.6601084470748901,
    "test_acc": 0.8162
  },
  {
    "epoch": 346,
    "k": 51,
    "seed": 93,
    "train_loss": 0.004377549979379911,
    "train_acc": 0.9985813618925832,
    "test_loss": 1.8163611888885498,
    "test_acc": 0.8078
  },
  {
    "epoch": 347,
    "k": 51,
    "seed": 93,
    "train_loss": 0.0034249434240463186,
    "train_acc": 0.9989210358056266,
    "test_loss": 1.6675769090652466,
    "test_acc": 0.8159
  },
  {
    "epoch": 348,
    "k": 51,
    "seed": 93,
    "train_loss": 0.0008906698020503711,
    "train_acc": 0.9996803069053708,
    "test_loss": 1.7013134956359863,
    "test_acc": 0.818
  },
  {
    "epoch": 349,
    "k": 51,
    "seed": 93,
    "train_loss": 0.0014532359445059676,
    "train_acc": 0.9994804987212276,
    "test_loss": 1.6874510049819946,
    "test_acc": 0.8179
  },
  {
    "epoch": 350,
    "k": 51,
    "seed": 93,
    "train_loss": 0.0019661187819501273,
    "train_acc": 0.9993406329923273,
    "test_loss": 1.9101673364639282,
    "test_acc": 0.7989
  },
  {
    "epoch": 351,
    "k": 51,
    "seed": 93,
    "train_loss": 0.005136953036856113,
    "train_acc": 0.9981018222506394,
    "test_loss": 1.7684916257858276,
    "test_acc": 0.8106
  },
  {
    "epoch": 352,
    "k": 51,
    "seed": 93,
    "train_loss": 0.005918262453344927,
    "train_acc": 0.9982416879795396,
    "test_loss": 1.8619372844696045,
    "test_acc": 0.8056
  },
  {
    "epoch": 353,
    "k": 51,
    "seed": 93,
    "train_loss": 0.002186825335673649,
    "train_acc": 0.9992207480818415,
    "test_loss": 1.676759123802185,
    "test_acc": 0.8153
  },
  {
    "epoch": 354,
    "k": 51,
    "seed": 93,
    "train_loss": 0.0008196943019451628,
    "train_acc": 0.9997202685421995,
    "test_loss": 1.6828597784042358,
    "test_acc": 0.8152
  },
  {
    "epoch": 355,
    "k": 51,
    "seed": 93,
    "train_loss": 0.0010040863255342564,
    "train_acc": 0.9996403452685422,
    "test_loss": 1.7356812953948975,
    "test_acc": 0.8163
  },
  {
    "epoch": 356,
    "k": 51,
    "seed": 93,
    "train_loss": 0.005159994318865596,
    "train_acc": 0.9984814578005116,
    "test_loss": 1.7375240325927734,
    "test_acc": 0.8079
  },
  {
    "epoch": 357,
    "k": 51,
    "seed": 93,
    "train_loss": 0.005128347665070594,
    "train_acc": 0.9982816496163683,
    "test_loss": 1.7492165565490723,
    "test_acc": 0.8094
  },
  {
    "epoch": 358,
    "k": 51,
    "seed": 93,
    "train_loss": 0.002377108096641252,
    "train_acc": 0.9992806905370843,
    "test_loss": 1.6953505277633667,
    "test_acc": 0.8212
  },
  {
    "epoch": 359,
    "k": 51,
    "seed": 93,
    "train_loss": 0.0006018695261295142,
    "train_acc": 0.9998201726342711,
    "test_loss": 1.7013492584228516,
    "test_acc": 0.8197
  },
  {
    "epoch": 360,
    "k": 51,
    "seed": 93,
    "train_loss": 7.07499878323186e-05,
    "train_acc": 1.0,
    "test_loss": 1.6689141988754272,
    "test_acc": 0.8239
  },
  {
    "epoch": 361,
    "k": 51,
    "seed": 93,
    "train_loss": 0.0008428696459451026,
    "train_acc": 0.9997002877237852,
    "test_loss": 1.7158191204071045,
    "test_acc": 0.8147
  },
  {
    "epoch": 362,
    "k": 51,
    "seed": 93,
    "train_loss": 0.010930804231674118,
    "train_acc": 0.9968230498721228,
    "test_loss": 1.6583267450332642,
    "test_acc": 0.8108
  },
  {
    "epoch": 363,
    "k": 51,
    "seed": 93,
    "train_loss": 0.003839641562786905,
    "train_acc": 0.9988091432225065,
    "test_loss": 1.5633161067962646,
    "test_acc": 0.8155
  },
  {
    "epoch": 364,
    "k": 51,
    "seed": 93,
    "train_loss": 0.001727431886239404,
    "train_acc": 0.9994005754475703,
    "test_loss": 1.6026862859725952,
    "test_acc": 0.8155
  },
  {
    "epoch": 365,
    "k": 51,
    "seed": 93,
    "train_loss": 0.0006033179710531091,
    "train_acc": 0.9998401534526854,
    "test_loss": 1.556734561920166,
    "test_acc": 0.8196
  },
  {
    "epoch": 366,
    "k": 51,
    "seed": 93,
    "train_loss": 0.0007860946801879768,
    "train_acc": 0.9997802109974424,
    "test_loss": 1.688657283782959,
    "test_acc": 0.811
  },
  {
    "epoch": 367,
    "k": 51,
    "seed": 93,
    "train_loss": 0.0016947156152416732,
    "train_acc": 0.9995404411764706,
    "test_loss": 1.7026363611221313,
    "test_acc": 0.8131
  },
  {
    "epoch": 368,
    "k": 51,
    "seed": 93,
    "train_loss": 0.005544184271922993,
    "train_acc": 0.9982217071611253,
    "test_loss": 1.8765984773635864,
    "test_acc": 0.7992
  },
  {
    "epoch": 369,
    "k": 51,
    "seed": 93,
    "train_loss": 0.005958394052356216,
    "train_acc": 0.9980218989769821,
    "test_loss": 1.7356367111206055,
    "test_acc": 0.8144
  },
  {
    "epoch": 370,
    "k": 51,
    "seed": 93,
    "train_loss": 0.0035354992164300715,
    "train_acc": 0.9989010549872123,
    "test_loss": 1.6898201704025269,
    "test_acc": 0.8164
  },
  {
    "epoch": 371,
    "k": 51,
    "seed": 93,
    "train_loss": 0.0023848522910962446,
    "train_acc": 0.9992806905370843,
    "test_loss": 1.636452555656433,
    "test_acc": 0.8134
  },
  {
    "epoch": 372,
    "k": 51,
    "seed": 93,
    "train_loss": 0.0011692606480343984,
    "train_acc": 0.9997002877237852,
    "test_loss": 1.6782519817352295,
    "test_acc": 0.8184
  },
  {
    "epoch": 373,
    "k": 51,
    "seed": 93,
    "train_loss": 0.00019516344746351854,
    "train_acc": 0.999940057544757,
    "test_loss": 1.6532520055770874,
    "test_acc": 0.817
  },
  {
    "epoch": 374,
    "k": 51,
    "seed": 93,
    "train_loss": 0.0012437669111139147,
    "train_acc": 0.9995804028132992,
    "test_loss": 1.8350900411605835,
    "test_acc": 0.8048
  },
  {
    "epoch": 375,
    "k": 51,
    "seed": 93,
    "train_loss": 0.009248484163952903,
    "train_acc": 0.9973705242966753,
    "test_loss": 1.7317291498184204,
    "test_acc": 0.8064
  },
  {
    "epoch": 376,
    "k": 51,
    "seed": 93,
    "train_loss": 0.003550872999032268,
    "train_acc": 0.9987811700767263,
    "test_loss": 1.6949517726898193,
    "test_acc": 0.8086
  },
  {
    "epoch": 377,
    "k": 51,
    "seed": 93,
    "train_loss": 0.0009711662920173748,
    "train_acc": 0.9996203644501279,
    "test_loss": 1.6528900861740112,
    "test_acc": 0.8182
  },
  {
    "epoch": 378,
    "k": 51,
    "seed": 93,
    "train_loss": 0.0003535711445062357,
    "train_acc": 0.999880115089514,
    "test_loss": 1.6088875532150269,
    "test_acc": 0.8222
  },
  {
    "epoch": 379,
    "k": 51,
    "seed": 93,
    "train_loss": 0.0006042037687358785,
    "train_acc": 0.9998201726342711,
    "test_loss": 1.6158554553985596,
    "test_acc": 0.8202
  },
  {
    "epoch": 380,
    "k": 51,
    "seed": 93,
    "train_loss": 0.0011192504271665346,
    "train_acc": 0.9996203644501279,
    "test_loss": 1.8232125043869019,
    "test_acc": 0.8093
  },
  {
    "epoch": 381,
    "k": 51,
    "seed": 93,
    "train_loss": 0.006169031905368837,
    "train_acc": 0.9980418797953964,
    "test_loss": 1.8573448657989502,
    "test_acc": 0.8076
  },
  {
    "epoch": 382,
    "k": 51,
    "seed": 93,
    "train_loss": 0.008974882619319367,
    "train_acc": 0.9973305626598465,
    "test_loss": 1.8067455291748047,
    "test_acc": 0.8055
  },
  {
    "epoch": 383,
    "k": 51,
    "seed": 93,
    "train_loss": 0.003782689632268494,
    "train_acc": 0.9988011508951407,
    "test_loss": 1.610967755317688,
    "test_acc": 0.8228
  },
  {
    "epoch": 384,
    "k": 51,
    "seed": 93,
    "train_loss": 0.0004928457096322903,
    "train_acc": 0.999880115089514,
    "test_loss": 1.5387898683547974,
    "test_acc": 0.8264
  },
  {
    "epoch": 385,
    "k": 51,
    "seed": 93,
    "train_loss": 0.00022568742303102153,
    "train_acc": 0.9999600383631714,
    "test_loss": 1.5389516353607178,
    "test_acc": 0.827
  },
  {
    "epoch": 386,
    "k": 51,
    "seed": 93,
    "train_loss": 4.7810916029534626e-05,
    "train_acc": 1.0,
    "test_loss": 1.5569337606430054,
    "test_acc": 0.8277
  },
  {
    "epoch": 387,
    "k": 51,
    "seed": 93,
    "train_loss": 3.3117327249805076e-05,
    "train_acc": 1.0,
    "test_loss": 1.5628595352172852,
    "test_acc": 0.829
  },
  {
    "epoch": 388,
    "k": 51,
    "seed": 93,
    "train_loss": 1.4299541672038083e-05,
    "train_acc": 1.0,
    "test_loss": 1.5516046285629272,
    "test_acc": 0.8286
  },
  {
    "epoch": 389,
    "k": 51,
    "seed": 93,
    "train_loss": 1.2775814618418579e-05,
    "train_acc": 1.0,
    "test_loss": 1.5505783557891846,
    "test_acc": 0.8296
  },
  {
    "epoch": 390,
    "k": 51,
    "seed": 93,
    "train_loss": 1.705220787465447e-05,
    "train_acc": 1.0,
    "test_loss": 1.5602442026138306,
    "test_acc": 0.8302
  },
  {
    "epoch": 391,
    "k": 51,
    "seed": 93,
    "train_loss": 8.489270544661682e-06,
    "train_acc": 1.0,
    "test_loss": 1.554076075553894,
    "test_acc": 0.8296
  },
  {
    "epoch": 392,
    "k": 51,
    "seed": 93,
    "train_loss": 9.404321332013156e-06,
    "train_acc": 1.0,
    "test_loss": 1.567869782447815,
    "test_acc": 0.8301
  },
  {
    "epoch": 393,
    "k": 51,
    "seed": 93,
    "train_loss": 5.465744955356461e-06,
    "train_acc": 1.0,
    "test_loss": 1.5637036561965942,
    "test_acc": 0.8301
  },
  {
    "epoch": 394,
    "k": 51,
    "seed": 93,
    "train_loss": 6.228844058104451e-06,
    "train_acc": 1.0,
    "test_loss": 1.5766544342041016,
    "test_acc": 0.8304
  },
  {
    "epoch": 395,
    "k": 51,
    "seed": 93,
    "train_loss": 4.984535976768799e-06,
    "train_acc": 1.0,
    "test_loss": 1.5925498008728027,
    "test_acc": 0.8309
  },
  {
    "epoch": 396,
    "k": 51,
    "seed": 93,
    "train_loss": 4.594581629935596e-06,
    "train_acc": 1.0,
    "test_loss": 1.5975600481033325,
    "test_acc": 0.8308
  },
  {
    "epoch": 397,
    "k": 51,
    "seed": 93,
    "train_loss": 3.340030778553207e-06,
    "train_acc": 1.0,
    "test_loss": 1.5727876424789429,
    "test_acc": 0.8336
  },
  {
    "epoch": 398,
    "k": 51,
    "seed": 93,
    "train_loss": 2.4007026825268434e-06,
    "train_acc": 1.0,
    "test_loss": 1.6097065210342407,
    "test_acc": 0.8312
  },
  {
    "epoch": 399,
    "k": 51,
    "seed": 93,
    "train_loss": 1.8950440233708924e-06,
    "train_acc": 1.0,
    "test_loss": 1.6087348461151123,
    "test_acc": 0.8319
  },
  {
    "epoch": 400,
    "k": 51,
    "seed": 93,
    "train_loss": 1.753619887859618e-06,
    "train_acc": 1.0,
    "test_loss": 1.6249988079071045,
    "test_acc": 0.8316
  },
  {
    "epoch": 401,
    "k": 51,
    "seed": 93,
    "train_loss": 4.119114431861896e-06,
    "train_acc": 1.0,
    "test_loss": 1.6339441537857056,
    "test_acc": 0.8302
  },
  {
    "epoch": 402,
    "k": 51,
    "seed": 93,
    "train_loss": 0.026367373183317732,
    "train_acc": 0.9925751278772379,
    "test_loss": 1.5371334552764893,
    "test_acc": 0.8105
  },
  {
    "epoch": 403,
    "k": 51,
    "seed": 93,
    "train_loss": 0.0032062240874359345,
    "train_acc": 0.9989410166240409,
    "test_loss": 1.435774326324463,
    "test_acc": 0.8197
  },
  {
    "epoch": 404,
    "k": 51,
    "seed": 93,
    "train_loss": 0.0015136325615188366,
    "train_acc": 0.9994804987212276,
    "test_loss": 1.4517476558685303,
    "test_acc": 0.8218
  },
  {
    "epoch": 405,
    "k": 51,
    "seed": 93,
    "train_loss": 0.0007188231320085838,
    "train_acc": 0.9998001918158568,
    "test_loss": 1.464442253112793,
    "test_acc": 0.8224
  },
  {
    "epoch": 406,
    "k": 51,
    "seed": 93,
    "train_loss": 0.0003879392260334331,
    "train_acc": 0.9999000959079284,
    "test_loss": 1.4623163938522339,
    "test_acc": 0.827
  },
  {
    "epoch": 407,
    "k": 51,
    "seed": 93,
    "train_loss": 0.00017266335957621492,
    "train_acc": 0.9999800191815856,
    "test_loss": 1.4643975496292114,
    "test_acc": 0.8265
  },
  {
    "epoch": 408,
    "k": 51,
    "seed": 93,
    "train_loss": 0.0007391752453937591,
    "train_acc": 0.999880115089514,
    "test_loss": 1.6197922229766846,
    "test_acc": 0.8218
  },
  {
    "epoch": 409,
    "k": 51,
    "seed": 93,
    "train_loss": 0.011899323331279382,
    "train_acc": 0.9967631074168798,
    "test_loss": 1.5146560668945312,
    "test_acc": 0.8137
  },
  {
    "epoch": 410,
    "k": 51,
    "seed": 93,
    "train_loss": 0.00258247993287686,
    "train_acc": 0.9991807864450127,
    "test_loss": 1.5240789651870728,
    "test_acc": 0.8181
  },
  {
    "epoch": 411,
    "k": 51,
    "seed": 93,
    "train_loss": 0.0004437002885232689,
    "train_acc": 0.999880115089514,
    "test_loss": 1.5318130254745483,
    "test_acc": 0.8238
  },
  {
    "epoch": 412,
    "k": 51,
    "seed": 93,
    "train_loss": 0.0001556853340348937,
    "train_acc": 1.0,
    "test_loss": 1.5276325941085815,
    "test_acc": 0.8248
  },
  {
    "epoch": 413,
    "k": 51,
    "seed": 93,
    "train_loss": 4.714837911823593e-05,
    "train_acc": 1.0,
    "test_loss": 1.5106385946273804,
    "test_acc": 0.8262
  },
  {
    "epoch": 414,
    "k": 51,
    "seed": 93,
    "train_loss": 2.773683874819423e-05,
    "train_acc": 1.0,
    "test_loss": 1.526407241821289,
    "test_acc": 0.8255
  },
  {
    "epoch": 415,
    "k": 51,
    "seed": 93,
    "train_loss": 2.056686107863543e-05,
    "train_acc": 1.0,
    "test_loss": 1.5204949378967285,
    "test_acc": 0.8265
  },
  {
    "epoch": 416,
    "k": 51,
    "seed": 93,
    "train_loss": 2.0647961415307362e-05,
    "train_acc": 1.0,
    "test_loss": 1.5178956985473633,
    "test_acc": 0.8267
  },
  {
    "epoch": 417,
    "k": 51,
    "seed": 93,
    "train_loss": 1.758809601168443e-05,
    "train_acc": 1.0,
    "test_loss": 1.5274178981781006,
    "test_acc": 0.825
  },
  {
    "epoch": 418,
    "k": 51,
    "seed": 93,
    "train_loss": 4.392991378523811e-05,
    "train_acc": 1.0,
    "test_loss": 1.5724284648895264,
    "test_acc": 0.8242
  },
  {
    "epoch": 419,
    "k": 51,
    "seed": 93,
    "train_loss": 0.019059155483391734,
    "train_acc": 0.9937739769820972,
    "test_loss": 1.5266591310501099,
    "test_acc": 0.8128
  },
  {
    "epoch": 420,
    "k": 51,
    "seed": 93,
    "train_loss": 0.002894017996796345,
    "train_acc": 0.9990409207161125,
    "test_loss": 1.5131422281265259,
    "test_acc": 0.8175
  },
  {
    "epoch": 421,
    "k": 51,
    "seed": 93,
    "train_loss": 0.0006567572681463615,
    "train_acc": 0.9998201726342711,
    "test_loss": 1.5526633262634277,
    "test_acc": 0.8174
  },
  {
    "epoch": 422,
    "k": 51,
    "seed": 93,
    "train_loss": 0.000303035316946675,
    "train_acc": 0.999940057544757,
    "test_loss": 1.5371657609939575,
    "test_acc": 0.8191
  },
  {
    "epoch": 423,
    "k": 51,
    "seed": 93,
    "train_loss": 5.4483523943405026e-05,
    "train_acc": 1.0,
    "test_loss": 1.509364128112793,
    "test_acc": 0.8196
  },
  {
    "epoch": 424,
    "k": 51,
    "seed": 93,
    "train_loss": 4.803414831496546e-05,
    "train_acc": 1.0,
    "test_loss": 1.5301265716552734,
    "test_acc": 0.8195
  },
  {
    "epoch": 425,
    "k": 51,
    "seed": 93,
    "train_loss": 3.181434420144399e-05,
    "train_acc": 1.0,
    "test_loss": 1.5162585973739624,
    "test_acc": 0.821
  },
  {
    "epoch": 426,
    "k": 51,
    "seed": 93,
    "train_loss": 2.3202850101674848e-05,
    "train_acc": 1.0,
    "test_loss": 1.5306822061538696,
    "test_acc": 0.8197
  },
  {
    "epoch": 427,
    "k": 51,
    "seed": 93,
    "train_loss": 1.569089980894333e-05,
    "train_acc": 1.0,
    "test_loss": 1.5316513776779175,
    "test_acc": 0.8215
  },
  {
    "epoch": 428,
    "k": 51,
    "seed": 93,
    "train_loss": 1.2085885586943349e-05,
    "train_acc": 1.0,
    "test_loss": 1.5703788995742798,
    "test_acc": 0.8213
  },
  {
    "epoch": 429,
    "k": 51,
    "seed": 93,
    "train_loss": 9.141799299574332e-06,
    "train_acc": 1.0,
    "test_loss": 1.5609781742095947,
    "test_acc": 0.8209
  },
  {
    "epoch": 430,
    "k": 51,
    "seed": 93,
    "train_loss": 8.669657821446726e-06,
    "train_acc": 1.0,
    "test_loss": 1.5816941261291504,
    "test_acc": 0.8216
  },
  {
    "epoch": 431,
    "k": 51,
    "seed": 93,
    "train_loss": 1.0474729429031116e-05,
    "train_acc": 1.0,
    "test_loss": 1.58427095413208,
    "test_acc": 0.8214
  },
  {
    "epoch": 432,
    "k": 51,
    "seed": 93,
    "train_loss": 0.013970768244631964,
    "train_acc": 0.9963275255754475,
    "test_loss": 2.0592613220214844,
    "test_acc": 0.7767
  },
  {
    "epoch": 433,
    "k": 51,
    "seed": 93,
    "train_loss": 0.013731047241713555,
    "train_acc": 0.9956641624040921,
    "test_loss": 1.4515680074691772,
    "test_acc": 0.8109
  },
  {
    "epoch": 434,
    "k": 51,
    "seed": 93,
    "train_loss": 0.0013273716824706147,
    "train_acc": 0.999440537084399,
    "test_loss": 1.3943028450012207,
    "test_acc": 0.822
  },
  {
    "epoch": 435,
    "k": 51,
    "seed": 93,
    "train_loss": 0.0003800191882625752,
    "train_acc": 0.999880115089514,
    "test_loss": 1.461727261543274,
    "test_acc": 0.8177
  },
  {
    "epoch": 436,
    "k": 51,
    "seed": 93,
    "train_loss": 0.00021883927396498164,
    "train_acc": 0.9999800191815856,
    "test_loss": 1.472469449043274,
    "test_acc": 0.8209
  },
  {
    "epoch": 437,
    "k": 51,
    "seed": 93,
    "train_loss": 0.00016023851193930477,
    "train_acc": 0.9999800191815856,
    "test_loss": 1.4410154819488525,
    "test_acc": 0.8206
  },
  {
    "epoch": 438,
    "k": 51,
    "seed": 93,
    "train_loss": 0.00010064981321661749,
    "train_acc": 1.0,
    "test_loss": 1.4995272159576416,
    "test_acc": 0.8204
  },
  {
    "epoch": 439,
    "k": 51,
    "seed": 93,
    "train_loss": 5.4419159318688886e-05,
    "train_acc": 1.0,
    "test_loss": 1.4824351072311401,
    "test_acc": 0.8203
  },
  {
    "epoch": 440,
    "k": 51,
    "seed": 93,
    "train_loss": 0.00012273475022215154,
    "train_acc": 0.9999800191815856,
    "test_loss": 1.527206301689148,
    "test_acc": 0.8154
  },
  {
    "epoch": 441,
    "k": 51,
    "seed": 93,
    "train_loss": 0.00014968148857124014,
    "train_acc": 0.9999800191815856,
    "test_loss": 1.5915014743804932,
    "test_acc": 0.8183
  },
  {
    "epoch": 442,
    "k": 51,
    "seed": 93,
    "train_loss": 0.01836524266302563,
    "train_acc": 0.9944133631713555,
    "test_loss": 1.4980617761611938,
    "test_acc": 0.813
  },
  {
    "epoch": 443,
    "k": 51,
    "seed": 93,
    "train_loss": 0.0033809238564338527,
    "train_acc": 0.9990409207161125,
    "test_loss": 1.4359209537506104,
    "test_acc": 0.8156
  },
  {
    "epoch": 444,
    "k": 51,
    "seed": 93,
    "train_loss": 0.0010412758326111262,
    "train_acc": 0.9997002877237852,
    "test_loss": 1.4666709899902344,
    "test_acc": 0.8181
  },
  {
    "epoch": 445,
    "k": 51,
    "seed": 93,
    "train_loss": 0.00031582042369746093,
    "train_acc": 0.999940057544757,
    "test_loss": 1.4503167867660522,
    "test_acc": 0.8202
  },
  {
    "epoch": 446,
    "k": 51,
    "seed": 93,
    "train_loss": 9.164057637058819e-05,
    "train_acc": 1.0,
    "test_loss": 1.4754997491836548,
    "test_acc": 0.82
  },
  {
    "epoch": 447,
    "k": 51,
    "seed": 93,
    "train_loss": 2.8992201508802462e-05,
    "train_acc": 1.0,
    "test_loss": 1.4806524515151978,
    "test_acc": 0.821
  },
  {
    "epoch": 448,
    "k": 51,
    "seed": 93,
    "train_loss": 3.305240976388909e-05,
    "train_acc": 1.0,
    "test_loss": 1.4751794338226318,
    "test_acc": 0.8185
  },
  {
    "epoch": 449,
    "k": 51,
    "seed": 93,
    "train_loss": 2.9613669814452783e-05,
    "train_acc": 1.0,
    "test_loss": 1.4679347276687622,
    "test_acc": 0.82
  },
  {
    "epoch": 450,
    "k": 51,
    "seed": 93,
    "train_loss": 2.2063503502591127e-05,
    "train_acc": 1.0,
    "test_loss": 1.4708162546157837,
    "test_acc": 0.8213
  },
  {
    "epoch": 451,
    "k": 51,
    "seed": 93,
    "train_loss": 1.7664461973868013e-05,
    "train_acc": 1.0,
    "test_loss": 1.493430256843567,
    "test_acc": 0.8207
  },
  {
    "epoch": 452,
    "k": 51,
    "seed": 93,
    "train_loss": 1.5421922645818203e-05,
    "train_acc": 1.0,
    "test_loss": 1.4935699701309204,
    "test_acc": 0.8233
  },
  {
    "epoch": 453,
    "k": 51,
    "seed": 93,
    "train_loss": 9.72451239537346e-06,
    "train_acc": 1.0,
    "test_loss": 1.480863332748413,
    "test_acc": 0.824
  },
  {
    "epoch": 454,
    "k": 51,
    "seed": 93,
    "train_loss": 9.780872771072674e-06,
    "train_acc": 1.0,
    "test_loss": 1.526038408279419,
    "test_acc": 0.8239
  },
  {
    "epoch": 455,
    "k": 51,
    "seed": 93,
    "train_loss": 6.7337603613274954e-06,
    "train_acc": 1.0,
    "test_loss": 1.532086730003357,
    "test_acc": 0.8245
  },
  {
    "epoch": 456,
    "k": 51,
    "seed": 93,
    "train_loss": 5.829402678239962e-06,
    "train_acc": 1.0,
    "test_loss": 1.5219900608062744,
    "test_acc": 0.8229
  },
  {
    "epoch": 457,
    "k": 51,
    "seed": 93,
    "train_loss": 5.915432271919013e-06,
    "train_acc": 1.0,
    "test_loss": 1.5267915725708008,
    "test_acc": 0.8245
  },
  {
    "epoch": 458,
    "k": 51,
    "seed": 93,
    "train_loss": 4.516215459303018e-06,
    "train_acc": 1.0,
    "test_loss": 1.540248155593872,
    "test_acc": 0.8253
  },
  {
    "epoch": 459,
    "k": 51,
    "seed": 93,
    "train_loss": 2.4195806228381246e-06,
    "train_acc": 1.0,
    "test_loss": 1.55116868019104,
    "test_acc": 0.8246
  },
  {
    "epoch": 460,
    "k": 51,
    "seed": 93,
    "train_loss": 2.17587751576136e-06,
    "train_acc": 1.0,
    "test_loss": 1.5581488609313965,
    "test_acc": 0.825
  },
  {
    "epoch": 461,
    "k": 51,
    "seed": 93,
    "train_loss": 2.5423343446830345e-06,
    "train_acc": 1.0,
    "test_loss": 1.5744339227676392,
    "test_acc": 0.8239
  },
  {
    "epoch": 462,
    "k": 51,
    "seed": 93,
    "train_loss": 2.0286345586516145e-06,
    "train_acc": 1.0,
    "test_loss": 1.5792574882507324,
    "test_acc": 0.8235
  },
  {
    "epoch": 463,
    "k": 51,
    "seed": 93,
    "train_loss": 0.01963409106787561,
    "train_acc": 0.9946331521739131,
    "test_loss": 1.5982164144515991,
    "test_acc": 0.8087
  },
  {
    "epoch": 464,
    "k": 51,
    "seed": 93,
    "train_loss": 0.006520826560586509,
    "train_acc": 0.9975423593350383,
    "test_loss": 1.520476222038269,
    "test_acc": 0.8144
  },
  {
    "epoch": 465,
    "k": 51,
    "seed": 93,
    "train_loss": 0.001820517621606826,
    "train_acc": 0.9993286445012788,
    "test_loss": 1.481697678565979,
    "test_acc": 0.8199
  },
  {
    "epoch": 466,
    "k": 51,
    "seed": 93,
    "train_loss": 0.0007588784933730208,
    "train_acc": 0.9997602301790282,
    "test_loss": 1.5129544734954834,
    "test_acc": 0.8218
  },
  {
    "epoch": 467,
    "k": 51,
    "seed": 93,
    "train_loss": 0.0004922301769037894,
    "train_acc": 0.9998481457800512,
    "test_loss": 1.5592939853668213,
    "test_acc": 0.8186
  },
  {
    "epoch": 468,
    "k": 51,
    "seed": 93,
    "train_loss": 0.0004694781467690837,
    "train_acc": 0.9998601342710998,
    "test_loss": 1.5461814403533936,
    "test_acc": 0.8205
  },
  {
    "epoch": 469,
    "k": 51,
    "seed": 93,
    "train_loss": 0.0001592503224516148,
    "train_acc": 0.9999800191815856,
    "test_loss": 1.5304315090179443,
    "test_acc": 0.8221
  },
  {
    "epoch": 470,
    "k": 51,
    "seed": 93,
    "train_loss": 0.00012613909497597207,
    "train_acc": 0.9999800191815856,
    "test_loss": 1.5394432544708252,
    "test_acc": 0.8264
  },
  {
    "epoch": 471,
    "k": 51,
    "seed": 93,
    "train_loss": 4.639594191896625e-05,
    "train_acc": 1.0,
    "test_loss": 1.5287449359893799,
    "test_acc": 0.8257
  },
  {
    "epoch": 472,
    "k": 51,
    "seed": 93,
    "train_loss": 5.67111955329919e-05,
    "train_acc": 1.0,
    "test_loss": 1.5735455751419067,
    "test_acc": 0.8258
  },
  {
    "epoch": 473,
    "k": 51,
    "seed": 93,
    "train_loss": 3.3526322426323044e-05,
    "train_acc": 1.0,
    "test_loss": 1.5859291553497314,
    "test_acc": 0.8258
  },
  {
    "epoch": 474,
    "k": 51,
    "seed": 93,
    "train_loss": 1.7511509336173158e-05,
    "train_acc": 1.0,
    "test_loss": 1.5762156248092651,
    "test_acc": 0.8265
  },
  {
    "epoch": 475,
    "k": 51,
    "seed": 93,
    "train_loss": 1.5115571402260164e-05,
    "train_acc": 1.0,
    "test_loss": 1.5664994716644287,
    "test_acc": 0.826
  },
  {
    "epoch": 476,
    "k": 51,
    "seed": 93,
    "train_loss": 7.637099286176702e-06,
    "train_acc": 1.0,
    "test_loss": 1.601900577545166,
    "test_acc": 0.8275
  },
  {
    "epoch": 477,
    "k": 51,
    "seed": 93,
    "train_loss": 7.022881035277874e-06,
    "train_acc": 1.0,
    "test_loss": 1.6026225090026855,
    "test_acc": 0.8282
  },
  {
    "epoch": 478,
    "k": 51,
    "seed": 93,
    "train_loss": 4.724947687204071e-06,
    "train_acc": 1.0,
    "test_loss": 1.5705740451812744,
    "test_acc": 0.8285
  },
  {
    "epoch": 479,
    "k": 51,
    "seed": 93,
    "train_loss": 4.6183107854331895e-06,
    "train_acc": 1.0,
    "test_loss": 1.579834222793579,
    "test_acc": 0.8268
  },
  {
    "epoch": 480,
    "k": 51,
    "seed": 93,
    "train_loss": 3.065222100987665e-06,
    "train_acc": 1.0,
    "test_loss": 1.6136741638183594,
    "test_acc": 0.828
  },
  {
    "epoch": 481,
    "k": 51,
    "seed": 93,
    "train_loss": 0.020245241055161924,
    "train_acc": 0.9946651214833759,
    "test_loss": 1.6203879117965698,
    "test_acc": 0.8084
  },
  {
    "epoch": 482,
    "k": 51,
    "seed": 93,
    "train_loss": 0.0069639174366563595,
    "train_acc": 0.9978220907928389,
    "test_loss": 1.4307546615600586,
    "test_acc": 0.8179
  },
  {
    "epoch": 483,
    "k": 51,
    "seed": 93,
    "train_loss": 0.0010697502764944607,
    "train_acc": 0.9996803069053708,
    "test_loss": 1.4486238956451416,
    "test_acc": 0.8254
  },
  {
    "epoch": 484,
    "k": 51,
    "seed": 93,
    "train_loss": 0.00029623358350456603,
    "train_acc": 0.999940057544757,
    "test_loss": 1.4197711944580078,
    "test_acc": 0.826
  },
  {
    "epoch": 485,
    "k": 51,
    "seed": 93,
    "train_loss": 0.00018356485978020988,
    "train_acc": 0.9999800191815856,
    "test_loss": 1.4565060138702393,
    "test_acc": 0.8266
  },
  {
    "epoch": 486,
    "k": 51,
    "seed": 93,
    "train_loss": 7.87023869719042e-05,
    "train_acc": 1.0,
    "test_loss": 1.4857786893844604,
    "test_acc": 0.8252
  },
  {
    "epoch": 487,
    "k": 51,
    "seed": 93,
    "train_loss": 4.269885626363574e-05,
    "train_acc": 1.0,
    "test_loss": 1.4780265092849731,
    "test_acc": 0.8286
  },
  {
    "epoch": 488,
    "k": 51,
    "seed": 93,
    "train_loss": 2.3735035979658728e-05,
    "train_acc": 1.0,
    "test_loss": 1.4695167541503906,
    "test_acc": 0.8281
  },
  {
    "epoch": 489,
    "k": 51,
    "seed": 93,
    "train_loss": 2.5538159748746768e-05,
    "train_acc": 1.0,
    "test_loss": 1.4878818988800049,
    "test_acc": 0.8289
  },
  {
    "epoch": 490,
    "k": 51,
    "seed": 93,
    "train_loss": 1.7282555359931492e-05,
    "train_acc": 1.0,
    "test_loss": 1.495172142982483,
    "test_acc": 0.8277
  },
  {
    "epoch": 491,
    "k": 51,
    "seed": 93,
    "train_loss": 1.3225934493154555e-05,
    "train_acc": 1.0,
    "test_loss": 1.4826513528823853,
    "test_acc": 0.8282
  },
  {
    "epoch": 492,
    "k": 51,
    "seed": 93,
    "train_loss": 0.0036161011613705563,
    "train_acc": 0.999024936061381,
    "test_loss": 1.9164589643478394,
    "test_acc": 0.7968
  },
  {
    "epoch": 493,
    "k": 51,
    "seed": 93,
    "train_loss": 0.01750045983686863,
    "train_acc": 0.9945252557544757,
    "test_loss": 1.4389628171920776,
    "test_acc": 0.8188
  },
  {
    "epoch": 494,
    "k": 51,
    "seed": 93,
    "train_loss": 0.0021526684586915556,
    "train_acc": 0.9993406329923273,
    "test_loss": 1.464529037475586,
    "test_acc": 0.8219
  },
  {
    "epoch": 495,
    "k": 51,
    "seed": 93,
    "train_loss": 0.00042179188140396856,
    "train_acc": 0.999880115089514,
    "test_loss": 1.4578648805618286,
    "test_acc": 0.8249
  },
  {
    "epoch": 496,
    "k": 51,
    "seed": 93,
    "train_loss": 0.0003653545495313558,
    "train_acc": 0.999940057544757,
    "test_loss": 1.4694379568099976,
    "test_acc": 0.8256
  }
]