[
  {
    "epoch": 1,
    "k": 59,
    "seed": 101,
    "train_loss": 1.3056895446289531,
    "train_acc": 0.5213714833759591,
    "test_loss": 1.2516076564788818,
    "test_acc": 0.5561
  },
  {
    "epoch": 2,
    "k": 59,
    "seed": 101,
    "train_loss": 0.824517447167955,
    "train_acc": 0.7058423913043478,
    "test_loss": 0.9531695246696472,
    "test_acc": 0.6769
  },
  {
    "epoch": 3,
    "k": 59,
    "seed": 101,
    "train_loss": 0.5794543476818163,
    "train_acc": 0.796463395140665,
    "test_loss": 0.7696822285652161,
    "test_acc": 0.7365
  },
  {
    "epoch": 4,
    "k": 59,
    "seed": 101,
    "train_loss": 0.3907125312501512,
    "train_acc": 0.8639146419437339,
    "test_loss": 0.8378048539161682,
    "test_acc": 0.7446
  },
  {
    "epoch": 5,
    "k": 59,
    "seed": 101,
    "train_loss": 0.24207668801021698,
    "train_acc": 0.9143182544757034,
    "test_loss": 1.224133014678955,
    "test_acc": 0.6992
  },
  {
    "epoch": 6,
    "k": 59,
    "seed": 101,
    "train_loss": 0.16026599349839912,
    "train_acc": 0.9440976662404091,
    "test_loss": 1.0682554244995117,
    "test_acc": 0.7427
  },
  {
    "epoch": 7,
    "k": 59,
    "seed": 101,
    "train_loss": 0.11245567645982403,
    "train_acc": 0.9612212276214833,
    "test_loss": 1.5334731340408325,
    "test_acc": 0.6891
  },
  {
    "epoch": 8,
    "k": 59,
    "seed": 101,
    "train_loss": 0.09369663665990544,
    "train_acc": 0.9674592391304349,
    "test_loss": 1.1329283714294434,
    "test_acc": 0.7549
  },
  {
    "epoch": 9,
    "k": 59,
    "seed": 101,
    "train_loss": 0.07546845496491626,
    "train_acc": 0.9735573849104859,
    "test_loss": 1.4436063766479492,
    "test_acc": 0.7287
  },
  {
    "epoch": 10,
    "k": 59,
    "seed": 101,
    "train_loss": 0.06846074122563957,
    "train_acc": 0.9765465153452685,
    "test_loss": 1.765034794807434,
    "test_acc": 0.6922
  },
  {
    "epoch": 11,
    "k": 59,
    "seed": 101,
    "train_loss": 0.07258331232830463,
    "train_acc": 0.9746922953964194,
    "test_loss": 1.2312005758285522,
    "test_acc": 0.7554
  },
  {
    "epoch": 12,
    "k": 59,
    "seed": 101,
    "train_loss": 0.06156967329980848,
    "train_acc": 0.9785445971867007,
    "test_loss": 1.3122903108596802,
    "test_acc": 0.7556
  },
  {
    "epoch": 13,
    "k": 59,
    "seed": 101,
    "train_loss": 0.061832046532250766,
    "train_acc": 0.9780011189258312,
    "test_loss": 1.757986307144165,
    "test_acc": 0.7193
  },
  {
    "epoch": 14,
    "k": 59,
    "seed": 101,
    "train_loss": 0.0559268432021465,
    "train_acc": 0.9811580882352942,
    "test_loss": 1.3671412467956543,
    "test_acc": 0.7541
  },
  {
    "epoch": 15,
    "k": 59,
    "seed": 101,
    "train_loss": 0.0510550520419741,
    "train_acc": 0.9825127877237853,
    "test_loss": 1.457964301109314,
    "test_acc": 0.7496
  },
  {
    "epoch": 16,
    "k": 59,
    "seed": 101,
    "train_loss": 0.05737300291228706,
    "train_acc": 0.9797434462915601,
    "test_loss": 1.2421504259109497,
    "test_acc": 0.7726
  },
  {
    "epoch": 17,
    "k": 59,
    "seed": 101,
    "train_loss": 0.04300549078156309,
    "train_acc": 0.9848225703324809,
    "test_loss": 1.303314447402954,
    "test_acc": 0.7597
  },
  {
    "epoch": 18,
    "k": 59,
    "seed": 101,
    "train_loss": 0.04572153175452157,
    "train_acc": 0.9843230498721228,
    "test_loss": 1.2846888303756714,
    "test_acc": 0.7709
  },
  {
    "epoch": 19,
    "k": 59,
    "seed": 101,
    "train_loss": 0.04038421533879159,
    "train_acc": 0.9861293158567775,
    "test_loss": 1.3551853895187378,
    "test_acc": 0.7677
  },
  {
    "epoch": 20,
    "k": 59,
    "seed": 101,
    "train_loss": 0.035550611325875496,
    "train_acc": 0.9876598465473146,
    "test_loss": 1.4034430980682373,
    "test_acc": 0.7591
  },
  {
    "epoch": 21,
    "k": 59,
    "seed": 101,
    "train_loss": 0.04788350149134026,
    "train_acc": 0.9836237212276215,
    "test_loss": 1.321673035621643,
    "test_acc": 0.7689
  },
  {
    "epoch": 22,
    "k": 59,
    "seed": 101,
    "train_loss": 0.03773703907802225,
    "train_acc": 0.9873721227621484,
    "test_loss": 1.313567876815796,
    "test_acc": 0.7713
  },
  {
    "epoch": 23,
    "k": 59,
    "seed": 101,
    "train_loss": 0.03557072644008209,
    "train_acc": 0.9873081841432225,
    "test_loss": 1.297176718711853,
    "test_acc": 0.7775
  },
  {
    "epoch": 24,
    "k": 59,
    "seed": 101,
    "train_loss": 0.03666782031884379,
    "train_acc": 0.9872402493606138,
    "test_loss": 1.4080365896224976,
    "test_acc": 0.758
  },
  {
    "epoch": 25,
    "k": 59,
    "seed": 101,
    "train_loss": 0.0407200125528409,
    "train_acc": 0.98590952685422,
    "test_loss": 1.3232649564743042,
    "test_acc": 0.7781
  },
  {
    "epoch": 26,
    "k": 59,
    "seed": 101,
    "train_loss": 0.03260879814216886,
    "train_acc": 0.9887587915601024,
    "test_loss": 1.4436808824539185,
    "test_acc": 0.7602
  },
  {
    "epoch": 27,
    "k": 59,
    "seed": 101,
    "train_loss": 0.03602275579168564,
    "train_acc": 0.9872002877237852,
    "test_loss": 1.249745488166809,
    "test_acc": 0.7853
  },
  {
    "epoch": 28,
    "k": 59,
    "seed": 101,
    "train_loss": 0.026143219673072995,
    "train_acc": 0.9909926470588235,
    "test_loss": 1.4323346614837646,
    "test_acc": 0.7711
  },
  {
    "epoch": 29,
    "k": 59,
    "seed": 101,
    "train_loss": 0.03271447301349815,
    "train_acc": 0.9889546035805626,
    "test_loss": 1.4451682567596436,
    "test_acc": 0.7623
  },
  {
    "epoch": 30,
    "k": 59,
    "seed": 101,
    "train_loss": 0.031999253201187655,
    "train_acc": 0.9893901854219949,
    "test_loss": 1.585748553276062,
    "test_acc": 0.7389
  },
  {
    "epoch": 31,
    "k": 59,
    "seed": 101,
    "train_loss": 0.02933453033765173,
    "train_acc": 0.9900775255754476,
    "test_loss": 1.3270409107208252,
    "test_acc": 0.7833
  },
  {
    "epoch": 32,
    "k": 59,
    "seed": 101,
    "train_loss": 0.035385735546145825,
    "train_acc": 0.9883192135549872,
    "test_loss": 1.307086706161499,
    "test_acc": 0.7869
  },
  {
    "epoch": 33,
    "k": 59,
    "seed": 101,
    "train_loss": 0.025549077677785817,
    "train_acc": 0.9911964514066497,
    "test_loss": 1.3228263854980469,
    "test_acc": 0.7861
  },
  {
    "epoch": 34,
    "k": 59,
    "seed": 101,
    "train_loss": 0.024755243017264377,
    "train_acc": 0.9913363171355499,
    "test_loss": 1.5693974494934082,
    "test_acc": 0.7722
  },
  {
    "epoch": 35,
    "k": 59,
    "seed": 101,
    "train_loss": 0.03224630947576126,
    "train_acc": 0.98909047314578,
    "test_loss": 1.3998510837554932,
    "test_acc": 0.7693
  },
  {
    "epoch": 36,
    "k": 59,
    "seed": 101,
    "train_loss": 0.024891342696212137,
    "train_acc": 0.9918278452685422,
    "test_loss": 1.2654036283493042,
    "test_acc": 0.7933
  },
  {
    "epoch": 37,
    "k": 59,
    "seed": 101,
    "train_loss": 0.014210437179517473,
    "train_acc": 0.9947610294117648,
    "test_loss": 1.5321005582809448,
    "test_acc": 0.7715
  },
  {
    "epoch": 38,
    "k": 59,
    "seed": 101,
    "train_loss": 0.04082367313853667,
    "train_acc": 0.9861812659846547,
    "test_loss": 1.678297996520996,
    "test_acc": 0.7476
  }
]