[
  {
    "epoch": 1,
    "k": 52,
    "seed": 94,
    "train_loss": 1.340939992529047,
    "train_acc": 0.508759590792839,
    "test_loss": 1.1354334354400635,
    "test_acc": 0.5962
  },
  {
    "epoch": 2,
    "k": 52,
    "seed": 94,
    "train_loss": 0.855325827360763,
    "train_acc": 0.695788043478261,
    "test_loss": 0.9301875233650208,
    "test_acc": 0.6742
  },
  {
    "epoch": 3,
    "k": 52,
    "seed": 94,
    "train_loss": 0.6042885551672152,
    "train_acc": 0.7859454923273658,
    "test_loss": 0.8241275548934937,
    "test_acc": 0.723
  },
  {
    "epoch": 4,
    "k": 52,
    "seed": 94,
    "train_loss": 0.4082696305211548,
    "train_acc": 0.8577965153452686,
    "test_loss": 1.0029289722442627,
    "test_acc": 0.6954
  },
  {
    "epoch": 5,
    "k": 52,
    "seed": 94,
    "train_loss": 0.25311391448120935,
    "train_acc": 0.9116288363171355,
    "test_loss": 1.0175520181655884,
    "test_acc": 0.7185
  },
  {
    "epoch": 6,
    "k": 52,
    "seed": 94,
    "train_loss": 0.1584897559431508,
    "train_acc": 0.9444373401534526,
    "test_loss": 1.176620602607727,
    "test_acc": 0.7102
  },
  {
    "epoch": 7,
    "k": 52,
    "seed": 94,
    "train_loss": 0.11721184687293551,
    "train_acc": 0.958723625319693,
    "test_loss": 1.2655469179153442,
    "test_acc": 0.7302
  },
  {
    "epoch": 8,
    "k": 52,
    "seed": 94,
    "train_loss": 0.09352631575625647,
    "train_acc": 0.9675071930946292,
    "test_loss": 1.3220847845077515,
    "test_acc": 0.7087
  },
  {
    "epoch": 9,
    "k": 52,
    "seed": 94,
    "train_loss": 0.08237404457967529,
    "train_acc": 0.9705922314578005,
    "test_loss": 1.3457485437393188,
    "test_acc": 0.7268
  },
  {
    "epoch": 10,
    "k": 52,
    "seed": 94,
    "train_loss": 0.07414523706249797,
    "train_acc": 0.9737771739130434,
    "test_loss": 1.480920672416687,
    "test_acc": 0.7304
  },
  {
    "epoch": 11,
    "k": 52,
    "seed": 94,
    "train_loss": 0.05651584200923095,
    "train_acc": 0.9796755115089515,
    "test_loss": 1.2415632009506226,
    "test_acc": 0.744
  },
  {
    "epoch": 12,
    "k": 52,
    "seed": 94,
    "train_loss": 0.06521940858715483,
    "train_acc": 0.9780490728900256,
    "test_loss": 1.2252153158187866,
    "test_acc": 0.7509
  },
  {
    "epoch": 13,
    "k": 52,
    "seed": 94,
    "train_loss": 0.06294069754536194,
    "train_acc": 0.9784966432225064,
    "test_loss": 1.3938405513763428,
    "test_acc": 0.7329
  },
  {
    "epoch": 14,
    "k": 52,
    "seed": 94,
    "train_loss": 0.05484119717441404,
    "train_acc": 0.9816576086956522,
    "test_loss": 1.3960713148117065,
    "test_acc": 0.7406
  },
  {
    "epoch": 15,
    "k": 52,
    "seed": 94,
    "train_loss": 0.05627765144040461,
    "train_acc": 0.98042679028133,
    "test_loss": 1.637189269065857,
    "test_acc": 0.7349
  },
  {
    "epoch": 16,
    "k": 52,
    "seed": 94,
    "train_loss": 0.052148477538772255,
    "train_acc": 0.981813459079284,
    "test_loss": 1.4267573356628418,
    "test_acc": 0.7459
  },
  {
    "epoch": 17,
    "k": 52,
    "seed": 94,
    "train_loss": 0.0479363336161141,
    "train_acc": 0.9834718670076726,
    "test_loss": 1.6800978183746338,
    "test_acc": 0.7247
  },
  {
    "epoch": 18,
    "k": 52,
    "seed": 94,
    "train_loss": 0.04110293838021624,
    "train_acc": 0.9853900255754476,
    "test_loss": 1.3150228261947632,
    "test_acc": 0.76
  },
  {
    "epoch": 19,
    "k": 52,
    "seed": 94,
    "train_loss": 0.05025627568085461,
    "train_acc": 0.9828125000000001,
    "test_loss": 1.4023443460464478,
    "test_acc": 0.7502
  },
  {
    "epoch": 20,
    "k": 52,
    "seed": 94,
    "train_loss": 0.033362646061686506,
    "train_acc": 0.988678868286445,
    "test_loss": 1.3722320795059204,
    "test_acc": 0.7583
  },
  {
    "epoch": 21,
    "k": 52,
    "seed": 94,
    "train_loss": 0.044842237434552415,
    "train_acc": 0.9844109654731459,
    "test_loss": 1.4303102493286133,
    "test_acc": 0.7559
  },
  {
    "epoch": 22,
    "k": 52,
    "seed": 94,
    "train_loss": 0.04134774341693391,
    "train_acc": 0.9860733695652174,
    "test_loss": 1.2584469318389893,
    "test_acc": 0.772
  },
  {
    "epoch": 23,
    "k": 52,
    "seed": 94,
    "train_loss": 0.039387227176144346,
    "train_acc": 0.9860693734015346,
    "test_loss": 1.4643290042877197,
    "test_acc": 0.7513
  },
  {
    "epoch": 24,
    "k": 52,
    "seed": 94,
    "train_loss": 0.039936203076658995,
    "train_acc": 0.9862372122762147,
    "test_loss": 1.4695570468902588,
    "test_acc": 0.7573
  },
  {
    "epoch": 25,
    "k": 52,
    "seed": 94,
    "train_loss": 0.02859488761057253,
    "train_acc": 0.9904132033248081,
    "test_loss": 1.422343134880066,
    "test_acc": 0.7609
  },
  {
    "epoch": 26,
    "k": 52,
    "seed": 94,
    "train_loss": 0.04471442432504843,
    "train_acc": 0.9847226662404093,
    "test_loss": 1.358232855796814,
    "test_acc": 0.7586
  },
  {
    "epoch": 27,
    "k": 52,
    "seed": 94,
    "train_loss": 0.02998090767637467,
    "train_acc": 0.9898497442455243,
    "test_loss": 1.4693852663040161,
    "test_acc": 0.76
  },
  {
    "epoch": 28,
    "k": 52,
    "seed": 94,
    "train_loss": 0.034459670890977755,
    "train_acc": 0.9878516624040921,
    "test_loss": 1.5377012491226196,
    "test_acc": 0.7449
  },
  {
    "epoch": 29,
    "k": 52,
    "seed": 94,
    "train_loss": 0.0401896941290973,
    "train_acc": 0.986233216112532,
    "test_loss": 1.4653900861740112,
    "test_acc": 0.7539
  },
  {
    "epoch": 30,
    "k": 52,
    "seed": 94,
    "train_loss": 0.02951243140554899,
    "train_acc": 0.9897178708439898,
    "test_loss": 1.4963691234588623,
    "test_acc": 0.75
  },
  {
    "epoch": 31,
    "k": 52,
    "seed": 94,
    "train_loss": 0.03072623117833429,
    "train_acc": 0.9895500319693095,
    "test_loss": 1.4477579593658447,
    "test_acc": 0.7736
  },
  {
    "epoch": 32,
    "k": 52,
    "seed": 94,
    "train_loss": 0.02815804083246852,
    "train_acc": 0.9906369884910486,
    "test_loss": 1.4467369318008423,
    "test_acc": 0.7656
  },
  {
    "epoch": 33,
    "k": 52,
    "seed": 94,
    "train_loss": 0.03059978444677661,
    "train_acc": 0.9895100703324808,
    "test_loss": 1.4992167949676514,
    "test_acc": 0.7634
  },
  {
    "epoch": 34,
    "k": 52,
    "seed": 94,
    "train_loss": 0.025894569156392502,
    "train_acc": 0.9909886508951407,
    "test_loss": 1.4731249809265137,
    "test_acc": 0.7699
  },
  {
    "epoch": 35,
    "k": 52,
    "seed": 94,
    "train_loss": 0.030538953966228886,
    "train_acc": 0.9897578324808184,
    "test_loss": 1.5139577388763428,
    "test_acc": 0.7545
  },
  {
    "epoch": 36,
    "k": 52,
    "seed": 94,
    "train_loss": 0.026502091583171787,
    "train_acc": 0.9908487851662404,
    "test_loss": 1.5131938457489014,
    "test_acc": 0.7533
  },
  {
    "epoch": 37,
    "k": 52,
    "seed": 94,
    "train_loss": 0.026985269689160134,
    "train_acc": 0.99065297314578,
    "test_loss": 1.4743152856826782,
    "test_acc": 0.7649
  },
  {
    "epoch": 38,
    "k": 52,
    "seed": 94,
    "train_loss": 0.030655079511711206,
    "train_acc": 0.9898297634271099,
    "test_loss": 1.3981611728668213,
    "test_acc": 0.7721
  },
  {
    "epoch": 39,
    "k": 52,
    "seed": 94,
    "train_loss": 0.01834724357773257,
    "train_acc": 0.9937939578005115,
    "test_loss": 1.3133212327957153,
    "test_acc": 0.7847
  },
  {
    "epoch": 40,
    "k": 52,
    "seed": 94,
    "train_loss": 0.025139691083572325,
    "train_acc": 0.9916799872122762,
    "test_loss": 1.4821478128433228,
    "test_acc": 0.7701
  },
  {
    "epoch": 41,
    "k": 52,
    "seed": 94,
    "train_loss": 0.025962202651726912,
    "train_acc": 0.9909287084398977,
    "test_loss": 1.5451362133026123,
    "test_acc": 0.7691
  },
  {
    "epoch": 42,
    "k": 52,
    "seed": 94,
    "train_loss": 0.033286427019063924,
    "train_acc": 0.988327205882353,
    "test_loss": 1.402787208557129,
    "test_acc": 0.7733
  },
  {
    "epoch": 43,
    "k": 52,
    "seed": 94,
    "train_loss": 0.018824115002160424,
    "train_acc": 0.9932544757033248,
    "test_loss": 1.3081721067428589,
    "test_acc": 0.7832
  },
  {
    "epoch": 44,
    "k": 52,
    "seed": 94,
    "train_loss": 0.022083230370901586,
    "train_acc": 0.9925471547314578,
    "test_loss": 1.5117731094360352,
    "test_acc": 0.7723
  },
  {
    "epoch": 45,
    "k": 52,
    "seed": 94,
    "train_loss": 0.023638403659318442,
    "train_acc": 0.9920236572890027,
    "test_loss": 1.4801536798477173,
    "test_acc": 0.7738
  },
  {
    "epoch": 46,
    "k": 52,
    "seed": 94,
    "train_loss": 0.018894994840793468,
    "train_acc": 0.9938139386189259,
    "test_loss": 1.505034327507019,
    "test_acc": 0.7724
  },
  {
    "epoch": 47,
    "k": 52,
    "seed": 94,
    "train_loss": 0.022067927130725164,
    "train_acc": 0.9925751278772379,
    "test_loss": 1.3740577697753906,
    "test_acc": 0.7753
  },
  {
    "epoch": 48,
    "k": 52,
    "seed": 94,
    "train_loss": 0.026228301124968816,
    "train_acc": 0.9909167199488491,
    "test_loss": 1.4675030708312988,
    "test_acc": 0.7771
  },
  {
    "epoch": 49,
    "k": 52,
    "seed": 94,
    "train_loss": 0.013447520563074047,
    "train_acc": 0.9953644501278772,
    "test_loss": 1.4110991954803467,
    "test_acc": 0.7734
  },
  {
    "epoch": 50,
    "k": 52,
    "seed": 94,
    "train_loss": 0.01775663784530033,
    "train_acc": 0.9936460997442456,
    "test_loss": 1.561356544494629,
    "test_acc": 0.7667
  },
  {
    "epoch": 51,
    "k": 52,
    "seed": 94,
    "train_loss": 0.024831679047923775,
    "train_acc": 0.9916360294117648,
    "test_loss": 1.4394614696502686,
    "test_acc": 0.7788
  },
  {
    "epoch": 52,
    "k": 52,
    "seed": 94,
    "train_loss": 0.02220228927418687,
    "train_acc": 0.992247442455243,
    "test_loss": 1.4658150672912598,
    "test_acc": 0.7818
  },
  {
    "epoch": 53,
    "k": 52,
    "seed": 94,
    "train_loss": 0.01840820855910198,
    "train_acc": 0.9938938618925831,
    "test_loss": 1.4282186031341553,
    "test_acc": 0.7852
  },
  {
    "epoch": 54,
    "k": 52,
    "seed": 94,
    "train_loss": 0.019899750095488423,
    "train_acc": 0.9932744565217392,
    "test_loss": 1.400636076927185,
    "test_acc": 0.7835
  },
  {
    "epoch": 55,
    "k": 52,
    "seed": 94,
    "train_loss": 0.016534423317036428,
    "train_acc": 0.9940097506393861,
    "test_loss": 1.4792338609695435,
    "test_acc": 0.7776
  },
  {
    "epoch": 56,
    "k": 52,
    "seed": 94,
    "train_loss": 0.021167399490873217,
    "train_acc": 0.9930266943734015,
    "test_loss": 1.415772795677185,
    "test_acc": 0.7808
  },
  {
    "epoch": 57,
    "k": 52,
    "seed": 94,
    "train_loss": 0.015043760961367655,
    "train_acc": 0.9947810102301791,
    "test_loss": 1.4930859804153442,
    "test_acc": 0.7732
  },
  {
    "epoch": 58,
    "k": 52,
    "seed": 94,
    "train_loss": 0.02298480292353148,
    "train_acc": 0.9919437340153453,
    "test_loss": 1.5424319505691528,
    "test_acc": 0.7741
  },
  {
    "epoch": 59,
    "k": 52,
    "seed": 94,
    "train_loss": 0.01592394342123325,
    "train_acc": 0.9947650255754475,
    "test_loss": 1.3769826889038086,
    "test_acc": 0.7864
  },
  {
    "epoch": 60,
    "k": 52,
    "seed": 94,
    "train_loss": 0.015538771401832054,
    "train_acc": 0.9947130754475704,
    "test_loss": 1.404310703277588,
    "test_acc": 0.7807
  },
  {
    "epoch": 61,
    "k": 52,
    "seed": 94,
    "train_loss": 0.02023535703263922,
    "train_acc": 0.9928148976982097,
    "test_loss": 1.5004948377609253,
    "test_acc": 0.7784
  },
  {
    "epoch": 62,
    "k": 52,
    "seed": 94,
    "train_loss": 0.013598787092083894,
    "train_acc": 0.9952725383631714,
    "test_loss": 1.4045768976211548,
    "test_acc": 0.7919
  },
  {
    "epoch": 63,
    "k": 52,
    "seed": 94,
    "train_loss": 0.013800839393972354,
    "train_acc": 0.994868925831202,
    "test_loss": 1.5344197750091553,
    "test_acc": 0.7789
  },
  {
    "epoch": 64,
    "k": 52,
    "seed": 94,
    "train_loss": 0.020311488396213617,
    "train_acc": 0.993366368286445,
    "test_loss": 1.5001527070999146,
    "test_acc": 0.7788
  },
  {
    "epoch": 65,
    "k": 52,
    "seed": 94,
    "train_loss": 0.0184088819462251,
    "train_acc": 0.9941536125319693,
    "test_loss": 1.4610722064971924,
    "test_acc": 0.7826
  },
  {
    "epoch": 66,
    "k": 52,
    "seed": 94,
    "train_loss": 0.01626200456311569,
    "train_acc": 0.9944812979539642,
    "test_loss": 1.3929029703140259,
    "test_acc": 0.7906
  },
  {
    "epoch": 67,
    "k": 52,
    "seed": 94,
    "train_loss": 0.013468579407279675,
    "train_acc": 0.9958639705882353,
    "test_loss": 1.527313232421875,
    "test_acc": 0.788
  },
  {
    "epoch": 68,
    "k": 52,
    "seed": 94,
    "train_loss": 0.013157375105631376,
    "train_acc": 0.995580242966752,
    "test_loss": 1.5242087841033936,
    "test_acc": 0.7777
  },
  {
    "epoch": 69,
    "k": 52,
    "seed": 94,
    "train_loss": 0.02624011352730324,
    "train_acc": 0.9912883631713555,
    "test_loss": 1.4001593589782715,
    "test_acc": 0.7882
  },
  {
    "epoch": 70,
    "k": 52,
    "seed": 94,
    "train_loss": 0.007988192541829205,
    "train_acc": 0.9975023976982097,
    "test_loss": 1.3626165390014648,
    "test_acc": 0.7957
  },
  {
    "epoch": 71,
    "k": 52,
    "seed": 94,
    "train_loss": 0.009384695798076173,
    "train_acc": 0.9963634910485933,
    "test_loss": 1.5605281591415405,
    "test_acc": 0.7804
  },
  {
    "epoch": 72,
    "k": 52,
    "seed": 94,
    "train_loss": 0.025806356465209946,
    "train_acc": 0.9914881713554987,
    "test_loss": 1.4075244665145874,
    "test_acc": 0.791
  },
  {
    "epoch": 73,
    "k": 52,
    "seed": 94,
    "train_loss": 0.01474030833819981,
    "train_acc": 0.9950047953964194,
    "test_loss": 1.4694818258285522,
    "test_acc": 0.7889
  },
  {
    "epoch": 74,
    "k": 52,
    "seed": 94,
    "train_loss": 0.013190556478420453,
    "train_acc": 0.9956801470588236,
    "test_loss": 1.5394062995910645,
    "test_acc": 0.7771
  },
  {
    "epoch": 75,
    "k": 52,
    "seed": 94,
    "train_loss": 0.014679215662471672,
    "train_acc": 0.9950247762148338,
    "test_loss": 1.4739943742752075,
    "test_acc": 0.7867
  },
  {
    "epoch": 76,
    "k": 52,
    "seed": 94,
    "train_loss": 0.008447398774183231,
    "train_acc": 0.9971627237851662,
    "test_loss": 1.4477500915527344,
    "test_acc": 0.7945
  },
  {
    "epoch": 77,
    "k": 52,
    "seed": 94,
    "train_loss": 0.01240758489519048,
    "train_acc": 0.9955522698209719,
    "test_loss": 1.6391412019729614,
    "test_acc": 0.7822
  },
  {
    "epoch": 78,
    "k": 52,
    "seed": 94,
    "train_loss": 0.016264261917353733,
    "train_acc": 0.9946251598465473,
    "test_loss": 1.502739667892456,
    "test_acc": 0.7897
  },
  {
    "epoch": 79,
    "k": 52,
    "seed": 94,
    "train_loss": 0.01610641204253318,
    "train_acc": 0.9945732097186701,
    "test_loss": 1.5543053150177002,
    "test_acc": 0.7852
  },
  {
    "epoch": 80,
    "k": 52,
    "seed": 94,
    "train_loss": 0.01635778913180769,
    "train_acc": 0.9946651214833759,
    "test_loss": 1.384803295135498,
    "test_acc": 0.7969
  },
  {
    "epoch": 81,
    "k": 52,
    "seed": 94,
    "train_loss": 0.008889592110650981,
    "train_acc": 0.9971906969309463,
    "test_loss": 1.4278802871704102,
    "test_acc": 0.7904
  },
  {
    "epoch": 82,
    "k": 52,
    "seed": 94,
    "train_loss": 0.011892233225156713,
    "train_acc": 0.995843989769821,
    "test_loss": 1.5139398574829102,
    "test_acc": 0.7878
  },
  {
    "epoch": 83,
    "k": 52,
    "seed": 94,
    "train_loss": 0.01163433714448373,
    "train_acc": 0.9961836636828645,
    "test_loss": 1.5517985820770264,
    "test_acc": 0.7846
  },
  {
    "epoch": 84,
    "k": 52,
    "seed": 94,
    "train_loss": 0.014981659655252298,
    "train_acc": 0.9948249680306905,
    "test_loss": 1.6420727968215942,
    "test_acc": 0.7716
  },
  {
    "epoch": 85,
    "k": 52,
    "seed": 94,
    "train_loss": 0.017753392539244347,
    "train_acc": 0.9937659846547314,
    "test_loss": 1.513893961906433,
    "test_acc": 0.7836
  },
  {
    "epoch": 86,
    "k": 52,
    "seed": 94,
    "train_loss": 0.013028979210233342,
    "train_acc": 0.9956841432225064,
    "test_loss": 1.4885175228118896,
    "test_acc": 0.7905
  },
  {
    "epoch": 87,
    "k": 52,
    "seed": 94,
    "train_loss": 0.010136731654232014,
    "train_acc": 0.9966632033248082,
    "test_loss": 1.4257571697235107,
    "test_acc": 0.7968
  },
  {
    "epoch": 88,
    "k": 52,
    "seed": 94,
    "train_loss": 0.008876412273718841,
    "train_acc": 0.9969509271099745,
    "test_loss": 1.5206305980682373,
    "test_acc": 0.7909
  },
  {
    "epoch": 89,
    "k": 52,
    "seed": 94,
    "train_loss": 0.01697600379665418,
    "train_acc": 0.9946331521739131,
    "test_loss": 1.6002604961395264,
    "test_acc": 0.7772
  },
  {
    "epoch": 90,
    "k": 52,
    "seed": 94,
    "train_loss": 0.013210402170466819,
    "train_acc": 0.9954843350383632,
    "test_loss": 1.3350493907928467,
    "test_acc": 0.7966
  },
  {
    "epoch": 91,
    "k": 52,
    "seed": 94,
    "train_loss": 0.00806423428535881,
    "train_acc": 0.9974704283887468,
    "test_loss": 1.4897534847259521,
    "test_acc": 0.7971
  },
  {
    "epoch": 92,
    "k": 52,
    "seed": 94,
    "train_loss": 0.00807866380258594,
    "train_acc": 0.9974624360613811,
    "test_loss": 1.4886232614517212,
    "test_acc": 0.7929
  },
  {
    "epoch": 93,
    "k": 52,
    "seed": 94,
    "train_loss": 0.014949030527404225,
    "train_acc": 0.9951126918158568,
    "test_loss": 1.598425030708313,
    "test_acc": 0.7801
  },
  {
    "epoch": 94,
    "k": 52,
    "seed": 94,
    "train_loss": 0.016581292941962675,
    "train_acc": 0.9943254475703325,
    "test_loss": 1.4756784439086914,
    "test_acc": 0.7882
  },
  {
    "epoch": 95,
    "k": 52,
    "seed": 94,
    "train_loss": 0.008424712301850767,
    "train_acc": 0.997082800511509,
    "test_loss": 1.456024169921875,
    "test_acc": 0.7943
  },
  {
    "epoch": 96,
    "k": 52,
    "seed": 94,
    "train_loss": 0.009647399183077863,
    "train_acc": 0.9967031649616368,
    "test_loss": 1.4984354972839355,
    "test_acc": 0.7939
  },
  {
    "epoch": 97,
    "k": 52,
    "seed": 94,
    "train_loss": 0.009795755294253281,
    "train_acc": 0.9964514066496164,
    "test_loss": 1.6687626838684082,
    "test_acc": 0.7809
  },
  {
    "epoch": 98,
    "k": 52,
    "seed": 94,
    "train_loss": 0.01282926027540533,
    "train_acc": 0.9957920396419437,
    "test_loss": 1.482850193977356,
    "test_acc": 0.7909
  },
  {
    "epoch": 99,
    "k": 52,
    "seed": 94,
    "train_loss": 0.007188710567960933,
    "train_acc": 0.9975903132992328,
    "test_loss": 1.4115597009658813,
    "test_acc": 0.799
  },
  {
    "epoch": 100,
    "k": 52,
    "seed": 94,
    "train_loss": 0.014324439295982618,
    "train_acc": 0.9952445652173914,
    "test_loss": 1.4389480352401733,
    "test_acc": 0.7915
  },
  {
    "epoch": 101,
    "k": 52,
    "seed": 94,
    "train_loss": 0.012705393319437697,
    "train_acc": 0.9955322890025575,
    "test_loss": 1.4398640394210815,
    "test_acc": 0.7953
  },
  {
    "epoch": 102,
    "k": 52,
    "seed": 94,
    "train_loss": 0.007607212101299952,
    "train_acc": 0.9972226662404092,
    "test_loss": 1.6003286838531494,
    "test_acc": 0.7784
  },
  {
    "epoch": 103,
    "k": 52,
    "seed": 94,
    "train_loss": 0.012834581218844029,
    "train_acc": 0.9958839514066496,
    "test_loss": 1.6333603858947754,
    "test_acc": 0.7764
  },
  {
    "epoch": 104,
    "k": 52,
    "seed": 94,
    "train_loss": 0.01246780772155146,
    "train_acc": 0.9957640664961637,
    "test_loss": 1.5408233404159546,
    "test_acc": 0.7952
  },
  {
    "epoch": 105,
    "k": 52,
    "seed": 94,
    "train_loss": 0.00898210102392797,
    "train_acc": 0.9971827046035806,
    "test_loss": 1.4515314102172852,
    "test_acc": 0.7989
  },
  {
    "epoch": 106,
    "k": 52,
    "seed": 94,
    "train_loss": 0.01100363831202042,
    "train_acc": 0.9962236253196931,
    "test_loss": 1.5231637954711914,
    "test_acc": 0.7888
  },
  {
    "epoch": 107,
    "k": 52,
    "seed": 94,
    "train_loss": 0.008617257172635713,
    "train_acc": 0.9972826086956522,
    "test_loss": 1.4853880405426025,
    "test_acc": 0.7967
  },
  {
    "epoch": 108,
    "k": 52,
    "seed": 94,
    "train_loss": 0.00787467530053874,
    "train_acc": 0.9972306585677749,
    "test_loss": 1.5334287881851196,
    "test_acc": 0.7963
  },
  {
    "epoch": 109,
    "k": 52,
    "seed": 94,
    "train_loss": 0.008619637751319568,
    "train_acc": 0.9970987851662405,
    "test_loss": 1.575216293334961,
    "test_acc": 0.7933
  },
  {
    "epoch": 110,
    "k": 52,
    "seed": 94,
    "train_loss": 0.014675686830267532,
    "train_acc": 0.995164641943734,
    "test_loss": 1.4595187902450562,
    "test_acc": 0.799
  },
  {
    "epoch": 111,
    "k": 52,
    "seed": 94,
    "train_loss": 0.01167925023969532,
    "train_acc": 0.9960318094629156,
    "test_loss": 1.5032930374145508,
    "test_acc": 0.7953
  },
  {
    "epoch": 112,
    "k": 52,
    "seed": 94,
    "train_loss": 0.008820346591536878,
    "train_acc": 0.9972426470588235,
    "test_loss": 1.49756920337677,
    "test_acc": 0.8005
  },
  {
    "epoch": 113,
    "k": 52,
    "seed": 94,
    "train_loss": 0.004245722479161793,
    "train_acc": 0.998701246803069,
    "test_loss": 1.5242406129837036,
    "test_acc": 0.8002
  },
  {
    "epoch": 114,
    "k": 52,
    "seed": 94,
    "train_loss": 0.0077062827063608804,
    "train_acc": 0.9974824168797954,
    "test_loss": 1.5681838989257812,
    "test_acc": 0.7971
  },
  {
    "epoch": 115,
    "k": 52,
    "seed": 94,
    "train_loss": 0.018732423772565353,
    "train_acc": 0.993985773657289,
    "test_loss": 1.4470549821853638,
    "test_acc": 0.7975
  },
  {
    "epoch": 116,
    "k": 52,
    "seed": 94,
    "train_loss": 0.008660456758996848,
    "train_acc": 0.9970428388746803,
    "test_loss": 1.402769923210144,
    "test_acc": 0.7994
  },
  {
    "epoch": 117,
    "k": 52,
    "seed": 94,
    "train_loss": 0.004131746294805059,
    "train_acc": 0.9986013427109974,
    "test_loss": 1.42782461643219,
    "test_acc": 0.7986
  },
  {
    "epoch": 118,
    "k": 52,
    "seed": 94,
    "train_loss": 0.0020574785433119355,
    "train_acc": 0.9993006713554987,
    "test_loss": 1.4536539316177368,
    "test_acc": 0.8061
  },
  {
    "epoch": 119,
    "k": 52,
    "seed": 94,
    "train_loss": 0.011456206691620485,
    "train_acc": 0.9965033567774936,
    "test_loss": 1.7741105556488037,
    "test_acc": 0.7763
  },
  {
    "epoch": 120,
    "k": 52,
    "seed": 94,
    "train_loss": 0.020535434935251763,
    "train_acc": 0.9935062340153452,
    "test_loss": 1.4661777019500732,
    "test_acc": 0.7959
  },
  {
    "epoch": 121,
    "k": 52,
    "seed": 94,
    "train_loss": 0.006475087229299116,
    "train_acc": 0.9975623401534527,
    "test_loss": 1.549959421157837,
    "test_acc": 0.7944
  },
  {
    "epoch": 122,
    "k": 52,
    "seed": 94,
    "train_loss": 0.004755849412045939,
    "train_acc": 0.9984215153452686,
    "test_loss": 1.438645362854004,
    "test_acc": 0.8071
  },
  {
    "epoch": 123,
    "k": 52,
    "seed": 94,
    "train_loss": 0.01028036377015141,
    "train_acc": 0.9966632033248082,
    "test_loss": 1.5748755931854248,
    "test_acc": 0.7879
  },
  {
    "epoch": 124,
    "k": 52,
    "seed": 94,
    "train_loss": 0.01145924947400148,
    "train_acc": 0.9958040281329923,
    "test_loss": 1.5223050117492676,
    "test_acc": 0.7969
  },
  {
    "epoch": 125,
    "k": 52,
    "seed": 94,
    "train_loss": 0.010341269647237694,
    "train_acc": 0.9965632992327366,
    "test_loss": 1.5134177207946777,
    "test_acc": 0.7945
  },
  {
    "epoch": 126,
    "k": 52,
    "seed": 94,
    "train_loss": 0.005886226228154053,
    "train_acc": 0.9979020140664961,
    "test_loss": 1.5160863399505615,
    "test_acc": 0.8034
  },
  {
    "epoch": 127,
    "k": 52,
    "seed": 94,
    "train_loss": 0.00655045363260876,
    "train_acc": 0.997582320971867,
    "test_loss": 1.4748194217681885,
    "test_acc": 0.8039
  },
  {
    "epoch": 128,
    "k": 52,
    "seed": 94,
    "train_loss": 0.009437170317348883,
    "train_acc": 0.9967431265984654,
    "test_loss": 1.464538812637329,
    "test_acc": 0.7998
  },
  {
    "epoch": 129,
    "k": 52,
    "seed": 94,
    "train_loss": 0.011334629319638358,
    "train_acc": 0.996463395140665,
    "test_loss": 1.4934018850326538,
    "test_acc": 0.7968
  },
  {
    "epoch": 130,
    "k": 52,
    "seed": 94,
    "train_loss": 0.00680498190864976,
    "train_acc": 0.9977621483375959,
    "test_loss": 1.547576904296875,
    "test_acc": 0.7962
  },
  {
    "epoch": 131,
    "k": 52,
    "seed": 94,
    "train_loss": 0.008085873528828082,
    "train_acc": 0.9973025895140665,
    "test_loss": 1.5825519561767578,
    "test_acc": 0.7907
  },
  {
    "epoch": 132,
    "k": 52,
    "seed": 94,
    "train_loss": 0.0065002469820074045,
    "train_acc": 0.9977221867007673,
    "test_loss": 1.4781121015548706,
    "test_acc": 0.7938
  },
  {
    "epoch": 133,
    "k": 52,
    "seed": 94,
    "train_loss": 0.00903647790628593,
    "train_acc": 0.99690297314578,
    "test_loss": 1.6221288442611694,
    "test_acc": 0.7943
  },
  {
    "epoch": 134,
    "k": 52,
    "seed": 94,
    "train_loss": 0.01040909779504264,
    "train_acc": 0.9966632033248082,
    "test_loss": 1.6785551309585571,
    "test_acc": 0.7888
  },
  {
    "epoch": 135,
    "k": 52,
    "seed": 94,
    "train_loss": 0.00834908098785609,
    "train_acc": 0.9973225703324808,
    "test_loss": 1.5266064405441284,
    "test_acc": 0.8019
  },
  {
    "epoch": 136,
    "k": 52,
    "seed": 94,
    "train_loss": 0.00849862003452493,
    "train_acc": 0.9970508312020461,
    "test_loss": 1.6173590421676636,
    "test_acc": 0.7962
  },
  {
    "epoch": 137,
    "k": 52,
    "seed": 94,
    "train_loss": 0.005952790108080769,
    "train_acc": 0.9979219948849105,
    "test_loss": 1.4542220830917358,
    "test_acc": 0.8067
  },
  {
    "epoch": 138,
    "k": 52,
    "seed": 94,
    "train_loss": 0.00476108868090419,
    "train_acc": 0.9983895460358057,
    "test_loss": 1.5584722757339478,
    "test_acc": 0.8019
  },
  {
    "epoch": 139,
    "k": 52,
    "seed": 94,
    "train_loss": 0.0042770709059812805,
    "train_acc": 0.998641304347826,
    "test_loss": 1.5951918363571167,
    "test_acc": 0.8003
  },
  {
    "epoch": 140,
    "k": 52,
    "seed": 94,
    "train_loss": 0.012345212596540867,
    "train_acc": 0.9960437979539642,
    "test_loss": 1.6324589252471924,
    "test_acc": 0.7943
  },
  {
    "epoch": 141,
    "k": 52,
    "seed": 94,
    "train_loss": 0.01205386935317059,
    "train_acc": 0.9958919437340154,
    "test_loss": 1.5702695846557617,
    "test_acc": 0.7971
  },
  {
    "epoch": 142,
    "k": 52,
    "seed": 94,
    "train_loss": 0.005778301856085106,
    "train_acc": 0.9978700447570332,
    "test_loss": 1.5196408033370972,
    "test_acc": 0.8009
  },
  {
    "epoch": 143,
    "k": 52,
    "seed": 94,
    "train_loss": 0.003332160930497889,
    "train_acc": 0.9987811700767263,
    "test_loss": 1.5105485916137695,
    "test_acc": 0.8008
  },
  {
    "epoch": 144,
    "k": 52,
    "seed": 94,
    "train_loss": 0.004693228751329095,
    "train_acc": 0.9985014386189258,
    "test_loss": 1.6428889036178589,
    "test_acc": 0.8014
  },
  {
    "epoch": 145,
    "k": 52,
    "seed": 94,
    "train_loss": 0.017978921726171857,
    "train_acc": 0.9943853900255755,
    "test_loss": 1.5470935106277466,
    "test_acc": 0.7977
  },
  {
    "epoch": 146,
    "k": 52,
    "seed": 94,
    "train_loss": 0.00821804054272513,
    "train_acc": 0.9972226662404092,
    "test_loss": 1.4887233972549438,
    "test_acc": 0.8032
  },
  {
    "epoch": 147,
    "k": 52,
    "seed": 94,
    "train_loss": 0.0034086883338890835,
    "train_acc": 0.9988610933503836,
    "test_loss": 1.4590355157852173,
    "test_acc": 0.8064
  },
  {
    "epoch": 148,
    "k": 52,
    "seed": 94,
    "train_loss": 0.002125791993914572,
    "train_acc": 0.999380594629156,
    "test_loss": 1.5055065155029297,
    "test_acc": 0.8049
  },
  {
    "epoch": 149,
    "k": 52,
    "seed": 94,
    "train_loss": 0.0027207363125393027,
    "train_acc": 0.9991008631713555,
    "test_loss": 1.5596182346343994,
    "test_acc": 0.8002
  },
  {
    "epoch": 150,
    "k": 52,
    "seed": 94,
    "train_loss": 0.012233662059135704,
    "train_acc": 0.9959718670076727,
    "test_loss": 1.5575932264328003,
    "test_acc": 0.798
  },
  {
    "epoch": 151,
    "k": 52,
    "seed": 94,
    "train_loss": 0.010967612594284271,
    "train_acc": 0.9962715792838875,
    "test_loss": 1.5547395944595337,
    "test_acc": 0.8008
  },
  {
    "epoch": 152,
    "k": 52,
    "seed": 94,
    "train_loss": 0.005435782538088949,
    "train_acc": 0.998201726342711,
    "test_loss": 1.5580322742462158,
    "test_acc": 0.8
  },
  {
    "epoch": 153,
    "k": 52,
    "seed": 94,
    "train_loss": 0.005297547614996974,
    "train_acc": 0.998261668797954,
    "test_loss": 1.4693801403045654,
    "test_acc": 0.8124
  },
  {
    "epoch": 154,
    "k": 52,
    "seed": 94,
    "train_loss": 0.00457518081948551,
    "train_acc": 0.9985773657289003,
    "test_loss": 1.580064296722412,
    "test_acc": 0.801
  },
  {
    "epoch": 155,
    "k": 52,
    "seed": 94,
    "train_loss": 0.011738748536776061,
    "train_acc": 0.9960038363171355,
    "test_loss": 1.501909613609314,
    "test_acc": 0.8088
  },
  {
    "epoch": 156,
    "k": 52,
    "seed": 94,
    "train_loss": 0.007493616134189973,
    "train_acc": 0.9972306585677749,
    "test_loss": 1.5566874742507935,
    "test_acc": 0.8048
  },
  {
    "epoch": 157,
    "k": 52,
    "seed": 94,
    "train_loss": 0.006518034221080319,
    "train_acc": 0.9977821291560103,
    "test_loss": 1.500410556793213,
    "test_acc": 0.8033
  },
  {
    "epoch": 158,
    "k": 52,
    "seed": 94,
    "train_loss": 0.004217702651686241,
    "train_acc": 0.9985214194373402,
    "test_loss": 1.5921714305877686,
    "test_acc": 0.8009
  },
  {
    "epoch": 159,
    "k": 52,
    "seed": 94,
    "train_loss": 0.004183123962477688,
    "train_acc": 0.9986013427109974,
    "test_loss": 1.661927342414856,
    "test_acc": 0.8016
  },
  {
    "epoch": 160,
    "k": 52,
    "seed": 94,
    "train_loss": 0.007986369758248697,
    "train_acc": 0.9977221867007673,
    "test_loss": 1.5733873844146729,
    "test_acc": 0.805
  },
  {
    "epoch": 161,
    "k": 52,
    "seed": 94,
    "train_loss": 0.004344281200088596,
    "train_acc": 0.9985014386189258,
    "test_loss": 1.5941625833511353,
    "test_acc": 0.8011
  },
  {
    "epoch": 162,
    "k": 52,
    "seed": 94,
    "train_loss": 0.007654660090889718,
    "train_acc": 0.9974224744245525,
    "test_loss": 1.5807461738586426,
    "test_acc": 0.8044
  },
  {
    "epoch": 163,
    "k": 52,
    "seed": 94,
    "train_loss": 0.006187453170497365,
    "train_acc": 0.9979619565217391,
    "test_loss": 1.57448410987854,
    "test_acc": 0.8005
  },
  {
    "epoch": 164,
    "k": 52,
    "seed": 94,
    "train_loss": 0.004640093509265508,
    "train_acc": 0.998641304347826,
    "test_loss": 1.6474297046661377,
    "test_acc": 0.8005
  },
  {
    "epoch": 165,
    "k": 52,
    "seed": 94,
    "train_loss": 0.0036873894906116187,
    "train_acc": 0.9989010549872123,
    "test_loss": 1.7487281560897827,
    "test_acc": 0.7969
  },
  {
    "epoch": 166,
    "k": 52,
    "seed": 94,
    "train_loss": 0.013224954120658395,
    "train_acc": 0.9958040281329923,
    "test_loss": 1.5206148624420166,
    "test_acc": 0.8029
  },
  {
    "epoch": 167,
    "k": 52,
    "seed": 94,
    "train_loss": 0.007969636129514363,
    "train_acc": 0.9973825127877238,
    "test_loss": 1.4923173189163208,
    "test_acc": 0.8088
  },
  {
    "epoch": 168,
    "k": 52,
    "seed": 94,
    "train_loss": 0.005012056751686422,
    "train_acc": 0.9984414961636828,
    "test_loss": 1.4997382164001465,
    "test_acc": 0.8094
  },
  {
    "epoch": 169,
    "k": 52,
    "seed": 94,
    "train_loss": 0.0020932177930986107,
    "train_acc": 0.9993206521739131,
    "test_loss": 1.5620739459991455,
    "test_acc": 0.8065
  },
  {
    "epoch": 170,
    "k": 52,
    "seed": 94,
    "train_loss": 0.0066613090207179,
    "train_acc": 0.9973705242966753,
    "test_loss": 1.6610110998153687,
    "test_acc": 0.8005
  },
  {
    "epoch": 171,
    "k": 52,
    "seed": 94,
    "train_loss": 0.01004193668552518,
    "train_acc": 0.9967431265984654,
    "test_loss": 1.4988354444503784,
    "test_acc": 0.8096
  },
  {
    "epoch": 172,
    "k": 52,
    "seed": 94,
    "train_loss": 0.00623265612677614,
    "train_acc": 0.9976023017902813,
    "test_loss": 1.5440846681594849,
    "test_acc": 0.8002
  },
  {
    "epoch": 173,
    "k": 52,
    "seed": 94,
    "train_loss": 0.005245881894698982,
    "train_acc": 0.998321611253197,
    "test_loss": 1.6048818826675415,
    "test_acc": 0.8004
  },
  {
    "epoch": 174,
    "k": 52,
    "seed": 94,
    "train_loss": 0.004896764622070667,
    "train_acc": 0.9983016304347826,
    "test_loss": 1.5647287368774414,
    "test_acc": 0.8022
  },
  {
    "epoch": 175,
    "k": 52,
    "seed": 94,
    "train_loss": 0.00405856392530729,
    "train_acc": 0.9985014386189258,
    "test_loss": 1.6279269456863403,
    "test_acc": 0.8034
  },
  {
    "epoch": 176,
    "k": 52,
    "seed": 94,
    "train_loss": 0.004719318727657454,
    "train_acc": 0.9983296035805627,
    "test_loss": 1.7608566284179688,
    "test_acc": 0.7952
  },
  {
    "epoch": 177,
    "k": 52,
    "seed": 94,
    "train_loss": 0.011391379968818395,
    "train_acc": 0.9964234335038363,
    "test_loss": 1.5606919527053833,
    "test_acc": 0.8016
  },
  {
    "epoch": 178,
    "k": 52,
    "seed": 94,
    "train_loss": 0.007129087261244566,
    "train_acc": 0.9974904092071611,
    "test_loss": 1.6995081901550293,
    "test_acc": 0.7941
  },
  {
    "epoch": 179,
    "k": 52,
    "seed": 94,
    "train_loss": 0.0054678448702298686,
    "train_acc": 0.9979419757033248,
    "test_loss": 1.5656733512878418,
    "test_acc": 0.8062
  },
  {
    "epoch": 180,
    "k": 52,
    "seed": 94,
    "train_loss": 0.0025086768325100913,
    "train_acc": 0.9991807864450127,
    "test_loss": 1.5223469734191895,
    "test_acc": 0.8098
  },
  {
    "epoch": 181,
    "k": 52,
    "seed": 94,
    "train_loss": 0.002438093727209482,
    "train_acc": 0.9992207480818415,
    "test_loss": 1.6644384860992432,
    "test_acc": 0.8017
  },
  {
    "epoch": 182,
    "k": 52,
    "seed": 94,
    "train_loss": 0.009113071596653368,
    "train_acc": 0.9968909846547315,
    "test_loss": 1.6177082061767578,
    "test_acc": 0.7999
  },
  {
    "epoch": 183,
    "k": 52,
    "seed": 94,
    "train_loss": 0.01016531649950377,
    "train_acc": 0.9967431265984654,
    "test_loss": 1.5669511556625366,
    "test_acc": 0.809
  },
  {
    "epoch": 184,
    "k": 52,
    "seed": 94,
    "train_loss": 0.0033606808755838294,
    "train_acc": 0.998761189258312,
    "test_loss": 1.484241247177124,
    "test_acc": 0.8088
  },
  {
    "epoch": 185,
    "k": 52,
    "seed": 94,
    "train_loss": 0.002857546434487773,
    "train_acc": 0.9989010549872123,
    "test_loss": 1.724408745765686,
    "test_acc": 0.7989
  },
  {
    "epoch": 186,
    "k": 52,
    "seed": 94,
    "train_loss": 0.007837507875758879,
    "train_acc": 0.9976182864450128,
    "test_loss": 1.8662705421447754,
    "test_acc": 0.7925
  },
  {
    "epoch": 187,
    "k": 52,
    "seed": 94,
    "train_loss": 0.012065485707264827,
    "train_acc": 0.9961037404092071,
    "test_loss": 1.626116156578064,
    "test_acc": 0.7985
  },
  {
    "epoch": 188,
    "k": 52,
    "seed": 94,
    "train_loss": 0.004719958234395016,
    "train_acc": 0.9985014386189258,
    "test_loss": 1.471191167831421,
    "test_acc": 0.813
  },
  {
    "epoch": 189,
    "k": 52,
    "seed": 94,
    "train_loss": 0.0021207558407879373,
    "train_acc": 0.9992207480818415,
    "test_loss": 1.5034292936325073,
    "test_acc": 0.8129
  },
  {
    "epoch": 190,
    "k": 52,
    "seed": 94,
    "train_loss": 0.003392330688808341,
    "train_acc": 0.9987691815856777,
    "test_loss": 1.5932137966156006,
    "test_acc": 0.8043
  },
  {
    "epoch": 191,
    "k": 52,
    "seed": 94,
    "train_loss": 0.007616453952735069,
    "train_acc": 0.9974224744245525,
    "test_loss": 1.6533355712890625,
    "test_acc": 0.8018
  },
  {
    "epoch": 192,
    "k": 52,
    "seed": 94,
    "train_loss": 0.00932807727440842,
    "train_acc": 0.9967311381074169,
    "test_loss": 1.5252431631088257,
    "test_acc": 0.8071
  },
  {
    "epoch": 193,
    "k": 52,
    "seed": 94,
    "train_loss": 0.0031397852945327246,
    "train_acc": 0.9989809782608695,
    "test_loss": 1.5292701721191406,
    "test_acc": 0.8123
  },
  {
    "epoch": 194,
    "k": 52,
    "seed": 94,
    "train_loss": 0.003478440561257044,
    "train_acc": 0.998761189258312,
    "test_loss": 1.5493042469024658,
    "test_acc": 0.8081
  },
  {
    "epoch": 195,
    "k": 52,
    "seed": 94,
    "train_loss": 0.005726090610900093,
    "train_acc": 0.998201726342711,
    "test_loss": 1.5377148389816284,
    "test_acc": 0.8118
  },
  {
    "epoch": 196,
    "k": 52,
    "seed": 94,
    "train_loss": 0.007828962391104049,
    "train_acc": 0.9974024936061381,
    "test_loss": 1.5485894680023193,
    "test_acc": 0.8104
  },
  {
    "epoch": 197,
    "k": 52,
    "seed": 94,
    "train_loss": 0.008143367349789758,
    "train_acc": 0.9976023017902813,
    "test_loss": 1.6356556415557861,
    "test_acc": 0.798
  },
  {
    "epoch": 198,
    "k": 52,
    "seed": 94,
    "train_loss": 0.004982557100802319,
    "train_acc": 0.9984015345268542,
    "test_loss": 1.4876911640167236,
    "test_acc": 0.8136
  },
  {
    "epoch": 199,
    "k": 52,
    "seed": 94,
    "train_loss": 0.0030391884882016626,
    "train_acc": 0.9992607097186701,
    "test_loss": 1.4827673435211182,
    "test_acc": 0.8199
  },
  {
    "epoch": 200,
    "k": 52,
    "seed": 94,
    "train_loss": 0.001253233598184722,
    "train_acc": 0.9995804028132992,
    "test_loss": 1.4917200803756714,
    "test_acc": 0.8204
  },
  {
    "epoch": 201,
    "k": 52,
    "seed": 94,
    "train_loss": 0.005316007030751513,
    "train_acc": 0.9982217071611253,
    "test_loss": 1.6612416505813599,
    "test_acc": 0.8011
  },
  {
    "epoch": 202,
    "k": 52,
    "seed": 94,
    "train_loss": 0.010138531972030329,
    "train_acc": 0.9966632033248082,
    "test_loss": 1.49263334274292,
    "test_acc": 0.8096
  },
  {
    "epoch": 203,
    "k": 52,
    "seed": 94,
    "train_loss": 0.0070213839126921805,
    "train_acc": 0.9977421675191815,
    "test_loss": 1.4778964519500732,
    "test_acc": 0.8084
  },
  {
    "epoch": 204,
    "k": 52,
    "seed": 94,
    "train_loss": 0.0024073638326794155,
    "train_acc": 0.9993206521739131,
    "test_loss": 1.5796016454696655,
    "test_acc": 0.8008
  },
  {
    "epoch": 205,
    "k": 52,
    "seed": 94,
    "train_loss": 0.0021578621288140696,
    "train_acc": 0.9992087595907929,
    "test_loss": 1.4769803285598755,
    "test_acc": 0.8147
  },
  {
    "epoch": 206,
    "k": 52,
    "seed": 94,
    "train_loss": 0.006316796360131477,
    "train_acc": 0.9978620524296675,
    "test_loss": 1.7441372871398926,
    "test_acc": 0.7912
  },
  {
    "epoch": 207,
    "k": 52,
    "seed": 94,
    "train_loss": 0.008162004894686683,
    "train_acc": 0.9972026854219949,
    "test_loss": 1.533433198928833,
    "test_acc": 0.7995
  },
  {
    "epoch": 208,
    "k": 52,
    "seed": 94,
    "train_loss": 0.005460136787249798,
    "train_acc": 0.9977781329923274,
    "test_loss": 1.5730596780776978,
    "test_acc": 0.8023
  },
  {
    "epoch": 209,
    "k": 52,
    "seed": 94,
    "train_loss": 0.004884472768398343,
    "train_acc": 0.9985813618925832,
    "test_loss": 1.5514280796051025,
    "test_acc": 0.8061
  },
  {
    "epoch": 210,
    "k": 52,
    "seed": 94,
    "train_loss": 0.003096557724680432,
    "train_acc": 0.9988890664961637,
    "test_loss": 1.5663535594940186,
    "test_acc": 0.8077
  },
  {
    "epoch": 211,
    "k": 52,
    "seed": 94,
    "train_loss": 0.006537735432635958,
    "train_acc": 0.9979299872122762,
    "test_loss": 1.5602604150772095,
    "test_acc": 0.8112
  },
  {
    "epoch": 212,
    "k": 52,
    "seed": 94,
    "train_loss": 0.006470786357561889,
    "train_acc": 0.9978820332480819,
    "test_loss": 1.5221128463745117,
    "test_acc": 0.8138
  },
  {
    "epoch": 213,
    "k": 52,
    "seed": 94,
    "train_loss": 0.003382556272845017,
    "train_acc": 0.9990009590792839,
    "test_loss": 1.5310478210449219,
    "test_acc": 0.8129
  },
  {
    "epoch": 214,
    "k": 52,
    "seed": 94,
    "train_loss": 0.006211988895386958,
    "train_acc": 0.9980498721227622,
    "test_loss": 1.6389414072036743,
    "test_acc": 0.7986
  },
  {
    "epoch": 215,
    "k": 52,
    "seed": 94,
    "train_loss": 0.008945060507599906,
    "train_acc": 0.9971427429667519,
    "test_loss": 1.582414984703064,
    "test_acc": 0.8084
  },
  {
    "epoch": 216,
    "k": 52,
    "seed": 94,
    "train_loss": 0.002979272426312926,
    "train_acc": 0.9989609974424553,
    "test_loss": 1.516201376914978,
    "test_acc": 0.8139
  },
  {
    "epoch": 217,
    "k": 52,
    "seed": 94,
    "train_loss": 0.0018697303547205338,
    "train_acc": 0.9992886828644502,
    "test_loss": 1.4769138097763062,
    "test_acc": 0.815
  },
  {
    "epoch": 218,
    "k": 52,
    "seed": 94,
    "train_loss": 0.0005523896507318922,
    "train_acc": 0.9998201726342711,
    "test_loss": 1.484392523765564,
    "test_acc": 0.8181
  },
  {
    "epoch": 219,
    "k": 52,
    "seed": 94,
    "train_loss": 0.00013553943453491085,
    "train_acc": 1.0,
    "test_loss": 1.5194902420043945,
    "test_acc": 0.8217
  },
  {
    "epoch": 220,
    "k": 52,
    "seed": 94,
    "train_loss": 7.34130171155714e-05,
    "train_acc": 1.0,
    "test_loss": 1.4911409616470337,
    "test_acc": 0.8232
  },
  {
    "epoch": 221,
    "k": 52,
    "seed": 94,
    "train_loss": 3.1533716674199e-05,
    "train_acc": 1.0,
    "test_loss": 1.4960854053497314,
    "test_acc": 0.8247
  },
  {
    "epoch": 222,
    "k": 52,
    "seed": 94,
    "train_loss": 7.129445689764839e-05,
    "train_acc": 0.9999600383631714,
    "test_loss": 1.6349403858184814,
    "test_acc": 0.8107
  },
  {
    "epoch": 223,
    "k": 52,
    "seed": 94,
    "train_loss": 0.0326242275652913,
    "train_acc": 0.9905290920716112,
    "test_loss": 1.4397413730621338,
    "test_acc": 0.8066
  },
  {
    "epoch": 224,
    "k": 52,
    "seed": 94,
    "train_loss": 0.004046360072030192,
    "train_acc": 0.9985414002557544,
    "test_loss": 1.3449995517730713,
    "test_acc": 0.8151
  },
  {
    "epoch": 225,
    "k": 52,
    "seed": 94,
    "train_loss": 0.0010401559556718319,
    "train_acc": 0.9997402493606138,
    "test_loss": 1.3877524137496948,
    "test_acc": 0.8162
  },
  {
    "epoch": 226,
    "k": 52,
    "seed": 94,
    "train_loss": 0.0005281110335216097,
    "train_acc": 0.9998201726342711,
    "test_loss": 1.3905888795852661,
    "test_acc": 0.8181
  },
  {
    "epoch": 227,
    "k": 52,
    "seed": 94,
    "train_loss": 0.00024389949278004903,
    "train_acc": 0.9999600383631714,
    "test_loss": 1.3823615312576294,
    "test_acc": 0.8177
  },
  {
    "epoch": 228,
    "k": 52,
    "seed": 94,
    "train_loss": 8.33068262333545e-05,
    "train_acc": 1.0,
    "test_loss": 1.385535717010498,
    "test_acc": 0.8199
  },
  {
    "epoch": 229,
    "k": 52,
    "seed": 94,
    "train_loss": 0.00022691575799513558,
    "train_acc": 0.9999600383631714,
    "test_loss": 1.3969448804855347,
    "test_acc": 0.8175
  },
  {
    "epoch": 230,
    "k": 52,
    "seed": 94,
    "train_loss": 4.923030915697126e-05,
    "train_acc": 1.0,
    "test_loss": 1.4290837049484253,
    "test_acc": 0.8205
  },
  {
    "epoch": 231,
    "k": 52,
    "seed": 94,
    "train_loss": 0.0012908891359598863,
    "train_acc": 0.999708280051151,
    "test_loss": 1.534971833229065,
    "test_acc": 0.8068
  },
  {
    "epoch": 232,
    "k": 52,
    "seed": 94,
    "train_loss": 0.031166427145100078,
    "train_acc": 0.9903372762148338,
    "test_loss": 1.2910380363464355,
    "test_acc": 0.8084
  },
  {
    "epoch": 233,
    "k": 52,
    "seed": 94,
    "train_loss": 0.0025685088122184277,
    "train_acc": 0.9993006713554987,
    "test_loss": 1.2743754386901855,
    "test_acc": 0.8177
  },
  {
    "epoch": 234,
    "k": 52,
    "seed": 94,
    "train_loss": 0.001364522391482202,
    "train_acc": 0.9994605179028133,
    "test_loss": 1.3051172494888306,
    "test_acc": 0.8173
  },
  {
    "epoch": 235,
    "k": 52,
    "seed": 94,
    "train_loss": 0.00072694680169117,
    "train_acc": 0.9997802109974424,
    "test_loss": 1.3841809034347534,
    "test_acc": 0.8208
  },
  {
    "epoch": 236,
    "k": 52,
    "seed": 94,
    "train_loss": 0.0003590524214595999,
    "train_acc": 0.9999600383631714,
    "test_loss": 1.3504502773284912,
    "test_acc": 0.8211
  },
  {
    "epoch": 237,
    "k": 52,
    "seed": 94,
    "train_loss": 0.0003530649678965891,
    "train_acc": 0.9999600383631714,
    "test_loss": 1.3300358057022095,
    "test_acc": 0.8238
  },
  {
    "epoch": 238,
    "k": 52,
    "seed": 94,
    "train_loss": 7.486531592755973e-05,
    "train_acc": 1.0,
    "test_loss": 1.3587934970855713,
    "test_acc": 0.8247
  },
  {
    "epoch": 239,
    "k": 52,
    "seed": 94,
    "train_loss": 3.58727687774302e-05,
    "train_acc": 1.0,
    "test_loss": 1.3762913942337036,
    "test_acc": 0.8256
  },
  {
    "epoch": 240,
    "k": 52,
    "seed": 94,
    "train_loss": 2.329310188750479e-05,
    "train_acc": 1.0,
    "test_loss": 1.3558645248413086,
    "test_acc": 0.8266
  },
  {
    "epoch": 241,
    "k": 52,
    "seed": 94,
    "train_loss": 1.5909029029654863e-05,
    "train_acc": 1.0,
    "test_loss": 1.3759108781814575,
    "test_acc": 0.8266
  },
  {
    "epoch": 242,
    "k": 52,
    "seed": 94,
    "train_loss": 1.9862428611917416e-05,
    "train_acc": 1.0,
    "test_loss": 1.3825109004974365,
    "test_acc": 0.8276
  },
  {
    "epoch": 243,
    "k": 52,
    "seed": 94,
    "train_loss": 1.1021823679872338e-05,
    "train_acc": 1.0,
    "test_loss": 1.4061634540557861,
    "test_acc": 0.8261
  },
  {
    "epoch": 244,
    "k": 52,
    "seed": 94,
    "train_loss": 1.817742630170097e-05,
    "train_acc": 1.0,
    "test_loss": 1.4243028163909912,
    "test_acc": 0.8257
  },
  {
    "epoch": 245,
    "k": 52,
    "seed": 94,
    "train_loss": 0.04117785733068639,
    "train_acc": 0.9884311061381074,
    "test_loss": 1.1932470798492432,
    "test_acc": 0.8126
  },
  {
    "epoch": 246,
    "k": 52,
    "seed": 94,
    "train_loss": 0.003780151967212985,
    "train_acc": 0.9988610933503836,
    "test_loss": 1.2259583473205566,
    "test_acc": 0.8186
  },
  {
    "epoch": 247,
    "k": 52,
    "seed": 94,
    "train_loss": 0.0012825202908186937,
    "train_acc": 0.9996203644501279,
    "test_loss": 1.229486346244812,
    "test_acc": 0.824
  },
  {
    "epoch": 248,
    "k": 52,
    "seed": 94,
    "train_loss": 0.0011066514411654878,
    "train_acc": 0.9996603260869565,
    "test_loss": 1.2661514282226562,
    "test_acc": 0.8194
  },
  {
    "epoch": 249,
    "k": 52,
    "seed": 94,
    "train_loss": 0.001752258393102601,
    "train_acc": 0.9994205562659847,
    "test_loss": 1.3245928287506104,
    "test_acc": 0.8183
  },
  {
    "epoch": 250,
    "k": 52,
    "seed": 94,
    "train_loss": 0.0005552101430458674,
    "train_acc": 0.9999000959079284,
    "test_loss": 1.3504594564437866,
    "test_acc": 0.8216
  },
  {
    "epoch": 251,
    "k": 52,
    "seed": 94,
    "train_loss": 0.0001961875383157723,
    "train_acc": 0.9999800191815856,
    "test_loss": 1.3268219232559204,
    "test_acc": 0.8229
  },
  {
    "epoch": 252,
    "k": 52,
    "seed": 94,
    "train_loss": 7.516275827188308e-05,
    "train_acc": 1.0,
    "test_loss": 1.3068927526474,
    "test_acc": 0.8249
  },
  {
    "epoch": 253,
    "k": 52,
    "seed": 94,
    "train_loss": 0.01842953820871071,
    "train_acc": 0.9941656010230179,
    "test_loss": 1.3692759275436401,
    "test_acc": 0.8045
  },
  {
    "epoch": 254,
    "k": 52,
    "seed": 94,
    "train_loss": 0.009367828206636298,
    "train_acc": 0.996843030690537,
    "test_loss": 1.3233884572982788,
    "test_acc": 0.8125
  },
  {
    "epoch": 255,
    "k": 52,
    "seed": 94,
    "train_loss": 0.002307730635865671,
    "train_acc": 0.9994005754475703,
    "test_loss": 1.2744451761245728,
    "test_acc": 0.8201
  },
  {
    "epoch": 256,
    "k": 52,
    "seed": 94,
    "train_loss": 0.0008937857972357872,
    "train_acc": 0.9997202685421995,
    "test_loss": 1.3089932203292847,
    "test_acc": 0.8206
  },
  {
    "epoch": 257,
    "k": 52,
    "seed": 94,
    "train_loss": 0.0010330929099683272,
    "train_acc": 0.9996603260869565,
    "test_loss": 1.3673453330993652,
    "test_acc": 0.8168
  },
  {
    "epoch": 258,
    "k": 52,
    "seed": 94,
    "train_loss": 0.00441980927526947,
    "train_acc": 0.9988491048593351,
    "test_loss": 1.7001826763153076,
    "test_acc": 0.7888
  },
  {
    "epoch": 259,
    "k": 52,
    "seed": 94,
    "train_loss": 0.009993569599823681,
    "train_acc": 0.9964114450127878,
    "test_loss": 1.3814586400985718,
    "test_acc": 0.8139
  },
  {
    "epoch": 260,
    "k": 52,
    "seed": 94,
    "train_loss": 0.0039791016584027825,
    "train_acc": 0.9986213235294118,
    "test_loss": 1.4591478109359741,
    "test_acc": 0.8127
  },
  {
    "epoch": 261,
    "k": 52,
    "seed": 94,
    "train_loss": 0.001724049724900927,
    "train_acc": 0.999440537084399,
    "test_loss": 1.3945215940475464,
    "test_acc": 0.8158
  },
  {
    "epoch": 262,
    "k": 52,
    "seed": 94,
    "train_loss": 0.0010007200328153887,
    "train_acc": 0.9997202685421995,
    "test_loss": 1.396870493888855,
    "test_acc": 0.8249
  },
  {
    "epoch": 263,
    "k": 52,
    "seed": 94,
    "train_loss": 0.0003532542585844567,
    "train_acc": 0.999940057544757,
    "test_loss": 1.358612060546875,
    "test_acc": 0.8266
  },
  {
    "epoch": 264,
    "k": 52,
    "seed": 94,
    "train_loss": 0.00014316306458494,
    "train_acc": 0.9999800191815856,
    "test_loss": 1.397598147392273,
    "test_acc": 0.8233
  },
  {
    "epoch": 265,
    "k": 52,
    "seed": 94,
    "train_loss": 0.01751095643216077,
    "train_acc": 0.994872921994885,
    "test_loss": 1.3814928531646729,
    "test_acc": 0.8113
  },
  {
    "epoch": 266,
    "k": 52,
    "seed": 94,
    "train_loss": 0.00674365482296484,
    "train_acc": 0.9977022058823529,
    "test_loss": 1.3565760850906372,
    "test_acc": 0.8182
  },
  {
    "epoch": 267,
    "k": 52,
    "seed": 94,
    "train_loss": 0.0009822286447416745,
    "train_acc": 0.9997402493606138,
    "test_loss": 1.3664838075637817,
    "test_acc": 0.822
  },
  {
    "epoch": 268,
    "k": 52,
    "seed": 94,
    "train_loss": 0.00035817842712674376,
    "train_acc": 0.999940057544757,
    "test_loss": 1.3688678741455078,
    "test_acc": 0.8228
  },
  {
    "epoch": 269,
    "k": 52,
    "seed": 94,
    "train_loss": 0.0010840031003672057,
    "train_acc": 0.9997002877237852,
    "test_loss": 1.4587857723236084,
    "test_acc": 0.8195
  },
  {
    "epoch": 270,
    "k": 52,
    "seed": 94,
    "train_loss": 0.004241879070933694,
    "train_acc": 0.9985613810741688,
    "test_loss": 1.5613946914672852,
    "test_acc": 0.803
  },
  {
    "epoch": 271,
    "k": 52,
    "seed": 94,
    "train_loss": 0.011165828660020971,
    "train_acc": 0.9966831841432225,
    "test_loss": 1.5758922100067139,
    "test_acc": 0.8041
  },
  {
    "epoch": 272,
    "k": 52,
    "seed": 94,
    "train_loss": 0.0035183578743492915,
    "train_acc": 0.9987891624040921,
    "test_loss": 1.4285210371017456,
    "test_acc": 0.8162
  },
  {
    "epoch": 273,
    "k": 52,
    "seed": 94,
    "train_loss": 0.0016165937424574323,
    "train_acc": 0.9994605179028133,
    "test_loss": 1.460015058517456,
    "test_acc": 0.8144
  },
  {
    "epoch": 274,
    "k": 52,
    "seed": 94,
    "train_loss": 0.0023372212636493485,
    "train_acc": 0.9994005754475703,
    "test_loss": 1.522916555404663,
    "test_acc": 0.814
  },
  {
    "epoch": 275,
    "k": 52,
    "seed": 94,
    "train_loss": 0.005547493658284978,
    "train_acc": 0.9983615728900256,
    "test_loss": 1.5604345798492432,
    "test_acc": 0.807
  },
  {
    "epoch": 276,
    "k": 52,
    "seed": 94,
    "train_loss": 0.005108604563517178,
    "train_acc": 0.9982816496163683,
    "test_loss": 1.534085988998413,
    "test_acc": 0.8134
  },
  {
    "epoch": 277,
    "k": 52,
    "seed": 94,
    "train_loss": 0.005481353384446572,
    "train_acc": 0.998261668797954,
    "test_loss": 1.6098862886428833,
    "test_acc": 0.8096
  },
  {
    "epoch": 278,
    "k": 52,
    "seed": 94,
    "train_loss": 0.003082316175492507,
    "train_acc": 0.9990409207161125,
    "test_loss": 1.485285758972168,
    "test_acc": 0.8135
  },
  {
    "epoch": 279,
    "k": 52,
    "seed": 94,
    "train_loss": 0.0014267409662777964,
    "train_acc": 0.9994205562659847,
    "test_loss": 1.4909368753433228,
    "test_acc": 0.8205
  },
  {
    "epoch": 280,
    "k": 52,
    "seed": 94,
    "train_loss": 0.0030206186934766694,
    "train_acc": 0.9990609015345269,
    "test_loss": 1.618207573890686,
    "test_acc": 0.8116
  },
  {
    "epoch": 281,
    "k": 52,
    "seed": 94,
    "train_loss": 0.00594955944647354,
    "train_acc": 0.9982217071611253,
    "test_loss": 1.6177407503128052,
    "test_acc": 0.8102
  },
  {
    "epoch": 282,
    "k": 52,
    "seed": 94,
    "train_loss": 0.004466432317643261,
    "train_acc": 0.9985414002557544,
    "test_loss": 1.5585423707962036,
    "test_acc": 0.8135
  },
  {
    "epoch": 283,
    "k": 52,
    "seed": 94,
    "train_loss": 0.002396074986910202,
    "train_acc": 0.9991408248081841,
    "test_loss": 1.5756734609603882,
    "test_acc": 0.8128
  },
  {
    "epoch": 284,
    "k": 52,
    "seed": 94,
    "train_loss": 0.0015211991472284362,
    "train_acc": 0.9996003836317136,
    "test_loss": 1.5824699401855469,
    "test_acc": 0.8145
  },
  {
    "epoch": 285,
    "k": 52,
    "seed": 94,
    "train_loss": 0.004077759593973592,
    "train_acc": 0.9988291240409207,
    "test_loss": 1.685114860534668,
    "test_acc": 0.809
  },
  {
    "epoch": 286,
    "k": 52,
    "seed": 94,
    "train_loss": 0.00515398868456183,
    "train_acc": 0.9979819373401535,
    "test_loss": 1.6216436624526978,
    "test_acc": 0.8142
  },
  {
    "epoch": 287,
    "k": 52,
    "seed": 94,
    "train_loss": 0.004971540214132929,
    "train_acc": 0.998261668797954,
    "test_loss": 1.6372718811035156,
    "test_acc": 0.8074
  },
  {
    "epoch": 288,
    "k": 52,
    "seed": 94,
    "train_loss": 0.004773431198096634,
    "train_acc": 0.9984614769820972,
    "test_loss": 1.5593973398208618,
    "test_acc": 0.814
  },
  {
    "epoch": 289,
    "k": 52,
    "seed": 94,
    "train_loss": 0.0023269799998788493,
    "train_acc": 0.9991408248081841,
    "test_loss": 1.563246250152588,
    "test_acc": 0.8146
  },
  {
    "epoch": 290,
    "k": 52,
    "seed": 94,
    "train_loss": 0.003369066410928878,
    "train_acc": 0.9989410166240409,
    "test_loss": 1.581038236618042,
    "test_acc": 0.8148
  },
  {
    "epoch": 291,
    "k": 52,
    "seed": 94,
    "train_loss": 0.0018442320851685128,
    "train_acc": 0.9994605179028133,
    "test_loss": 1.6476894617080688,
    "test_acc": 0.8112
  },
  {
    "epoch": 292,
    "k": 52,
    "seed": 94,
    "train_loss": 0.004152133578878081,
    "train_acc": 0.9985414002557544,
    "test_loss": 1.7074776887893677,
    "test_acc": 0.8075
  },
  {
    "epoch": 293,
    "k": 52,
    "seed": 94,
    "train_loss": 0.006489834449883793,
    "train_acc": 0.9978420716112532,
    "test_loss": 1.5511313676834106,
    "test_acc": 0.8197
  },
  {
    "epoch": 294,
    "k": 52,
    "seed": 94,
    "train_loss": 0.0036629874963534773,
    "train_acc": 0.9986892583120205,
    "test_loss": 1.5936777591705322,
    "test_acc": 0.8155
  },
  {
    "epoch": 295,
    "k": 52,
    "seed": 94,
    "train_loss": 0.0009240000538640401,
    "train_acc": 0.9996803069053708,
    "test_loss": 1.4911293983459473,
    "test_acc": 0.8235
  },
  {
    "epoch": 296,
    "k": 52,
    "seed": 94,
    "train_loss": 0.0002038573672097948,
    "train_acc": 1.0,
    "test_loss": 1.4975647926330566,
    "test_acc": 0.8271
  },
  {
    "epoch": 297,
    "k": 52,
    "seed": 94,
    "train_loss": 4.157261372992673e-05,
    "train_acc": 1.0,
    "test_loss": 1.4954261779785156,
    "test_acc": 0.8295
  },
  {
    "epoch": 298,
    "k": 52,
    "seed": 94,
    "train_loss": 3.2055475580519414e-05,
    "train_acc": 1.0,
    "test_loss": 1.5276151895523071,
    "test_acc": 0.828
  },
  {
    "epoch": 299,
    "k": 52,
    "seed": 94,
    "train_loss": 3.409655165268412e-05,
    "train_acc": 1.0,
    "test_loss": 1.4984323978424072,
    "test_acc": 0.8278
  },
  {
    "epoch": 300,
    "k": 52,
    "seed": 94,
    "train_loss": 0.01243435650184214,
    "train_acc": 0.9963235294117647,
    "test_loss": 1.922597050666809,
    "test_acc": 0.7795
  },
  {
    "epoch": 301,
    "k": 52,
    "seed": 94,
    "train_loss": 0.015127248371347768,
    "train_acc": 0.9954323849104859,
    "test_loss": 1.4655601978302002,
    "test_acc": 0.8179
  },
  {
    "epoch": 302,
    "k": 52,
    "seed": 94,
    "train_loss": 0.002327471730502723,
    "train_acc": 0.9992407289002557,
    "test_loss": 1.4723848104476929,
    "test_acc": 0.8202
  },
  {
    "epoch": 303,
    "k": 52,
    "seed": 94,
    "train_loss": 0.0011516791266500787,
    "train_acc": 0.9996403452685422,
    "test_loss": 1.4730778932571411,
    "test_acc": 0.82
  },
  {
    "epoch": 304,
    "k": 52,
    "seed": 94,
    "train_loss": 0.0002689982688266087,
    "train_acc": 0.999940057544757,
    "test_loss": 1.4565725326538086,
    "test_acc": 0.8247
  },
  {
    "epoch": 305,
    "k": 52,
    "seed": 94,
    "train_loss": 0.0019050569966987418,
    "train_acc": 0.999380594629156,
    "test_loss": 1.5364279747009277,
    "test_acc": 0.8173
  },
  {
    "epoch": 306,
    "k": 52,
    "seed": 94,
    "train_loss": 0.005388986279489277,
    "train_acc": 0.9982097186700768,
    "test_loss": 1.770019769668579,
    "test_acc": 0.7994
  },
  {
    "epoch": 307,
    "k": 52,
    "seed": 94,
    "train_loss": 0.005791339456708186,
    "train_acc": 0.9980218989769821,
    "test_loss": 1.6079777479171753,
    "test_acc": 0.8133
  },
  {
    "epoch": 308,
    "k": 52,
    "seed": 94,
    "train_loss": 0.0022804948532224503,
    "train_acc": 0.9991208439897699,
    "test_loss": 1.5859272480010986,
    "test_acc": 0.8156
  },
  {
    "epoch": 309,
    "k": 52,
    "seed": 94,
    "train_loss": 0.0015633510532625735,
    "train_acc": 0.999528452685422,
    "test_loss": 1.593198299407959,
    "test_acc": 0.8142
  },
  {
    "epoch": 310,
    "k": 52,
    "seed": 94,
    "train_loss": 0.003990223987399156,
    "train_acc": 0.9989609974424553,
    "test_loss": 1.6940935850143433,
    "test_acc": 0.8109
  },
  {
    "epoch": 311,
    "k": 52,
    "seed": 94,
    "train_loss": 0.004670857958244061,
    "train_acc": 0.9984814578005116,
    "test_loss": 1.6402658224105835,
    "test_acc": 0.8148
  },
  {
    "epoch": 312,
    "k": 52,
    "seed": 94,
    "train_loss": 0.003089330984850625,
    "train_acc": 0.9988091432225065,
    "test_loss": 1.6777573823928833,
    "test_acc": 0.8094
  },
  {
    "epoch": 313,
    "k": 52,
    "seed": 94,
    "train_loss": 0.0046062900345872,
    "train_acc": 0.99838155370844,
    "test_loss": 1.638279914855957,
    "test_acc": 0.8131
  },
  {
    "epoch": 314,
    "k": 52,
    "seed": 94,
    "train_loss": 0.003239539930846126,
    "train_acc": 0.9988810741687979,
    "test_loss": 1.6465164422988892,
    "test_acc": 0.8107
  },
  {
    "epoch": 315,
    "k": 52,
    "seed": 94,
    "train_loss": 0.0012675595084126127,
    "train_acc": 0.9995804028132992,
    "test_loss": 1.596665382385254,
    "test_acc": 0.821
  },
  {
    "epoch": 316,
    "k": 52,
    "seed": 94,
    "train_loss": 0.0003587631692283167,
    "train_acc": 0.9999600383631714,
    "test_loss": 1.6150528192520142,
    "test_acc": 0.8247
  },
  {
    "epoch": 317,
    "k": 52,
    "seed": 94,
    "train_loss": 0.00017939715797022374,
    "train_acc": 0.999940057544757,
    "test_loss": 1.6155619621276855,
    "test_acc": 0.826
  },
  {
    "epoch": 318,
    "k": 52,
    "seed": 94,
    "train_loss": 0.0005174095834850324,
    "train_acc": 0.9998201726342711,
    "test_loss": 1.7514262199401855,
    "test_acc": 0.8134
  },
  {
    "epoch": 319,
    "k": 52,
    "seed": 94,
    "train_loss": 0.01624067381812439,
    "train_acc": 0.9952046035805626,
    "test_loss": 1.6305367946624756,
    "test_acc": 0.8105
  },
  {
    "epoch": 320,
    "k": 52,
    "seed": 94,
    "train_loss": 0.006020962384411196,
    "train_acc": 0.9979819373401535,
    "test_loss": 1.6757527589797974,
    "test_acc": 0.8057
  },
  {
    "epoch": 321,
    "k": 52,
    "seed": 94,
    "train_loss": 0.0019778980244529306,
    "train_acc": 0.9993406329923273,
    "test_loss": 1.5558539628982544,
    "test_acc": 0.8186
  },
  {
    "epoch": 322,
    "k": 52,
    "seed": 94,
    "train_loss": 0.001724760062825342,
    "train_acc": 0.999380594629156,
    "test_loss": 1.6908470392227173,
    "test_acc": 0.8153
  },
  {
    "epoch": 323,
    "k": 52,
    "seed": 94,
    "train_loss": 0.0024855048997384525,
    "train_acc": 0.9991807864450127,
    "test_loss": 1.6906826496124268,
    "test_acc": 0.8179
  },
  {
    "epoch": 324,
    "k": 52,
    "seed": 94,
    "train_loss": 0.0023276539120002278,
    "train_acc": 0.9991807864450127,
    "test_loss": 1.5814789533615112,
    "test_acc": 0.8156
  },
  {
    "epoch": 325,
    "k": 52,
    "seed": 94,
    "train_loss": 0.0023378122718993016,
    "train_acc": 0.9992806905370843,
    "test_loss": 1.6005970239639282,
    "test_acc": 0.8181
  },
  {
    "epoch": 326,
    "k": 52,
    "seed": 94,
    "train_loss": 0.0027589298613883307,
    "train_acc": 0.9991008631713555,
    "test_loss": 1.6762914657592773,
    "test_acc": 0.8107
  },
  {
    "epoch": 327,
    "k": 52,
    "seed": 94,
    "train_loss": 0.005319201907095261,
    "train_acc": 0.9982416879795396,
    "test_loss": 1.7341841459274292,
    "test_acc": 0.8087
  },
  {
    "epoch": 328,
    "k": 52,
    "seed": 94,
    "train_loss": 0.004294011497883714,
    "train_acc": 0.9985014386189258,
    "test_loss": 1.7144677639007568,
    "test_acc": 0.8152
  },
  {
    "epoch": 329,
    "k": 52,
    "seed": 94,
    "train_loss": 0.002004693386866433,
    "train_acc": 0.9993206521739131,
    "test_loss": 1.677736520767212,
    "test_acc": 0.8163
  },
  {
    "epoch": 330,
    "k": 52,
    "seed": 94,
    "train_loss": 0.004356453369539807,
    "train_acc": 0.9984614769820972,
    "test_loss": 1.7272417545318604,
    "test_acc": 0.8118
  },
  {
    "epoch": 331,
    "k": 52,
    "seed": 94,
    "train_loss": 0.0022036494552779592,
    "train_acc": 0.9992407289002557,
    "test_loss": 1.6450642347335815,
    "test_acc": 0.8189
  },
  {
    "epoch": 332,
    "k": 52,
    "seed": 94,
    "train_loss": 0.0032907688049149935,
    "train_acc": 0.9990009590792839,
    "test_loss": 1.6651908159255981,
    "test_acc": 0.8146
  },
  {
    "epoch": 333,
    "k": 52,
    "seed": 94,
    "train_loss": 0.0034711950659089092,
    "train_acc": 0.9987811700767263,
    "test_loss": 1.633149266242981,
    "test_acc": 0.8149
  },
  {
    "epoch": 334,
    "k": 52,
    "seed": 94,
    "train_loss": 0.0029670395341348027,
    "train_acc": 0.9990409207161125,
    "test_loss": 1.6480857133865356,
    "test_acc": 0.8175
  },
  {
    "epoch": 335,
    "k": 52,
    "seed": 94,
    "train_loss": 0.002361666943516323,
    "train_acc": 0.9993606138107417,
    "test_loss": 1.7154344320297241,
    "test_acc": 0.8139
  },
  {
    "epoch": 336,
    "k": 52,
    "seed": 94,
    "train_loss": 0.0027283223312276773,
    "train_acc": 0.9991008631713555,
    "test_loss": 1.7571381330490112,
    "test_acc": 0.8124
  },
  {
    "epoch": 337,
    "k": 52,
    "seed": 94,
    "train_loss": 0.003965300997768054,
    "train_acc": 0.9986293158567775,
    "test_loss": 1.7097138166427612,
    "test_acc": 0.8109
  },
  {
    "epoch": 338,
    "k": 52,
    "seed": 94,
    "train_loss": 0.005972665303421737,
    "train_acc": 0.9979819373401535,
    "test_loss": 1.6940730810165405,
    "test_acc": 0.8101
  },
  {
    "epoch": 339,
    "k": 52,
    "seed": 94,
    "train_loss": 0.0038916640090023032,
    "train_acc": 0.9987412084398977,
    "test_loss": 1.5916457176208496,
    "test_acc": 0.822
  },
  {
    "epoch": 340,
    "k": 52,
    "seed": 94,
    "train_loss": 0.0017623074985577425,
    "train_acc": 0.9994205562659847,
    "test_loss": 1.5807137489318848,
    "test_acc": 0.8197
  },
  {
    "epoch": 341,
    "k": 52,
    "seed": 94,
    "train_loss": 0.0021437093110277376,
    "train_acc": 0.9994605179028133,
    "test_loss": 1.6647686958312988,
    "test_acc": 0.8166
  },
  {
    "epoch": 342,
    "k": 52,
    "seed": 94,
    "train_loss": 0.002948052105870714,
    "train_acc": 0.9989609974424553,
    "test_loss": 1.7716628313064575,
    "test_acc": 0.8142
  },
  {
    "epoch": 343,
    "k": 52,
    "seed": 94,
    "train_loss": 0.004539822516416747,
    "train_acc": 0.9986213235294118,
    "test_loss": 1.6497955322265625,
    "test_acc": 0.8146
  },
  {
    "epoch": 344,
    "k": 52,
    "seed": 94,
    "train_loss": 0.001706393771887447,
    "train_acc": 0.9994804987212276,
    "test_loss": 1.6383674144744873,
    "test_acc": 0.8159
  },
  {
    "epoch": 345,
    "k": 52,
    "seed": 94,
    "train_loss": 0.0011222989348489147,
    "train_acc": 0.9996803069053708,
    "test_loss": 1.6942068338394165,
    "test_acc": 0.8076
  },
  {
    "epoch": 346,
    "k": 52,
    "seed": 94,
    "train_loss": 0.004630882499618577,
    "train_acc": 0.9985214194373402,
    "test_loss": 1.6391115188598633,
    "test_acc": 0.8181
  },
  {
    "epoch": 347,
    "k": 52,
    "seed": 94,
    "train_loss": 0.003657071898084928,
    "train_acc": 0.998821131713555,
    "test_loss": 1.7317099571228027,
    "test_acc": 0.8126
  },
  {
    "epoch": 348,
    "k": 52,
    "seed": 94,
    "train_loss": 0.0024464259925334477,
    "train_acc": 0.9992007672634271,
    "test_loss": 1.8187953233718872,
    "test_acc": 0.8078
  },
  {
    "epoch": 349,
    "k": 52,
    "seed": 94,
    "train_loss": 0.004274128937095854,
    "train_acc": 0.9986612851662404,
    "test_loss": 1.579045057296753,
    "test_acc": 0.8201
  },
  {
    "epoch": 350,
    "k": 52,
    "seed": 94,
    "train_loss": 0.0026891127633099734,
    "train_acc": 0.9992207480818415,
    "test_loss": 1.619801640510559,
    "test_acc": 0.8178
  },
  {
    "epoch": 351,
    "k": 52,
    "seed": 94,
    "train_loss": 0.0022388362541712,
    "train_acc": 0.9992806905370843,
    "test_loss": 1.6505790948867798,
    "test_acc": 0.8218
  },
  {
    "epoch": 352,
    "k": 52,
    "seed": 94,
    "train_loss": 0.002943889192536376,
    "train_acc": 0.9991208439897699,
    "test_loss": 1.7092952728271484,
    "test_acc": 0.8194
  },
  {
    "epoch": 353,
    "k": 52,
    "seed": 94,
    "train_loss": 0.0017692226132838436,
    "train_acc": 0.9993606138107417,
    "test_loss": 1.7609152793884277,
    "test_acc": 0.8151
  },
  {
    "epoch": 354,
    "k": 52,
    "seed": 94,
    "train_loss": 0.005002669232942103,
    "train_acc": 0.9984215153452686,
    "test_loss": 1.6704368591308594,
    "test_acc": 0.8222
  },
  {
    "epoch": 355,
    "k": 52,
    "seed": 94,
    "train_loss": 0.003143791703267156,
    "train_acc": 0.9989809782608695,
    "test_loss": 1.7340614795684814,
    "test_acc": 0.819
  },
  {
    "epoch": 356,
    "k": 52,
    "seed": 94,
    "train_loss": 0.0016934058874077172,
    "train_acc": 0.9994005754475703,
    "test_loss": 1.7134051322937012,
    "test_acc": 0.819
  },
  {
    "epoch": 357,
    "k": 52,
    "seed": 94,
    "train_loss": 0.002304035845802626,
    "train_acc": 0.9991807864450127,
    "test_loss": 1.7476794719696045,
    "test_acc": 0.8109
  },
  {
    "epoch": 358,
    "k": 52,
    "seed": 94,
    "train_loss": 0.0032995122851839846,
    "train_acc": 0.9989609974424553,
    "test_loss": 1.8433812856674194,
    "test_acc": 0.8153
  },
  {
    "epoch": 359,
    "k": 52,
    "seed": 94,
    "train_loss": 0.0034846355334588446,
    "train_acc": 0.9988610933503836,
    "test_loss": 1.7261316776275635,
    "test_acc": 0.8148
  },
  {
    "epoch": 360,
    "k": 52,
    "seed": 94,
    "train_loss": 0.0026126818025892493,
    "train_acc": 0.9990209398976982,
    "test_loss": 1.769399642944336,
    "test_acc": 0.8145
  },
  {
    "epoch": 361,
    "k": 52,
    "seed": 94,
    "train_loss": 0.003488121930309738,
    "train_acc": 0.9988810741687979,
    "test_loss": 1.8111752271652222,
    "test_acc": 0.8091
  },
  {
    "epoch": 362,
    "k": 52,
    "seed": 94,
    "train_loss": 0.00516843622676381,
    "train_acc": 0.9985294117647059,
    "test_loss": 1.7510919570922852,
    "test_acc": 0.8101
  },
  {
    "epoch": 363,
    "k": 52,
    "seed": 94,
    "train_loss": 0.0026390821020060152,
    "train_acc": 0.9992007672634271,
    "test_loss": 1.6632957458496094,
    "test_acc": 0.8188
  },
  {
    "epoch": 364,
    "k": 52,
    "seed": 94,
    "train_loss": 0.004952331174652242,
    "train_acc": 0.9986213235294118,
    "test_loss": 1.7506113052368164,
    "test_acc": 0.8154
  },
  {
    "epoch": 365,
    "k": 52,
    "seed": 94,
    "train_loss": 0.002348468747038129,
    "train_acc": 0.9992207480818415,
    "test_loss": 1.7101634740829468,
    "test_acc": 0.8162
  },
  {
    "epoch": 366,
    "k": 52,
    "seed": 94,
    "train_loss": 0.0009999238111587248,
    "train_acc": 0.9996603260869565,
    "test_loss": 1.681750774383545,
    "test_acc": 0.8197
  },
  {
    "epoch": 367,
    "k": 52,
    "seed": 94,
    "train_loss": 0.0007862595761046012,
    "train_acc": 0.9997202685421995,
    "test_loss": 1.7334357500076294,
    "test_acc": 0.8221
  },
  {
    "epoch": 368,
    "k": 52,
    "seed": 94,
    "train_loss": 0.005422978970867419,
    "train_acc": 0.9980818414322251,
    "test_loss": 1.866162657737732,
    "test_acc": 0.8026
  },
  {
    "epoch": 369,
    "k": 52,
    "seed": 94,
    "train_loss": 0.004934412308048102,
    "train_acc": 0.99838155370844,
    "test_loss": 1.645749568939209,
    "test_acc": 0.8142
  },
  {
    "epoch": 370,
    "k": 52,
    "seed": 94,
    "train_loss": 0.0016072101087360343,
    "train_acc": 0.9994804987212276,
    "test_loss": 1.687219500541687,
    "test_acc": 0.8182
  },
  {
    "epoch": 371,
    "k": 52,
    "seed": 94,
    "train_loss": 0.0016439584099226718,
    "train_acc": 0.9994804987212276,
    "test_loss": 1.7534971237182617,
    "test_acc": 0.8166
  },
  {
    "epoch": 372,
    "k": 52,
    "seed": 94,
    "train_loss": 0.0030428471864945347,
    "train_acc": 0.9990009590792839,
    "test_loss": 1.6999248266220093,
    "test_acc": 0.8204
  },
  {
    "epoch": 373,
    "k": 52,
    "seed": 94,
    "train_loss": 0.003433721070872302,
    "train_acc": 0.9989410166240409,
    "test_loss": 1.6389355659484863,
    "test_acc": 0.8157
  },
  {
    "epoch": 374,
    "k": 52,
    "seed": 94,
    "train_loss": 0.0014476655863872752,
    "train_acc": 0.9996003836317136,
    "test_loss": 1.6915634870529175,
    "test_acc": 0.8243
  },
  {
    "epoch": 375,
    "k": 52,
    "seed": 94,
    "train_loss": 0.0004639308343860324,
    "train_acc": 0.9999200767263428,
    "test_loss": 1.67434823513031,
    "test_acc": 0.822
  },
  {
    "epoch": 376,
    "k": 52,
    "seed": 94,
    "train_loss": 0.0005789090337282973,
    "train_acc": 0.9998201726342711,
    "test_loss": 1.670512080192566,
    "test_acc": 0.8212
  },
  {
    "epoch": 377,
    "k": 52,
    "seed": 94,
    "train_loss": 0.00705325724396671,
    "train_acc": 0.9980698529411764,
    "test_loss": 1.7505007982254028,
    "test_acc": 0.8097
  },
  {
    "epoch": 378,
    "k": 52,
    "seed": 94,
    "train_loss": 0.00562997663842771,
    "train_acc": 0.9985214194373402,
    "test_loss": 1.6037791967391968,
    "test_acc": 0.8287
  },
  {
    "epoch": 379,
    "k": 52,
    "seed": 94,
    "train_loss": 0.0005223672956766825,
    "train_acc": 0.9998401534526854,
    "test_loss": 1.5953283309936523,
    "test_acc": 0.8262
  },
  {
    "epoch": 380,
    "k": 52,
    "seed": 94,
    "train_loss": 0.0003860024505572908,
    "train_acc": 0.9998401534526854,
    "test_loss": 1.637827754020691,
    "test_acc": 0.8237
  },
  {
    "epoch": 381,
    "k": 52,
    "seed": 94,
    "train_loss": 0.0005182943339340818,
    "train_acc": 0.9997602301790282,
    "test_loss": 1.7392853498458862,
    "test_acc": 0.8178
  },
  {
    "epoch": 382,
    "k": 52,
    "seed": 94,
    "train_loss": 0.01082036360640224,
    "train_acc": 0.9968230498721228,
    "test_loss": 1.6234241724014282,
    "test_acc": 0.8171
  },
  {
    "epoch": 383,
    "k": 52,
    "seed": 94,
    "train_loss": 0.0045104335790468264,
    "train_acc": 0.9985414002557544,
    "test_loss": 1.5552603006362915,
    "test_acc": 0.8234
  },
  {
    "epoch": 384,
    "k": 52,
    "seed": 94,
    "train_loss": 0.0008302417836431579,
    "train_acc": 0.9997602301790282,
    "test_loss": 1.563096046447754,
    "test_acc": 0.8227
  },
  {
    "epoch": 385,
    "k": 52,
    "seed": 94,
    "train_loss": 0.0012456174679592814,
    "train_acc": 0.9996403452685422,
    "test_loss": 1.6411751508712769,
    "test_acc": 0.8244
  },
  {
    "epoch": 386,
    "k": 52,
    "seed": 94,
    "train_loss": 0.003165147239374071,
    "train_acc": 0.9991608056265985,
    "test_loss": 1.9339516162872314,
    "test_acc": 0.8088
  },
  {
    "epoch": 387,
    "k": 52,
    "seed": 94,
    "train_loss": 0.004752823393123104,
    "train_acc": 0.998321611253197,
    "test_loss": 1.6813441514968872,
    "test_acc": 0.8192
  },
  {
    "epoch": 388,
    "k": 52,
    "seed": 94,
    "train_loss": 0.0015747918514338569,
    "train_acc": 0.999440537084399,
    "test_loss": 1.651563048362732,
    "test_acc": 0.8256
  },
  {
    "epoch": 389,
    "k": 52,
    "seed": 94,
    "train_loss": 0.0005000673588091971,
    "train_acc": 0.9998001918158568,
    "test_loss": 1.6327849626541138,
    "test_acc": 0.8264
  },
  {
    "epoch": 390,
    "k": 52,
    "seed": 94,
    "train_loss": 0.0006166508450283699,
    "train_acc": 0.9998601342710998,
    "test_loss": 1.6688764095306396,
    "test_acc": 0.8219
  },
  {
    "epoch": 391,
    "k": 52,
    "seed": 94,
    "train_loss": 0.006206748806195889,
    "train_acc": 0.9981297953964194,
    "test_loss": 1.680602788925171,
    "test_acc": 0.8192
  },
  {
    "epoch": 392,
    "k": 52,
    "seed": 94,
    "train_loss": 0.0051805753990441855,
    "train_acc": 0.9982776534526855,
    "test_loss": 1.639546513557434,
    "test_acc": 0.8197
  },
  {
    "epoch": 393,
    "k": 52,
    "seed": 94,
    "train_loss": 0.0025083518952984584,
    "train_acc": 0.9992007672634271,
    "test_loss": 1.6117465496063232,
    "test_acc": 0.8205
  },
  {
    "epoch": 394,
    "k": 52,
    "seed": 94,
    "train_loss": 0.0006600100943116019,
    "train_acc": 0.9998401534526854,
    "test_loss": 1.5861526727676392,
    "test_acc": 0.8253
  },
  {
    "epoch": 395,
    "k": 52,
    "seed": 94,
    "train_loss": 0.0003920398080109946,
    "train_acc": 0.9999000959079284,
    "test_loss": 1.6057380437850952,
    "test_acc": 0.8256
  },
  {
    "epoch": 396,
    "k": 52,
    "seed": 94,
    "train_loss": 0.0006281752839504901,
    "train_acc": 0.9998601342710998,
    "test_loss": 1.6411025524139404,
    "test_acc": 0.8233
  },
  {
    "epoch": 397,
    "k": 52,
    "seed": 94,
    "train_loss": 0.007469337108750318,
    "train_acc": 0.9977621483375959,
    "test_loss": 1.7009304761886597,
    "test_acc": 0.8119
  },
  {
    "epoch": 398,
    "k": 52,
    "seed": 94,
    "train_loss": 0.005497008366506527,
    "train_acc": 0.9980019181585678,
    "test_loss": 1.625254511833191,
    "test_acc": 0.8173
  },
  {
    "epoch": 399,
    "k": 52,
    "seed": 94,
    "train_loss": 0.00344798293066708,
    "train_acc": 0.9988610933503836,
    "test_loss": 1.6209877729415894,
    "test_acc": 0.8204
  },
  {
    "epoch": 400,
    "k": 52,
    "seed": 94,
    "train_loss": 0.0010077982729047555,
    "train_acc": 0.9997002877237852,
    "test_loss": 1.622129201889038,
    "test_acc": 0.8196
  },
  {
    "epoch": 401,
    "k": 52,
    "seed": 94,
    "train_loss": 0.0017011479170583718,
    "train_acc": 0.9995004795396419,
    "test_loss": 1.6506396532058716,
    "test_acc": 0.823
  },
  {
    "epoch": 402,
    "k": 52,
    "seed": 94,
    "train_loss": 0.002831213426006484,
    "train_acc": 0.9990489130434783,
    "test_loss": 1.6834417581558228,
    "test_acc": 0.8181
  },
  {
    "epoch": 403,
    "k": 52,
    "seed": 94,
    "train_loss": 0.0038436603871797623,
    "train_acc": 0.9989210358056266,
    "test_loss": 1.6971502304077148,
    "test_acc": 0.8118
  },
  {
    "epoch": 404,
    "k": 52,
    "seed": 94,
    "train_loss": 0.0014116123228096627,
    "train_acc": 0.9996203644501279,
    "test_loss": 1.586936354637146,
    "test_acc": 0.8233
  },
  {
    "epoch": 405,
    "k": 52,
    "seed": 94,
    "train_loss": 0.0020452262828922776,
    "train_acc": 0.9994804987212276,
    "test_loss": 1.6437948942184448,
    "test_acc": 0.8149
  },
  {
    "epoch": 406,
    "k": 52,
    "seed": 94,
    "train_loss": 0.002918753371415821,
    "train_acc": 0.9991288363171356,
    "test_loss": 1.6622577905654907,
    "test_acc": 0.8198
  },
  {
    "epoch": 407,
    "k": 52,
    "seed": 94,
    "train_loss": 0.0021723410780336767,
    "train_acc": 0.9992207480818415,
    "test_loss": 1.667454719543457,
    "test_acc": 0.8247
  },
  {
    "epoch": 408,
    "k": 52,
    "seed": 94,
    "train_loss": 0.0017732072534501274,
    "train_acc": 0.9994804987212276,
    "test_loss": 1.7201322317123413,
    "test_acc": 0.8189
  },
  {
    "epoch": 409,
    "k": 52,
    "seed": 94,
    "train_loss": 0.0025258509060124726,
    "train_acc": 0.9992007672634271,
    "test_loss": 1.6667437553405762,
    "test_acc": 0.821
  },
  {
    "epoch": 410,
    "k": 52,
    "seed": 94,
    "train_loss": 0.003753707407230815,
    "train_acc": 0.9988011508951407,
    "test_loss": 1.7467857599258423,
    "test_acc": 0.8205
  },
  {
    "epoch": 411,
    "k": 52,
    "seed": 94,
    "train_loss": 0.0026307133804109404,
    "train_acc": 0.9990409207161125,
    "test_loss": 1.6779977083206177,
    "test_acc": 0.8242
  },
  {
    "epoch": 412,
    "k": 52,
    "seed": 94,
    "train_loss": 0.0009832031098849687,
    "train_acc": 0.9997002877237852,
    "test_loss": 1.8016568422317505,
    "test_acc": 0.8123
  },
  {
    "epoch": 413,
    "k": 52,
    "seed": 94,
    "train_loss": 0.0016264948487149263,
    "train_acc": 0.9995004795396419,
    "test_loss": 1.7094004154205322,
    "test_acc": 0.8191
  },
  {
    "epoch": 414,
    "k": 52,
    "seed": 94,
    "train_loss": 0.003871732103506273,
    "train_acc": 0.9987212276214834,
    "test_loss": 1.7216193675994873,
    "test_acc": 0.8192
  },
  {
    "epoch": 415,
    "k": 52,
    "seed": 94,
    "train_loss": 0.003356370142110358,
    "train_acc": 0.9989010549872123,
    "test_loss": 1.703473687171936,
    "test_acc": 0.8212
  },
  {
    "epoch": 416,
    "k": 52,
    "seed": 94,
    "train_loss": 0.0017521393566158805,
    "train_acc": 0.999380594629156,
    "test_loss": 1.7393676042556763,
    "test_acc": 0.8243
  },
  {
    "epoch": 417,
    "k": 52,
    "seed": 94,
    "train_loss": 0.0007882515131171086,
    "train_acc": 0.9997602301790282,
    "test_loss": 1.702654480934143,
    "test_acc": 0.8236
  },
  {
    "epoch": 418,
    "k": 52,
    "seed": 94,
    "train_loss": 0.002012949914626686,
    "train_acc": 0.9993606138107417,
    "test_loss": 1.7824562788009644,
    "test_acc": 0.8207
  },
  {
    "epoch": 419,
    "k": 52,
    "seed": 94,
    "train_loss": 0.005430552665583912,
    "train_acc": 0.9980818414322251,
    "test_loss": 1.7089834213256836,
    "test_acc": 0.8198
  },
  {
    "epoch": 420,
    "k": 52,
    "seed": 94,
    "train_loss": 0.0018766132023905523,
    "train_acc": 0.9993606138107417,
    "test_loss": 1.7020920515060425,
    "test_acc": 0.8218
  },
  {
    "epoch": 421,
    "k": 52,
    "seed": 94,
    "train_loss": 0.002751729005350974,
    "train_acc": 0.9990209398976982,
    "test_loss": 1.738700032234192,
    "test_acc": 0.8184
  },
  {
    "epoch": 422,
    "k": 52,
    "seed": 94,
    "train_loss": 0.0020816521247750573,
    "train_acc": 0.9994804987212276,
    "test_loss": 1.8533586263656616,
    "test_acc": 0.8143
  },
  {
    "epoch": 423,
    "k": 52,
    "seed": 94,
    "train_loss": 0.002717914512189059,
    "train_acc": 0.9992806905370843,
    "test_loss": 1.8014411926269531,
    "test_acc": 0.8149
  },
  {
    "epoch": 424,
    "k": 52,
    "seed": 94,
    "train_loss": 0.0031511044036256885,
    "train_acc": 0.9990409207161125,
    "test_loss": 1.7045344114303589,
    "test_acc": 0.8216
  },
  {
    "epoch": 425,
    "k": 52,
    "seed": 94,
    "train_loss": 0.0013777936346613692,
    "train_acc": 0.9995004795396419,
    "test_loss": 1.7617878913879395,
    "test_acc": 0.8242
  },
  {
    "epoch": 426,
    "k": 52,
    "seed": 94,
    "train_loss": 0.0007899755426692077,
    "train_acc": 0.9998201726342711,
    "test_loss": 1.6731607913970947,
    "test_acc": 0.8256
  },
  {
    "epoch": 427,
    "k": 52,
    "seed": 94,
    "train_loss": 0.002794209385484437,
    "train_acc": 0.9991687979539642,
    "test_loss": 1.8751085996627808,
    "test_acc": 0.8129
  },
  {
    "epoch": 428,
    "k": 52,
    "seed": 94,
    "train_loss": 0.005859818116250852,
    "train_acc": 0.9980418797953964,
    "test_loss": 1.779333233833313,
    "test_acc": 0.8214
  },
  {
    "epoch": 429,
    "k": 52,
    "seed": 94,
    "train_loss": 0.0018484798043693184,
    "train_acc": 0.9993406329923273,
    "test_loss": 1.683834195137024,
    "test_acc": 0.8256
  },
  {
    "epoch": 430,
    "k": 52,
    "seed": 94,
    "train_loss": 0.0016328352759756573,
    "train_acc": 0.9994804987212276,
    "test_loss": 1.7952250242233276,
    "test_acc": 0.8206
  }
]