[
  {
    "epoch": 1,
    "k": 54,
    "seed": 96,
    "train_loss": 1.3306523537087014,
    "train_acc": 0.5104060102301791,
    "test_loss": 1.065717101097107,
    "test_acc": 0.6162
  },
  {
    "epoch": 2,
    "k": 54,
    "seed": 96,
    "train_loss": 0.8515237998169707,
    "train_acc": 0.6990848785166242,
    "test_loss": 0.9124922156333923,
    "test_acc": 0.6864
  },
  {
    "epoch": 3,
    "k": 54,
    "seed": 96,
    "train_loss": 0.6080366019397745,
    "train_acc": 0.7861732736572891,
    "test_loss": 0.8151748180389404,
    "test_acc": 0.7205
  },
  {
    "epoch": 4,
    "k": 54,
    "seed": 96,
    "train_loss": 0.4100639092952699,
    "train_acc": 0.8565017583120204,
    "test_loss": 1.0422208309173584,
    "test_acc": 0.6952
  },
  {
    "epoch": 5,
    "k": 54,
    "seed": 96,
    "train_loss": 0.24964939522773713,
    "train_acc": 0.9124040920716112,
    "test_loss": 0.8735833168029785,
    "test_acc": 0.7407
  },
  {
    "epoch": 6,
    "k": 54,
    "seed": 96,
    "train_loss": 0.15872265954913994,
    "train_acc": 0.9445252557544757,
    "test_loss": 1.2697569131851196,
    "test_acc": 0.6932
  },
  {
    "epoch": 7,
    "k": 54,
    "seed": 96,
    "train_loss": 0.1167050894264065,
    "train_acc": 0.9591711956521739,
    "test_loss": 1.2387046813964844,
    "test_acc": 0.7174
  },
  {
    "epoch": 8,
    "k": 54,
    "seed": 96,
    "train_loss": 0.09413775496299157,
    "train_acc": 0.9662244245524296,
    "test_loss": 1.124782681465149,
    "test_acc": 0.7596
  },
  {
    "epoch": 9,
    "k": 54,
    "seed": 96,
    "train_loss": 0.07808183039755315,
    "train_acc": 0.9728860294117647,
    "test_loss": 1.1908973455429077,
    "test_acc": 0.7435
  },
  {
    "epoch": 10,
    "k": 54,
    "seed": 96,
    "train_loss": 0.07845602345550456,
    "train_acc": 0.9724824168797954,
    "test_loss": 1.3143715858459473,
    "test_acc": 0.7363
  },
  {
    "epoch": 11,
    "k": 54,
    "seed": 96,
    "train_loss": 0.0599949525435791,
    "train_acc": 0.9795356457800513,
    "test_loss": 1.6187835931777954,
    "test_acc": 0.7144
  },
  {
    "epoch": 12,
    "k": 54,
    "seed": 96,
    "train_loss": 0.06688825374759753,
    "train_acc": 0.9762388107416881,
    "test_loss": 1.5314537286758423,
    "test_acc": 0.7259
  },
  {
    "epoch": 13,
    "k": 54,
    "seed": 96,
    "train_loss": 0.06035449787440812,
    "train_acc": 0.9787803708439897,
    "test_loss": 1.2841053009033203,
    "test_acc": 0.7556
  },
  {
    "epoch": 14,
    "k": 54,
    "seed": 96,
    "train_loss": 0.05449475713736375,
    "train_acc": 0.980838395140665,
    "test_loss": 1.6025340557098389,
    "test_acc": 0.733
  },
  {
    "epoch": 15,
    "k": 54,
    "seed": 96,
    "train_loss": 0.05496500766552661,
    "train_acc": 0.9807864450127878,
    "test_loss": 1.3893067836761475,
    "test_acc": 0.7543
  },
  {
    "epoch": 16,
    "k": 54,
    "seed": 96,
    "train_loss": 0.04717196039605381,
    "train_acc": 0.9842710997442455,
    "test_loss": 1.53401780128479,
    "test_acc": 0.7319
  },
  {
    "epoch": 17,
    "k": 54,
    "seed": 96,
    "train_loss": 0.04993233816755359,
    "train_acc": 0.9829523657289003,
    "test_loss": 1.4000518321990967,
    "test_acc": 0.7572
  },
  {
    "epoch": 18,
    "k": 54,
    "seed": 96,
    "train_loss": 0.040242177218108265,
    "train_acc": 0.9864010549872123,
    "test_loss": 1.4047192335128784,
    "test_acc": 0.7558
  },
  {
    "epoch": 19,
    "k": 54,
    "seed": 96,
    "train_loss": 0.0441240707556467,
    "train_acc": 0.9841711956521739,
    "test_loss": 1.3985278606414795,
    "test_acc": 0.7521
  },
  {
    "epoch": 20,
    "k": 54,
    "seed": 96,
    "train_loss": 0.04616995064703667,
    "train_acc": 0.9840712915601023,
    "test_loss": 1.4648438692092896,
    "test_acc": 0.7493
  },
  {
    "epoch": 21,
    "k": 54,
    "seed": 96,
    "train_loss": 0.03839447454411222,
    "train_acc": 0.9866208439897699,
    "test_loss": 1.5761919021606445,
    "test_acc": 0.7408
  },
  {
    "epoch": 22,
    "k": 54,
    "seed": 96,
    "train_loss": 0.039722276294765914,
    "train_acc": 0.9865409207161125,
    "test_loss": 1.5513572692871094,
    "test_acc": 0.7542
  },
  {
    "epoch": 23,
    "k": 54,
    "seed": 96,
    "train_loss": 0.037745343798728626,
    "train_acc": 0.987148337595908,
    "test_loss": 1.241514801979065,
    "test_acc": 0.7708
  },
  {
    "epoch": 24,
    "k": 54,
    "seed": 96,
    "train_loss": 0.04336789494339863,
    "train_acc": 0.9855099104859336,
    "test_loss": 1.2962168455123901,
    "test_acc": 0.7671
  },
  {
    "epoch": 25,
    "k": 54,
    "seed": 96,
    "train_loss": 0.027569308407012792,
    "train_acc": 0.9905450767263427,
    "test_loss": 1.3848766088485718,
    "test_acc": 0.7701
  },
  {
    "epoch": 26,
    "k": 54,
    "seed": 96,
    "train_loss": 0.034759787952496436,
    "train_acc": 0.9884271099744246,
    "test_loss": 1.4723999500274658,
    "test_acc": 0.7552
  },
  {
    "epoch": 27,
    "k": 54,
    "seed": 96,
    "train_loss": 0.04568886396456081,
    "train_acc": 0.9844908887468031,
    "test_loss": 1.3769868612289429,
    "test_acc": 0.7702
  },
  {
    "epoch": 28,
    "k": 54,
    "seed": 96,
    "train_loss": 0.02558288243955032,
    "train_acc": 0.9915081521739131,
    "test_loss": 1.419552206993103,
    "test_acc": 0.7675
  },
  {
    "epoch": 29,
    "k": 54,
    "seed": 96,
    "train_loss": 0.03475107049511131,
    "train_acc": 0.9880914322250639,
    "test_loss": 1.4248822927474976,
    "test_acc": 0.7653
  },
  {
    "epoch": 30,
    "k": 54,
    "seed": 96,
    "train_loss": 0.0379038772202166,
    "train_acc": 0.9868126598465473,
    "test_loss": 1.3083438873291016,
    "test_acc": 0.7735
  },
  {
    "epoch": 31,
    "k": 54,
    "seed": 96,
    "train_loss": 0.02614446048749268,
    "train_acc": 0.9912284207161125,
    "test_loss": 1.4377905130386353,
    "test_acc": 0.7746
  },
  {
    "epoch": 32,
    "k": 54,
    "seed": 96,
    "train_loss": 0.026104530823789777,
    "train_acc": 0.9915760869565218,
    "test_loss": 2.041302442550659,
    "test_acc": 0.7283
  },
  {
    "epoch": 33,
    "k": 54,
    "seed": 96,
    "train_loss": 0.036724806038241194,
    "train_acc": 0.9871403452685422,
    "test_loss": 1.4453587532043457,
    "test_acc": 0.7622
  },
  {
    "epoch": 34,
    "k": 54,
    "seed": 96,
    "train_loss": 0.028007385136810895,
    "train_acc": 0.9908447890025576,
    "test_loss": 1.318824291229248,
    "test_acc": 0.7824
  },
  {
    "epoch": 35,
    "k": 54,
    "seed": 96,
    "train_loss": 0.024901598677053438,
    "train_acc": 0.9913562979539642,
    "test_loss": 1.3413342237472534,
    "test_acc": 0.775
  },
  {
    "epoch": 36,
    "k": 54,
    "seed": 96,
    "train_loss": 0.027452859843922112,
    "train_acc": 0.9902453644501279,
    "test_loss": 1.4603198766708374,
    "test_acc": 0.7663
  },
  {
    "epoch": 37,
    "k": 54,
    "seed": 96,
    "train_loss": 0.03114520034605704,
    "train_acc": 0.9900775255754476,
    "test_loss": 1.6715259552001953,
    "test_acc": 0.7407
  },
  {
    "epoch": 38,
    "k": 54,
    "seed": 96,
    "train_loss": 0.0232638255685575,
    "train_acc": 0.9922274616368286,
    "test_loss": 1.3991050720214844,
    "test_acc": 0.7712
  },
  {
    "epoch": 39,
    "k": 54,
    "seed": 96,
    "train_loss": 0.022050158668379716,
    "train_acc": 0.9925151854219949,
    "test_loss": 1.771726131439209,
    "test_acc": 0.7506
  },
  {
    "epoch": 40,
    "k": 54,
    "seed": 96,
    "train_loss": 0.02981671194151125,
    "train_acc": 0.9903852301790282,
    "test_loss": 1.300961971282959,
    "test_acc": 0.7812
  },
  {
    "epoch": 41,
    "k": 54,
    "seed": 96,
    "train_loss": 0.02165755906814883,
    "train_acc": 0.9927669437340153,
    "test_loss": 1.4613996744155884,
    "test_acc": 0.7727
  },
  {
    "epoch": 42,
    "k": 54,
    "seed": 96,
    "train_loss": 0.01622232754619213,
    "train_acc": 0.9941855818414322,
    "test_loss": 1.64022696018219,
    "test_acc": 0.7581
  },
  {
    "epoch": 43,
    "k": 54,
    "seed": 96,
    "train_loss": 0.03783009855595924,
    "train_acc": 0.9872722186700768,
    "test_loss": 1.3245494365692139,
    "test_acc": 0.7777
  },
  {
    "epoch": 44,
    "k": 54,
    "seed": 96,
    "train_loss": 0.017189020038787226,
    "train_acc": 0.993985773657289,
    "test_loss": 1.4633893966674805,
    "test_acc": 0.7701
  },
  {
    "epoch": 45,
    "k": 54,
    "seed": 96,
    "train_loss": 0.018128850276012073,
    "train_acc": 0.9942255434782609,
    "test_loss": 1.7978895902633667,
    "test_acc": 0.7401
  },
  {
    "epoch": 46,
    "k": 54,
    "seed": 96,
    "train_loss": 0.02694985411664926,
    "train_acc": 0.9906849424552431,
    "test_loss": 1.3651050329208374,
    "test_acc": 0.7792
  },
  {
    "epoch": 47,
    "k": 54,
    "seed": 96,
    "train_loss": 0.027216414024945006,
    "train_acc": 0.9909167199488491,
    "test_loss": 1.4369245767593384,
    "test_acc": 0.7724
  },
  {
    "epoch": 48,
    "k": 54,
    "seed": 96,
    "train_loss": 0.018734228633687466,
    "train_acc": 0.9939657928388747,
    "test_loss": 1.412621021270752,
    "test_acc": 0.7822
  },
  {
    "epoch": 49,
    "k": 54,
    "seed": 96,
    "train_loss": 0.016116160078092103,
    "train_acc": 0.9941136508951407,
    "test_loss": 1.4549874067306519,
    "test_acc": 0.7803
  },
  {
    "epoch": 50,
    "k": 54,
    "seed": 96,
    "train_loss": 0.025429531510615937,
    "train_acc": 0.99139226342711,
    "test_loss": 1.4329501390457153,
    "test_acc": 0.7727
  },
  {
    "epoch": 51,
    "k": 54,
    "seed": 96,
    "train_loss": 0.019537208962392378,
    "train_acc": 0.9935262148337596,
    "test_loss": 1.3546737432479858,
    "test_acc": 0.7907
  },
  {
    "epoch": 52,
    "k": 54,
    "seed": 96,
    "train_loss": 0.012447880214878746,
    "train_acc": 0.9959239130434783,
    "test_loss": 1.5782076120376587,
    "test_acc": 0.7797
  },
  {
    "epoch": 53,
    "k": 54,
    "seed": 96,
    "train_loss": 0.020114868602199156,
    "train_acc": 0.9930826406649617,
    "test_loss": 1.6046866178512573,
    "test_acc": 0.7757
  },
  {
    "epoch": 54,
    "k": 54,
    "seed": 96,
    "train_loss": 0.029741493382957427,
    "train_acc": 0.9899576406649616,
    "test_loss": 1.5663554668426514,
    "test_acc": 0.7691
  },
  {
    "epoch": 55,
    "k": 54,
    "seed": 96,
    "train_loss": 0.020901381355666264,
    "train_acc": 0.9928268861892583,
    "test_loss": 1.3369029760360718,
    "test_acc": 0.7936
  },
  {
    "epoch": 56,
    "k": 54,
    "seed": 96,
    "train_loss": 0.010172950132945589,
    "train_acc": 0.996671195652174,
    "test_loss": 1.3283149003982544,
    "test_acc": 0.7992
  },
  {
    "epoch": 57,
    "k": 54,
    "seed": 96,
    "train_loss": 0.02260698537018312,
    "train_acc": 0.9925471547314578,
    "test_loss": 1.3575190305709839,
    "test_acc": 0.7894
  },
  {
    "epoch": 58,
    "k": 54,
    "seed": 96,
    "train_loss": 0.012770169033587653,
    "train_acc": 0.9958040281329923,
    "test_loss": 1.4327157735824585,
    "test_acc": 0.7907
  },
  {
    "epoch": 59,
    "k": 54,
    "seed": 96,
    "train_loss": 0.02093417569075662,
    "train_acc": 0.9923873081841432,
    "test_loss": 1.5379356145858765,
    "test_acc": 0.777
  },
  {
    "epoch": 60,
    "k": 54,
    "seed": 96,
    "train_loss": 0.022814545290121245,
    "train_acc": 0.9923873081841432,
    "test_loss": 1.5080921649932861,
    "test_acc": 0.7813
  },
  {
    "epoch": 61,
    "k": 54,
    "seed": 96,
    "train_loss": 0.014156943426424009,
    "train_acc": 0.9953844309462916,
    "test_loss": 1.3330724239349365,
    "test_acc": 0.797
  },
  {
    "epoch": 62,
    "k": 54,
    "seed": 96,
    "train_loss": 0.010139856819545611,
    "train_acc": 0.996551310741688,
    "test_loss": 1.4589990377426147,
    "test_acc": 0.7929
  },
  {
    "epoch": 63,
    "k": 54,
    "seed": 96,
    "train_loss": 0.021991586789813028,
    "train_acc": 0.9927669437340153,
    "test_loss": 1.5900629758834839,
    "test_acc": 0.7774
  },
  {
    "epoch": 64,
    "k": 54,
    "seed": 96,
    "train_loss": 0.01778992180494205,
    "train_acc": 0.9940017583120205,
    "test_loss": 1.4055852890014648,
    "test_acc": 0.7933
  },
  {
    "epoch": 65,
    "k": 54,
    "seed": 96,
    "train_loss": 0.01569495258813836,
    "train_acc": 0.9946651214833759,
    "test_loss": 1.429241418838501,
    "test_acc": 0.7849
  },
  {
    "epoch": 66,
    "k": 54,
    "seed": 96,
    "train_loss": 0.013165796459584747,
    "train_acc": 0.9954523657289003,
    "test_loss": 1.5030783414840698,
    "test_acc": 0.7916
  },
  {
    "epoch": 67,
    "k": 54,
    "seed": 96,
    "train_loss": 0.019780526811163514,
    "train_acc": 0.9931865409207161,
    "test_loss": 1.6152065992355347,
    "test_acc": 0.7729
  },
  {
    "epoch": 68,
    "k": 54,
    "seed": 96,
    "train_loss": 0.016798283661799945,
    "train_acc": 0.9942255434782609,
    "test_loss": 1.3993693590164185,
    "test_acc": 0.789
  },
  {
    "epoch": 69,
    "k": 54,
    "seed": 96,
    "train_loss": 0.01577772941652333,
    "train_acc": 0.9948209718670077,
    "test_loss": 1.4352235794067383,
    "test_acc": 0.7849
  },
  {
    "epoch": 70,
    "k": 54,
    "seed": 96,
    "train_loss": 0.015272392443066541,
    "train_acc": 0.9949128836317136,
    "test_loss": 1.4535105228424072,
    "test_acc": 0.7923
  },
  {
    "epoch": 71,
    "k": 54,
    "seed": 96,
    "train_loss": 0.008882344758287376,
    "train_acc": 0.9972626278772379,
    "test_loss": 1.6551271677017212,
    "test_acc": 0.7721
  },
  {
    "epoch": 72,
    "k": 54,
    "seed": 96,
    "train_loss": 0.01633392502059517,
    "train_acc": 0.9946811061381075,
    "test_loss": 1.6227099895477295,
    "test_acc": 0.7802
  },
  {
    "epoch": 73,
    "k": 54,
    "seed": 96,
    "train_loss": 0.011508900376841845,
    "train_acc": 0.9958719629156011,
    "test_loss": 1.5768479108810425,
    "test_acc": 0.786
  },
  {
    "epoch": 74,
    "k": 54,
    "seed": 96,
    "train_loss": 0.0233711724678981,
    "train_acc": 0.9922554347826087,
    "test_loss": 1.5356239080429077,
    "test_acc": 0.7876
  },
  {
    "epoch": 75,
    "k": 54,
    "seed": 96,
    "train_loss": 0.012940315555458378,
    "train_acc": 0.995784047314578,
    "test_loss": 1.4099115133285522,
    "test_acc": 0.7933
  },
  {
    "epoch": 76,
    "k": 54,
    "seed": 96,
    "train_loss": 0.009635738275475952,
    "train_acc": 0.9967231457800512,
    "test_loss": 1.439077377319336,
    "test_acc": 0.7901
  },
  {
    "epoch": 77,
    "k": 54,
    "seed": 96,
    "train_loss": 0.015583332127812878,
    "train_acc": 0.994693094629156,
    "test_loss": 1.6188499927520752,
    "test_acc": 0.7765
  },
  {
    "epoch": 78,
    "k": 54,
    "seed": 96,
    "train_loss": 0.01670591097862205,
    "train_acc": 0.9945052749360613,
    "test_loss": 1.3795198202133179,
    "test_acc": 0.795
  },
  {
    "epoch": 79,
    "k": 54,
    "seed": 96,
    "train_loss": 0.010092690524518909,
    "train_acc": 0.9966432225063938,
    "test_loss": 1.4104925394058228,
    "test_acc": 0.7928
  },
  {
    "epoch": 80,
    "k": 54,
    "seed": 96,
    "train_loss": 0.01485883516283757,
    "train_acc": 0.995224584398977,
    "test_loss": 1.6808527708053589,
    "test_acc": 0.7672
  },
  {
    "epoch": 81,
    "k": 54,
    "seed": 96,
    "train_loss": 0.01588032139445711,
    "train_acc": 0.9946731138107417,
    "test_loss": 1.4529520273208618,
    "test_acc": 0.7907
  },
  {
    "epoch": 82,
    "k": 54,
    "seed": 96,
    "train_loss": 0.014249251556747696,
    "train_acc": 0.9951446611253197,
    "test_loss": 1.5288105010986328,
    "test_acc": 0.7896
  },
  {
    "epoch": 83,
    "k": 54,
    "seed": 96,
    "train_loss": 0.014247004721181074,
    "train_acc": 0.9954523657289003,
    "test_loss": 1.494848370552063,
    "test_acc": 0.7804
  },
  {
    "epoch": 84,
    "k": 54,
    "seed": 96,
    "train_loss": 0.011210882418934563,
    "train_acc": 0.996551310741688,
    "test_loss": 1.393288493156433,
    "test_acc": 0.8007
  },
  {
    "epoch": 85,
    "k": 54,
    "seed": 96,
    "train_loss": 0.007738023455699255,
    "train_acc": 0.9973025895140665,
    "test_loss": 1.4274413585662842,
    "test_acc": 0.8004
  },
  {
    "epoch": 86,
    "k": 54,
    "seed": 96,
    "train_loss": 0.017074344745866776,
    "train_acc": 0.9942655051150895,
    "test_loss": 1.5981024503707886,
    "test_acc": 0.7743
  },
  {
    "epoch": 87,
    "k": 54,
    "seed": 96,
    "train_loss": 0.008940632588883906,
    "train_acc": 0.997082800511509,
    "test_loss": 1.4245861768722534,
    "test_acc": 0.8
  },
  {
    "epoch": 88,
    "k": 54,
    "seed": 96,
    "train_loss": 0.010879229533493065,
    "train_acc": 0.996343510230179,
    "test_loss": 1.732740879058838,
    "test_acc": 0.7763
  },
  {
    "epoch": 89,
    "k": 54,
    "seed": 96,
    "train_loss": 0.01994447278648155,
    "train_acc": 0.9933024296675192,
    "test_loss": 1.4992724657058716,
    "test_acc": 0.7894
  },
  {
    "epoch": 90,
    "k": 54,
    "seed": 96,
    "train_loss": 0.00825812548578898,
    "train_acc": 0.9973625319693095,
    "test_loss": 1.3472065925598145,
    "test_acc": 0.807
  },
  {
    "epoch": 91,
    "k": 54,
    "seed": 96,
    "train_loss": 0.007918353110304786,
    "train_acc": 0.9975423593350383,
    "test_loss": 1.4228054285049438,
    "test_acc": 0.7999
  },
  {
    "epoch": 92,
    "k": 54,
    "seed": 96,
    "train_loss": 0.018597182102238343,
    "train_acc": 0.9938738810741689,
    "test_loss": 1.6436008214950562,
    "test_acc": 0.782
  },
  {
    "epoch": 93,
    "k": 54,
    "seed": 96,
    "train_loss": 0.014854290800870579,
    "train_acc": 0.9948449488491049,
    "test_loss": 1.3686586618423462,
    "test_acc": 0.7997
  },
  {
    "epoch": 94,
    "k": 54,
    "seed": 96,
    "train_loss": 0.008108345957955924,
    "train_acc": 0.9972626278772379,
    "test_loss": 1.3583344221115112,
    "test_acc": 0.8017
  },
  {
    "epoch": 95,
    "k": 54,
    "seed": 96,
    "train_loss": 0.010691087229985043,
    "train_acc": 0.9963834718670077,
    "test_loss": 1.4201231002807617,
    "test_acc": 0.8039
  },
  {
    "epoch": 96,
    "k": 54,
    "seed": 96,
    "train_loss": 0.010511746932397006,
    "train_acc": 0.9963315217391304,
    "test_loss": 1.4316340684890747,
    "test_acc": 0.7991
  },
  {
    "epoch": 97,
    "k": 54,
    "seed": 96,
    "train_loss": 0.01154815058707801,
    "train_acc": 0.996403452685422,
    "test_loss": 1.5098505020141602,
    "test_acc": 0.7877
  },
  {
    "epoch": 98,
    "k": 54,
    "seed": 96,
    "train_loss": 0.008340974842287179,
    "train_acc": 0.9975023976982097,
    "test_loss": 1.4070732593536377,
    "test_acc": 0.8
  },
  {
    "epoch": 99,
    "k": 54,
    "seed": 96,
    "train_loss": 0.010854364479565934,
    "train_acc": 0.9963315217391304,
    "test_loss": 1.5602974891662598,
    "test_acc": 0.7878
  },
  {
    "epoch": 100,
    "k": 54,
    "seed": 96,
    "train_loss": 0.01660829442351691,
    "train_acc": 0.994309462915601,
    "test_loss": 1.4060914516448975,
    "test_acc": 0.7914
  },
  {
    "epoch": 101,
    "k": 54,
    "seed": 96,
    "train_loss": 0.010407981202833306,
    "train_acc": 0.9962835677749361,
    "test_loss": 1.3457677364349365,
    "test_acc": 0.8102
  },
  {
    "epoch": 102,
    "k": 54,
    "seed": 96,
    "train_loss": 0.004158257210920544,
    "train_acc": 0.9986612851662404,
    "test_loss": 1.420849323272705,
    "test_acc": 0.8047
  },
  {
    "epoch": 103,
    "k": 54,
    "seed": 96,
    "train_loss": 0.013813561606163587,
    "train_acc": 0.995344469309463,
    "test_loss": 1.3843505382537842,
    "test_acc": 0.8036
  },
  {
    "epoch": 104,
    "k": 54,
    "seed": 96,
    "train_loss": 0.014602676515768626,
    "train_acc": 0.9954044117647058,
    "test_loss": 1.483290672302246,
    "test_acc": 0.8002
  },
  {
    "epoch": 105,
    "k": 54,
    "seed": 96,
    "train_loss": 0.006067168307769403,
    "train_acc": 0.9979419757033248,
    "test_loss": 1.5382184982299805,
    "test_acc": 0.799
  },
  {
    "epoch": 106,
    "k": 54,
    "seed": 96,
    "train_loss": 0.007518456388117924,
    "train_acc": 0.9975303708439898,
    "test_loss": 1.6696077585220337,
    "test_acc": 0.7921
  },
  {
    "epoch": 107,
    "k": 54,
    "seed": 96,
    "train_loss": 0.013242567621112374,
    "train_acc": 0.9954643542199488,
    "test_loss": 1.4458858966827393,
    "test_acc": 0.7969
  },
  {
    "epoch": 108,
    "k": 54,
    "seed": 96,
    "train_loss": 0.012464398488161124,
    "train_acc": 0.9958639705882353,
    "test_loss": 1.3565162420272827,
    "test_acc": 0.802
  },
  {
    "epoch": 109,
    "k": 54,
    "seed": 96,
    "train_loss": 0.007244154762732476,
    "train_acc": 0.997498401534527,
    "test_loss": 1.392926812171936,
    "test_acc": 0.8033
  },
  {
    "epoch": 110,
    "k": 54,
    "seed": 96,
    "train_loss": 0.009286530353493265,
    "train_acc": 0.996671195652174,
    "test_loss": 1.416622519493103,
    "test_acc": 0.7989
  },
  {
    "epoch": 111,
    "k": 54,
    "seed": 96,
    "train_loss": 0.007003678960324539,
    "train_acc": 0.9975423593350383,
    "test_loss": 1.5283364057540894,
    "test_acc": 0.7942
  },
  {
    "epoch": 112,
    "k": 54,
    "seed": 96,
    "train_loss": 0.010116358823322518,
    "train_acc": 0.9966032608695652,
    "test_loss": 1.6156984567642212,
    "test_acc": 0.7882
  },
  {
    "epoch": 113,
    "k": 54,
    "seed": 96,
    "train_loss": 0.013565083941281893,
    "train_acc": 0.995344469309463,
    "test_loss": 1.5230988264083862,
    "test_acc": 0.8001
  },
  {
    "epoch": 114,
    "k": 54,
    "seed": 96,
    "train_loss": 0.009762369041281464,
    "train_acc": 0.9966831841432225,
    "test_loss": 1.3986413478851318,
    "test_acc": 0.8055
  },
  {
    "epoch": 115,
    "k": 54,
    "seed": 96,
    "train_loss": 0.0050336444715341705,
    "train_acc": 0.9985014386189258,
    "test_loss": 1.415939211845398,
    "test_acc": 0.8066
  },
  {
    "epoch": 116,
    "k": 54,
    "seed": 96,
    "train_loss": 0.008282270852999707,
    "train_acc": 0.9971387468030691,
    "test_loss": 1.5859934091567993,
    "test_acc": 0.789
  },
  {
    "epoch": 117,
    "k": 54,
    "seed": 96,
    "train_loss": 0.014177834483232293,
    "train_acc": 0.995164641943734,
    "test_loss": 1.486280918121338,
    "test_acc": 0.8002
  },
  {
    "epoch": 118,
    "k": 54,
    "seed": 96,
    "train_loss": 0.009346661232991705,
    "train_acc": 0.9967631074168798,
    "test_loss": 1.388401985168457,
    "test_acc": 0.8067
  },
  {
    "epoch": 119,
    "k": 54,
    "seed": 96,
    "train_loss": 0.005481734814666174,
    "train_acc": 0.9980019181585678,
    "test_loss": 1.4448269605636597,
    "test_acc": 0.8056
  },
  {
    "epoch": 120,
    "k": 54,
    "seed": 96,
    "train_loss": 0.006077369435817551,
    "train_acc": 0.9978700447570332,
    "test_loss": 1.494794487953186,
    "test_acc": 0.8045
  },
  {
    "epoch": 121,
    "k": 54,
    "seed": 96,
    "train_loss": 0.014017470177917895,
    "train_acc": 0.9954243925831202,
    "test_loss": 1.4709147214889526,
    "test_acc": 0.7931
  },
  {
    "epoch": 122,
    "k": 54,
    "seed": 96,
    "train_loss": 0.01379827425608312,
    "train_acc": 0.9956441815856778,
    "test_loss": 1.4410446882247925,
    "test_acc": 0.8001
  },
  {
    "epoch": 123,
    "k": 54,
    "seed": 96,
    "train_loss": 0.004159652268914643,
    "train_acc": 0.9986013427109974,
    "test_loss": 1.4393317699432373,
    "test_acc": 0.8054
  },
  {
    "epoch": 124,
    "k": 54,
    "seed": 96,
    "train_loss": 0.005807403766289157,
    "train_acc": 0.9980298913043478,
    "test_loss": 1.5318200588226318,
    "test_acc": 0.8024
  },
  {
    "epoch": 125,
    "k": 54,
    "seed": 96,
    "train_loss": 0.012563967199832656,
    "train_acc": 0.995843989769821,
    "test_loss": 1.5434081554412842,
    "test_acc": 0.7962
  },
  {
    "epoch": 126,
    "k": 54,
    "seed": 96,
    "train_loss": 0.005689005858359376,
    "train_acc": 0.9981617647058824,
    "test_loss": 1.436876893043518,
    "test_acc": 0.8099
  }
]